RecordedDate,profile_id,lang_x,WFC,age,gender,employment_status,industry,industry_other,local_migrant,migrate_alone_family,state_of_origin,has_benefit,wage_type_x,num_family_members,current_wage,answer_history,design_history,wage,alpha_logit_1.mean,alpha_logit_1.std,mu_logit_1.mean,mu_logit_1.std
8/7/24 8:04,9db402d6-e6d2-4c95-aed2-a943ad20476e,Hindi,Dahej,29,Male,,Construction,,migrant,alone,Madhya Pradesh,,Monthly,,15000,"['0', '1', '0', '1', '1', '1', '1', '1', '1', '0']","[{'design_a': 'No', 'design_b': 'Yes', 'wage_b': Decimal('10300'), 'wage_a': Decimal('17200')}, {'design_a': 'Yes', 'design_b': 'No', 'wage_b': Decimal('19800'), 'wage_a': Decimal('15100')}, {'design_a': 'Yes', 'design_b': 'No', 'wage_b': Decimal('22200'), 'wage_a': Decimal('19200')}, {'design_a': 'No', 'design_b': 'Yes', 'wage_b': Decimal('13000'), 'wage_a': Decimal('16800')}, {'design_a': 'Yes', 'design_b': 'No', 'wage_b': Decimal('21300'), 'wage_a': Decimal('16300')}, {'design_a': 'No', 'design_b': 'Yes', 'wage_b': Decimal('15100'), 'wage_a': Decimal('19600')}, {'design_a': 'Yes', 'design_b': 'No', 'wage_b': Decimal('17600'), 'wage_a': Decimal('12100')}, {'design_a': 'No', 'design_b': 'Yes', 'wage_b': Decimal('16900'), 'wage_a': Decimal('21400')}, {'design_a': 'Yes', 'design_b': 'No', 'wage_b': Decimal('21300'), 'wage_a': Decimal('16400')}, {'design_a': 'No', 'design_b': 'Yes', 'wage_b': Decimal('14500'), 'wage_a': Decimal('20100')}]",15000,0.262092693,0.173715769,5.18310831,2.877158756
8/7/24 8:24,8d72f2e7-6069-4e13-8afb-04163905880d,Hindi,Dahej,45,Male,,Garment,CHEMICAL,local,,,,Daily,,450,"['0', '0', '0', '0', '0', '1', '1', '0', '1', '1']","[{'design_a': 'No', 'design_b': 'Yes', 'wage_b': Decimal('250'), 'wage_a': Decimal('410')}, {'design_a': 'Yes', 'design_b': 'No', 'wage_b': Decimal('525'), 'wage_a': Decimal('420')}, {'design_a': 'No', 'design_b': 'Yes', 'wage_b': Decimal('275'), 'wage_a': Decimal('400')}, {'design_a': 'Yes', 'design_b': 'No', 'wage_b': Decimal('595'), 'wage_a': Decimal('425')}, {'design_a': 'No', 'design_b': 'Yes', 'wage_b': Decimal('375'), 'wage_a': Decimal('575')}, {'design_a': 'Yes', 'design_b': 'No', 'wage_b': Decimal('435'), 'wage_a': Decimal('305')}, {'design_a': 'Yes', 'design_b': 'No', 'wage_b': Decimal('420'), 'wage_a': Decimal('305')}, {'design_a': 'Yes', 'design_b': 'No', 'wage_b': Decimal('610'), 'wage_a': Decimal('560')}, {'design_a': 'Yes', 'design_b': 'No', 'wage_b': Decimal('490'), 'wage_a': Decimal('385')}, {'design_a': 'Yes', 'design_b': 'No', 'wage_b': Decimal('455'), 'wage_a': Decimal('360')}]",450,0.19986599,0.14005831,5.692413416,2.72358386
8/7/24 10:22,7d6b20d2-d452-404e-8a93-9448e846ce1e,Hindi,Dahej,28,Male,,Chemical,,migrant,alone,Bihar,,Monthly,,15000,"['1', '0', '0', '1', '1', '1', '1', '0', '0', '1']","[{'design_a': 'No', 'design_b': 'Yes', 'wage_b': Decimal('10100'), 'wage_a': Decimal('20000')}, {'design_a': 'No', 'design_b': 'Yes', 'wage_b': Decimal('8400'), 'wage_a': Decimal('17700')}, {'design_a': 'No', 'design_b': 'Yes', 'wage_b': Decimal('11700'), 'wage_a': Decimal('22400')}, {'design_a': 'No', 'design_b': 'Yes', 'wage_b': Decimal('10900'), 'wage_a': Decimal('17700')}, {'design_a': 'Yes', 'design_b': 'No', 'wage_b': Decimal('21000'), 'wage_a': Decimal('11500')}, {'design_a': 'No', 'design_b': 'Yes', 'wage_b': Decimal('10100'), 'wage_a': Decimal('16400')}, {'design_a': 'No', 'design_b': 'Yes', 'wage_b': Decimal('10000'), 'wage_a': Decimal('17700')}, {'design_a': 'No', 'design_b': 'Yes', 'wage_b': Decimal('8200'), 'wage_a': Decimal('18700')}, {'design_a': 'No', 'design_b': 'Yes', 'wage_b': Decimal('11200'), 'wage_a': Decimal('19500')}, {'design_a': 'Yes', 'design_b': 'No', 'wage_b': Decimal('21100'), 'wage_a': Decimal('12000')}]",15000,0.49616794,0.196296363,4.417810605,2.783409753
8/7/24 10:25,938544c4-96d1-43eb-bb64-b0a40b5a0539,Hindi,Dahej,27,Male,,Construction,,migrant,alone,West Bengal,,Monthly,,15000,"['1', '0', '0', '0', '0', '0', '0', '1', '1', '0']","[{'design_a': 'Yes', 'design_b': 'No', 'wage_b': Decimal('20200'), 'wage_a': Decimal('11000')}, {'design_a': 'No', 'design_b': 'Yes', 'wage_b': Decimal('13500'), 'wage_a': Decimal('19000')}, {'design_a': 'No', 'design_b': 'Yes', 'wage_b': Decimal('16100'), 'wage_a': Decimal('19700')}, {'design_a': 'Yes', 'design_b': 'No', 'wage_b': Decimal('13100'), 'wage_a': Decimal('11400')}, {'design_a': 'Yes', 'design_b': 'No', 'wage_b': Decimal('18700'), 'wage_a': Decimal('15700')}, {'design_a': 'No', 'design_b': 'Yes', 'wage_b': Decimal('12700'), 'wage_a': Decimal('17500')}, {'design_a': 'Yes', 'design_b': 'No', 'wage_b': Decimal('20900'), 'wage_a': Decimal('14900')}, {'design_a': 'Yes', 'design_b': 'No', 'wage_b': Decimal('10200'), 'wage_a': Decimal('8300')}, {'design_a': 'Yes', 'design_b': 'No', 'wage_b': Decimal('17000'), 'wage_a': Decimal('12900')}, {'design_a': 'No', 'design_b': 'Yes', 'wage_b': Decimal('13000'), 'wage_a': Decimal('15700')}]",15000,0.188934945,0.156178288,5.040256147,2.738308821
8/8/24 7:28,8507add0-802f-4923-a7b4-88e0fae0ae7c,English,Savli,20,Male,,Chemical,,local,,,,Monthly,,15000,"['0', '1', '0', '0', '1', '1', '0', '1', '0', '1']","[{'design_a': 'Yes', 'design_b': 'No', 'wage_b': Decimal('13200'), 'wage_a': Decimal('8000')}, {'design_a': 'Yes', 'design_b': 'No', 'wage_b': Decimal('21600'), 'wage_a': Decimal('10100')}, {'design_a': 'Yes', 'design_b': 'No', 'wage_b': Decimal('16200'), 'wage_a': Decimal('9900')}, {'design_a': 'No', 'design_b': 'Yes', 'wage_b': Decimal('10700'), 'wage_a': Decimal('20100')}, {'design_a': 'Yes', 'design_b': 'No', 'wage_b': Decimal('19000'), 'wage_a': Decimal('10800')}, {'design_a': 'Yes', 'design_b': 'No', 'wage_b': Decimal('19100'), 'wage_a': Decimal('11400')}, {'design_a': 'Yes', 'design_b': 'No', 'wage_b': Decimal('20300'), 'wage_a': Decimal('14200')}, {'design_a': 'No', 'design_b': 'Yes', 'wage_b': Decimal('13600'), 'wage_a': Decimal('17500')}, {'design_a': 'No', 'design_b': 'Yes', 'wage_b': Decimal('7500'), 'wage_a': Decimal('11300')}, {'design_a': 'Yes', 'design_b': 'No', 'wage_b': Decimal('19600'), 'wage_a': Decimal('11900')}]",15000,0.410872601,0.159152224,5.447352901,2.802724601
8/8/24 8:35,be7e0522-10b6-4295-bc10-3f49456d3810,Hindi,Bhosari,33,Male,,Automotive,,migrant,family,Maharashtra,,Monthly,,13000,"['0', '1', '0', '1', '0', '0', '1', '0', '0', '0']","[{'design_a': 'No', 'design_b': 'Yes', 'wage_b': Decimal('12600'), 'wage_a': Decimal('19500')}, {'design_a': 'No', 'design_b': 'Yes', 'wage_b': Decimal('12800'), 'wage_a': Decimal('17800')}, {'design_a': 'Yes', 'design_b': 'No', 'wage_b': Decimal('18000'), 'wage_a': Decimal('11800')}, {'design_a': 'Yes', 'design_b': 'No', 'wage_b': Decimal('19500'), 'wage_a': Decimal('11500')}, {'design_a': 'No', 'design_b': 'Yes', 'wage_b': Decimal('6800'), 'wage_a': Decimal('10200')}, {'design_a': 'No', 'design_b': 'Yes', 'wage_b': Decimal('7500'), 'wage_a': Decimal('11000')}, {'design_a': 'Yes', 'design_b': 'No', 'wage_b': Decimal('8900'), 'wage_a': Decimal('7700')}, {'design_a': 'No', 'design_b': 'Yes', 'wage_b': Decimal('12200'), 'wage_a': Decimal('14200')}, {'design_a': 'No', 'design_b': 'Yes', 'wage_b': Decimal('9600'), 'wage_a': Decimal('10700')}, {'design_a': 'Yes', 'design_b': 'No', 'wage_b': Decimal('12400'), 'wage_a': Decimal('11900')}]",13000,0.215781239,0.195181213,3.65550338,2.482060802
8/9/24 12:04,4f50ea56-e21d-4e5e-b10d-853534a0499e,Hindi,Vatva,29,Male,,Steel + Cement,,migrant,family,Madhya Pradesh,,Monthly,,20000,"['0', '1', '0', '0', '1', '1', '0', '1', '1', '1']","[{'design_a': 'No', 'design_b': 'Yes', 'wage_b': Decimal('15600'), 'wage_a': Decimal('26700')}, {'design_a': 'Yes', 'design_b': 'No', 'wage_b': Decimal('19700'), 'wage_a': Decimal('14100')}, {'design_a': 'Yes', 'design_b': 'No', 'wage_b': Decimal('29000'), 'wage_a': Decimal('24000')}, {'design_a': 'Yes', 'design_b': 'No', 'wage_b': Decimal('24100'), 'wage_a': Decimal('18600')}, {'design_a': 'No', 'design_b': 'Yes', 'wage_b': Decimal('20800'), 'wage_a': Decimal('28500')}, {'design_a': 'Yes', 'design_b': 'No', 'wage_b': Decimal('21900'), 'wage_a': Decimal('15100')}, {'design_a': 'No', 'design_b': 'Yes', 'wage_b': Decimal('17900'), 'wage_a': Decimal('26200')}, {'design_a': 'No', 'design_b': 'Yes', 'wage_b': Decimal('23500'), 'wage_a': Decimal('29500')}, {'design_a': 'No', 'design_b': 'Yes', 'wage_b': Decimal('20500'), 'wage_a': Decimal('27400')}, {'design_a': 'Yes', 'design_b': 'No', 'wage_b': Decimal('23300'), 'wage_a': Decimal('17400')}]",20000,0.352405462,0.17464354,5.173679456,2.904155839
8/11/24 5:02,f0c737c3-dd3d-4174-8831-1fa9650ae4a4,Hindi,Chakan,35,Male,,Construction,,migrant,family,Maharashtra,,Daily,,700,"['1', '0', '0', '1', '0', '0', '0', '1', '0', '0']","[{'design_a': 'Yes', 'design_b': 'No', 'wage_b': Decimal('725'), 'wage_a': Decimal('450')}, {'design_a': 'No', 'design_b': 'Yes', 'wage_b': Decimal('445'), 'wage_a': Decimal('625')}, {'design_a': 'Yes', 'design_b': 'No', 'wage_b': Decimal('930'), 'wage_a': Decimal('735')}, {'design_a': 'No', 'design_b': 'Yes', 'wage_b': Decimal('620'), 'wage_a': Decimal('970')}, {'design_a': 'No', 'design_b': 'Yes', 'wage_b': Decimal('485'), 'wage_a': Decimal('780')}, {'design_a': 'Yes', 'design_b': 'No', 'wage_b': Decimal('1015'), 'wage_a': Decimal('725')}, {'design_a': 'No', 'design_b': 'Yes', 'wage_b': Decimal('445'), 'wage_a': Decimal('675')}, {'design_a': 'Yes', 'design_b': 'No', 'wage_b': Decimal('715'), 'wage_a': Decimal('505')}, {'design_a': 'No', 'design_b': 'Yes', 'wage_b': Decimal('475'), 'wage_a': Decimal('645')}, {'design_a': 'No', 'design_b': 'Yes', 'wage_b': Decimal('530'), 'wage_a': Decimal('685')}]",700,0.252858079,0.179905614,4.296596806,2.722860321
8/11/24 5:03,94312f1c-ded3-4267-9174-dfb962a1a91b,Hindi,Chakan,28,Male,,Construction,,migrant,family,Maharashtra,,Daily,,600,"['1', '1', '1', '1', '0', '1', '1', '1', '0', '1']","[{'design_a': 'No', 'design_b': 'Yes', 'wage_b': Decimal('440'), 'wage_a': Decimal('690')}, {'design_a': 'No', 'design_b': 'Yes', 'wage_b': Decimal('395'), 'wage_a': Decimal('765')}, {'design_a': 'Yes', 'design_b': 'No', 'wage_b': Decimal('880'), 'wage_a': Decimal('395')}, {'design_a': 'Yes', 'design_b': 'No', 'wage_b': Decimal('700'), 'wage_a': Decimal('365')}, {'design_a': 'Yes', 'design_b': 'No', 'wage_b': Decimal('730'), 'wage_a': Decimal('405')}, {'design_a': 'No', 'design_b': 'Yes', 'wage_b': Decimal('355'), 'wage_a': Decimal('765')}, {'design_a': 'No', 'design_b': 'Yes', 'wage_b': Decimal('405'), 'wage_a': Decimal('835')}, {'design_a': 'No', 'design_b': 'Yes', 'wage_b': Decimal('385'), 'wage_a': Decimal('900')}, {'design_a': 'Yes', 'design_b': 'No', 'wage_b': Decimal('740'), 'wage_a': Decimal('305')}, {'design_a': 'No', 'design_b': 'Yes', 'wage_b': Decimal('350'), 'wage_a': Decimal('705')}]",600,0.846291114,0.151405127,5.108740141,2.720963962
8/11/24 5:09,4ac49bcf-c65b-46ce-b734-12110a55df72,Hindi,Chakan,46,Male,,Construction,,migrant,family,Maharashtra,,Daily,,1000,"['0', '1', '0', '1', '1', '1', '0', '0', '0', '0']","[{'design_a': 'Yes', 'design_b': 'No', 'wage_b': Decimal('1360'), 'wage_a': Decimal('835')}, {'design_a': 'No', 'design_b': 'Yes', 'wage_b': Decimal('640'), 'wage_a': Decimal('1320')}, {'design_a': 'Yes', 'design_b': 'No', 'wage_b': Decimal('1195'), 'wage_a': Decimal('525')}, {'design_a': 'No', 'design_b': 'Yes', 'wage_b': Decimal('575'), 'wage_a': Decimal('1365')}, {'design_a': 'No', 'design_b': 'Yes', 'wage_b': Decimal('510'), 'wage_a': Decimal('1190')}, {'design_a': 'No', 'design_b': 'Yes', 'wage_b': Decimal('730'), 'wage_a': Decimal('1300')}, {'design_a': 'Yes', 'design_b': 'No', 'wage_b': Decimal('1495'), 'wage_a': Decimal('595')}, {'design_a': 'No', 'design_b': 'Yes', 'wage_b': Decimal('500'), 'wage_a': Decimal('1325')}, {'design_a': 'Yes', 'design_b': 'No', 'wage_b': Decimal('810'), 'wage_a': Decimal('500')}, {'design_a': 'No', 'design_b': 'Yes', 'wage_b': Decimal('520'), 'wage_a': Decimal('1340')}]",1000,0.9020852,0.096157696,6.703826755,2.415740463
8/11/24 5:13,da3add79-80e2-4ddb-a346-240419ee8e4e,English,Chakan,45,Male,,Construction,,migrant,family,Maharashtra,,Daily,,1200,"['0', '0', '1', '0', '0', '1', '1', '0', '1', '1']","[{'design_a': 'Yes', 'design_b': 'No', 'wage_b': Decimal('1660'), 'wage_a': Decimal('1060')}, {'design_a': 'Yes', 'design_b': 'No', 'wage_b': Decimal('1765'), 'wage_a': Decimal('1180')}, {'design_a': 'Yes', 'design_b': 'No', 'wage_b': Decimal('1705'), 'wage_a': Decimal('730')}, {'design_a': 'No', 'design_b': 'Yes', 'wage_b': Decimal('845'), 'wage_a': Decimal('1760')}, {'design_a': 'No', 'design_b': 'Yes', 'wage_b': Decimal('655'), 'wage_a': Decimal('1140')}, {'design_a': 'Yes', 'design_b': 'No', 'wage_b': Decimal('990'), 'wage_a': Decimal('600')}, {'design_a': 'Yes', 'design_b': 'No', 'wage_b': Decimal('1115'), 'wage_a': Decimal('805')}, {'design_a': 'No', 'design_b': 'Yes', 'wage_b': Decimal('915'), 'wage_a': Decimal('1425')}, {'design_a': 'Yes', 'design_b': 'No', 'wage_b': Decimal('860'), 'wage_a': Decimal('680')}, {'design_a': 'Yes', 'design_b': 'No', 'wage_b': Decimal('1040'), 'wage_a': Decimal('810')}]",1200,0.221070155,0.152861566,4.608781128,2.500980869
8/11/24 5:19,acb355f5-88cf-460c-8586-d99fc9414022,Hindi,Chakan,39,Male,,Construction,,migrant,family,Maharashtra,,Daily,,1500,"['0', '0', '0', '0', '1', '1', '0', '1', '1', '0']","[{'design_a': 'Yes', 'design_b': 'No', 'wage_b': Decimal('1375'), 'wage_a': Decimal('795')}, {'design_a': 'Yes', 'design_b': 'No', 'wage_b': Decimal('1860'), 'wage_a': Decimal('1050')}, {'design_a': 'Yes', 'design_b': 'No', 'wage_b': Decimal('1715'), 'wage_a': Decimal('800')}, {'design_a': 'No', 'design_b': 'Yes', 'wage_b': Decimal('840'), 'wage_a': Decimal('1850')}, {'design_a': 'Yes', 'design_b': 'No', 'wage_b': Decimal('2165'), 'wage_a': Decimal('990')}, {'design_a': 'No', 'design_b': 'Yes', 'wage_b': Decimal('960'), 'wage_a': Decimal('1695')}, {'design_a': 'Yes', 'design_b': 'No', 'wage_b': Decimal('2025'), 'wage_a': Decimal('840')}, {'design_a': 'Yes', 'design_b': 'No', 'wage_b': Decimal('2020'), 'wage_a': Decimal('825')}, {'design_a': 'No', 'design_b': 'Yes', 'wage_b': Decimal('1110'), 'wage_a': Decimal('2120')}, {'design_a': 'Yes', 'design_b': 'No', 'wage_b': Decimal('2125'), 'wage_a': Decimal('1110')}]",1500,0.814848241,0.133099259,6.018435247,2.703847959
8/11/24 5:21,f1bc2346-f234-40f1-a073-f27c37d2f28b,English,Chakan,47,Male,,Construction,,migrant,alone,Uttar Pradesh,,Daily,,1300,"['0', '0', '1', '1', '0', '1', '1', '1', '0', '1']","[{'design_a': 'No', 'design_b': 'Yes', 'wage_b': Decimal('1100'), 'wage_a': Decimal('1660')}, {'design_a': 'No', 'design_b': 'Yes', 'wage_b': Decimal('815'), 'wage_a': Decimal('1095')}, {'design_a': 'Yes', 'design_b': 'No', 'wage_b': Decimal('1090'), 'wage_a': Decimal('1000')}, {'design_a': 'Yes', 'design_b': 'No', 'wage_b': Decimal('920'), 'wage_a': Decimal('810')}, {'design_a': 'No', 'design_b': 'Yes', 'wage_b': Decimal('690'), 'wage_a': Decimal('790')}, {'design_a': 'No', 'design_b': 'Yes', 'wage_b': Decimal('1600'), 'wage_a': Decimal('1905')}, {'design_a': 'Yes', 'design_b': 'No', 'wage_b': Decimal('1635'), 'wage_a': Decimal('1390')}, {'design_a': 'Yes', 'design_b': 'No', 'wage_b': Decimal('985'), 'wage_a': Decimal('700')}, {'design_a': 'No', 'design_b': 'Yes', 'wage_b': Decimal('1565'), 'wage_a': Decimal('1640')}, {'design_a': 'Yes', 'design_b': 'No', 'wage_b': Decimal('665'), 'wage_a': Decimal('650')}]",1300,0.094400941,0.133024562,5.599523865,2.86325639
8/11/24 5:25,d9eba629-f20b-4397-9f43-1fb82a1ab68a,Hindi,Chakan,52,Male,,Construction,,migrant,family,Maharashtra,,Daily,,1000,"['0', '1', '0', '1', '0', '1', '0', '0', '0', '0']","[{'design_a': 'Yes', 'design_b': 'No', 'wage_b': Decimal('1270'), 'wage_a': Decimal('765')}, {'design_a': 'No', 'design_b': 'Yes', 'wage_b': Decimal('625'), 'wage_a': Decimal('1285')}, {'design_a': 'Yes', 'design_b': 'No', 'wage_b': Decimal('1375'), 'wage_a': Decimal('615')}, {'design_a': 'No', 'design_b': 'Yes', 'wage_b': Decimal('645'), 'wage_a': Decimal('1300')}, {'design_a': 'Yes', 'design_b': 'No', 'wage_b': Decimal('1320'), 'wage_a': Decimal('800')}, {'design_a': 'No', 'design_b': 'Yes', 'wage_b': Decimal('585'), 'wage_a': Decimal('1360')}, {'design_a': 'Yes', 'design_b': 'No', 'wage_b': Decimal('1395'), 'wage_a': Decimal('605')}, {'design_a': 'No', 'design_b': 'Yes', 'wage_b': Decimal('535'), 'wage_a': Decimal('1190')}, {'design_a': 'No', 'design_b': 'Yes', 'wage_b': Decimal('700'), 'wage_a': Decimal('1400')}, {'design_a': 'Yes', 'design_b': 'No', 'wage_b': Decimal('1445'), 'wage_a': Decimal('685')}]",1000,0.856348134,0.139077513,5.629848078,2.765620187
8/11/24 5:34,a518e48d-faa0-4de6-ab89-4e0e3d4c6f52,Hindi,Chakan,37,Male,,Construction,,migrant,family,Maharashtra,,Daily,,550,"['0', '0', '1', '0', '1', '0', '1', '1', '0', '0']","[{'design_a': 'Yes', 'design_b': 'No', 'wage_b': Decimal('540'), 'wage_a': Decimal('345')}, {'design_a': 'No', 'design_b': 'Yes', 'wage_b': Decimal('410'), 'wage_a': Decimal('800')}, {'design_a': 'Yes', 'design_b': 'No', 'wage_b': Decimal('710'), 'wage_a': Decimal('425')}, {'design_a': 'Yes', 'design_b': 'No', 'wage_b': Decimal('735'), 'wage_a': Decimal('490')}, {'design_a': 'No', 'design_b': 'Yes', 'wage_b': Decimal('480'), 'wage_a': Decimal('780')}, {'design_a': 'Yes', 'design_b': 'No', 'wage_b': Decimal('770'), 'wage_a': Decimal('505')}, {'design_a': 'Yes', 'design_b': 'No', 'wage_b': Decimal('815'), 'wage_a': Decimal('465')}, {'design_a': 'Yes', 'design_b': 'No', 'wage_b': Decimal('800'), 'wage_a': Decimal('415')}, {'design_a': 'No', 'design_b': 'Yes', 'wage_b': Decimal('360'), 'wage_a': Decimal('770')}, {'design_a': 'No', 'design_b': 'Yes', 'wage_b': Decimal('360'), 'wage_a': Decimal('635')}]",550,0.463233945,0.152196357,5.977564743,2.752075214
8/11/24 5:38,d4673e0b-5d0d-46fc-b1ad-fb22c239a1ce,English,Chakan,31,Male,,Construction,,migrant,family,Uttar Pradesh,,Daily,,700,"['0', '1', '0', '1', '1', '0', '0', '0', '0', '1']","[{'design_a': 'No', 'design_b': 'Yes', 'wage_b': Decimal('435'), 'wage_a': Decimal('705')}, {'design_a': 'Yes', 'design_b': 'No', 'wage_b': Decimal('1020'), 'wage_a': Decimal('785')}, {'design_a': 'No', 'design_b': 'Yes', 'wage_b': Decimal('745'), 'wage_a': Decimal('910')}, {'design_a': 'Yes', 'design_b': 'No', 'wage_b': Decimal('835'), 'wage_a': Decimal('800')}, {'design_a': 'Yes', 'design_b': 'No', 'wage_b': Decimal('425'), 'wage_a': Decimal('390')}, {'design_a': 'No', 'design_b': 'Yes', 'wage_b': Decimal('575'), 'wage_a': Decimal('585')}, {'design_a': 'No', 'design_b': 'Yes', 'wage_b': Decimal('715'), 'wage_a': Decimal('1030')}, {'design_a': 'Yes', 'design_b': 'No', 'wage_b': Decimal('740'), 'wage_a': Decimal('730')}, {'design_a': 'Yes', 'design_b': 'No', 'wage_b': Decimal('765'), 'wage_a': Decimal('715')}, {'design_a': 'Yes', 'design_b': 'No', 'wage_b': Decimal('680'), 'wage_a': Decimal('625')}]",700,0.097384581,0.128903089,5.933931991,2.820356655
8/11/24 5:45,dc125e0a-ff57-4565-b6ac-fef6f43290af,Hindi,Chakan,23,Male,,Construction,,migrant,family,Maharashtra,,Daily,,700,"['0', '0', '0', '0', '1', '0', '0', '0', '0', '0']","[{'design_a': 'Yes', 'design_b': 'No', 'wage_b': Decimal('710'), 'wage_a': Decimal('425')}, {'design_a': 'Yes', 'design_b': 'No', 'wage_b': Decimal('685'), 'wage_a': Decimal('400')}, {'design_a': 'Yes', 'design_b': 'No', 'wage_b': Decimal('920'), 'wage_a': Decimal('695')}, {'design_a': 'Yes', 'design_b': 'No', 'wage_b': Decimal('985'), 'wage_a': Decimal('405')}, {'design_a': 'No', 'design_b': 'Yes', 'wage_b': Decimal('395'), 'wage_a': Decimal('950')}, {'design_a': 'Yes', 'design_b': 'No', 'wage_b': Decimal('1035'), 'wage_a': Decimal('455')}, {'design_a': 'Yes', 'design_b': 'No', 'wage_b': Decimal('1050'), 'wage_a': Decimal('410')}, {'design_a': 'Yes', 'design_b': 'No', 'wage_b': Decimal('895'), 'wage_a': Decimal('495')}, {'design_a': 'Yes', 'design_b': 'No', 'wage_b': Decimal('915'), 'wage_a': Decimal('390')}, {'design_a': 'Yes', 'design_b': 'No', 'wage_b': Decimal('1040'), 'wage_a': Decimal('395')}]",700,0.946149404,0.070893916,6.853885843,2.275509813
8/11/24 5:46,0ec872a7-9c80-445d-ae83-3e2a4861837c,English,Chakan,59,Male,,Chemical,,migrant,alone,Maharashtra,,Daily,,600,"['0', '1', '1', '0', '0', '0', '0', '1', '0', '1']","[{'design_a': 'No', 'design_b': 'Yes', 'wage_b': Decimal('500'), 'wage_a': Decimal('785')}, {'design_a': 'Yes', 'design_b': 'No', 'wage_b': Decimal('545'), 'wage_a': Decimal('465')}, {'design_a': 'Yes', 'design_b': 'No', 'wage_b': Decimal('870'), 'wage_a': Decimal('750')}, {'design_a': 'Yes', 'design_b': 'No', 'wage_b': Decimal('810'), 'wage_a': Decimal('740')}, {'design_a': 'No', 'design_b': 'Yes', 'wage_b': Decimal('740'), 'wage_a': Decimal('845')}, {'design_a': 'No', 'design_b': 'Yes', 'wage_b': Decimal('520'), 'wage_a': Decimal('620')}, {'design_a': 'No', 'design_b': 'Yes', 'wage_b': Decimal('750'), 'wage_a': Decimal('815')}, {'design_a': 'Yes', 'design_b': 'No', 'wage_b': Decimal('835'), 'wage_a': Decimal('775')}, {'design_a': 'No', 'design_b': 'Yes', 'wage_b': Decimal('805'), 'wage_a': Decimal('840')}, {'design_a': 'Yes', 'design_b': 'No', 'wage_b': Decimal('810'), 'wage_a': Decimal('790')}]",600,0.093110775,0.144362744,5.618473492,3.009731564
8/11/24 5:53,5eef5c00-41ff-49cd-8931-cb74dd75f641,English,Chakan,40,Male,,Construction,,migrant,alone,Maharashtra,,Daily,,600,"['0', '0', '1', '0', '1', '0', '0', '0', '0', '1']","[{'design_a': 'Yes', 'design_b': 'No', 'wage_b': Decimal('595'), 'wage_a': Decimal('385')}, {'design_a': 'Yes', 'design_b': 'No', 'wage_b': Decimal('640'), 'wage_a': Decimal('345')}, {'design_a': 'No', 'design_b': 'Yes', 'wage_b': Decimal('355'), 'wage_a': Decimal('790')}, {'design_a': 'Yes', 'design_b': 'No', 'wage_b': Decimal('865'), 'wage_a': Decimal('505')}, {'design_a': 'No', 'design_b': 'Yes', 'wage_b': Decimal('475'), 'wage_a': Decimal('725')}, {'design_a': 'Yes', 'design_b': 'No', 'wage_b': Decimal('820'), 'wage_a': Decimal('315')}, {'design_a': 'Yes', 'design_b': 'No', 'wage_b': Decimal('830'), 'wage_a': Decimal('400')}, {'design_a': 'Yes', 'design_b': 'No', 'wage_b': Decimal('715'), 'wage_a': Decimal('310')}, {'design_a': 'Yes', 'design_b': 'No', 'wage_b': Decimal('740'), 'wage_a': Decimal('415')}, {'design_a': 'No', 'design_b': 'Yes', 'wage_b': Decimal('390'), 'wage_a': Decimal('680')}]",600,0.932153853,0.064835587,7.134647465,2.055827029
8/11/24 5:53,596133ae-6d2d-406d-a900-7773f05629ef,Hindi,Chakan,32,Male,,Construction,,migrant,family,Maharashtra,,Daily,,600,"['0', '0', '0', '0', '1', '1', '0', '0', '0', '0']","[{'design_a': 'Yes', 'design_b': 'No', 'wage_b': Decimal('575'), 'wage_a': Decimal('360')}, {'design_a': 'Yes', 'design_b': 'No', 'wage_b': Decimal('780'), 'wage_a': Decimal('395')}, {'design_a': 'No', 'design_b': 'Yes', 'wage_b': Decimal('410'), 'wage_a': Decimal('840')}, {'design_a': 'Yes', 'design_b': 'No', 'wage_b': Decimal('545'), 'wage_a': Decimal('375')}, {'design_a': 'No', 'design_b': 'Yes', 'wage_b': Decimal('310'), 'wage_a': Decimal('645')}, {'design_a': 'No', 'design_b': 'Yes', 'wage_b': Decimal('380'), 'wage_a': Decimal('680')}, {'design_a': 'Yes', 'design_b': 'No', 'wage_b': Decimal('820'), 'wage_a': Decimal('380')}, {'design_a': 'No', 'design_b': 'Yes', 'wage_b': Decimal('385'), 'wage_a': Decimal('685')}, {'design_a': 'No', 'design_b': 'Yes', 'wage_b': Decimal('305'), 'wage_a': Decimal('695')}, {'design_a': 'Yes', 'design_b': 'No', 'wage_b': Decimal('685'), 'wage_a': Decimal('335')}]",600,0.764042933,0.166777952,4.707483093,2.719751812
8/11/24 6:00,2d83820f-544d-4613-8131-ae8ae27d7251,Hindi,Chakan,30,Male,,Garment,Draver ,local,,,,Daily,,700,"['0', '1', '0', '0', '1', '1', '1', '1', '1', '1']","[{'design_a': 'No', 'design_b': 'Yes', 'wage_b': Decimal('595'), 'wage_a': Decimal('970')}, {'design_a': 'Yes', 'design_b': 'No', 'wage_b': Decimal('590'), 'wage_a': Decimal('395')}, {'design_a': 'No', 'design_b': 'Yes', 'wage_b': Decimal('460'), 'wage_a': Decimal('595')}, {'design_a': 'Yes', 'design_b': 'No', 'wage_b': Decimal('685'), 'wage_a': Decimal('585')}, {'design_a': 'No', 'design_b': 'Yes', 'wage_b': Decimal('575'), 'wage_a': Decimal('745')}, {'design_a': 'No', 'design_b': 'Yes', 'wage_b': Decimal('480'), 'wage_a': Decimal('670')}, {'design_a': 'Yes', 'design_b': 'No', 'wage_b': Decimal('925'), 'wage_a': Decimal('640')}, {'design_a': 'No', 'design_b': 'Yes', 'wage_b': Decimal('640'), 'wage_a': Decimal('835')}, {'design_a': 'Yes', 'design_b': 'No', 'wage_b': Decimal('800'), 'wage_a': Decimal('565')}, {'design_a': 'No', 'design_b': 'Yes', 'wage_b': Decimal('510'), 'wage_a': Decimal('690')}]",700,0.352020402,0.183855596,4.917099858,2.970635069
8/11/24 6:07,051b3ef3-24c8-4563-9b1a-e66304611784,English,Chakan,21,Male,,Construction,,migrant,alone,Madhya Pradesh,,Daily,,700,"['0', '0', '1', '0', '1', '1', '1', '1', '1', '0']","[{'design_a': 'No', 'design_b': 'Yes', 'wage_b': Decimal('615'), 'wage_a': Decimal('1040')}, {'design_a': 'No', 'design_b': 'Yes', 'wage_b': Decimal('750'), 'wage_a': Decimal('1015')}, {'design_a': 'Yes', 'design_b': 'No', 'wage_b': Decimal('685'), 'wage_a': Decimal('555')}, {'design_a': 'No', 'design_b': 'Yes', 'wage_b': Decimal('360'), 'wage_a': Decimal('440')}, {'design_a': 'Yes', 'design_b': 'No', 'wage_b': Decimal('1020'), 'wage_a': Decimal('920')}, {'design_a': 'Yes', 'design_b': 'No', 'wage_b': Decimal('665'), 'wage_a': Decimal('640')}, {'design_a': 'Yes', 'design_b': 'No', 'wage_b': Decimal('855'), 'wage_a': Decimal('685')}, {'design_a': 'Yes', 'design_b': 'No', 'wage_b': Decimal('980'), 'wage_a': Decimal('965')}, {'design_a': 'Yes', 'design_b': 'No', 'wage_b': Decimal('635'), 'wage_a': Decimal('580')}, {'design_a': 'No', 'design_b': 'Yes', 'wage_b': Decimal('810'), 'wage_a': Decimal('895')}]",700,0.060695942,0.095021086,6.740809819,2.587572227
8/11/24 6:08,cbaba3d0-857b-412f-bb46-2c7cd53548ba,Hindi,Chakan,29,Male,,Construction,,migrant,alone,Maharashtra,,Daily,,700,"['0', '0', '1', '1', '1', '1', '1', '1', '1', '1']","[{'design_a': 'No', 'design_b': 'Yes', 'wage_b': Decimal('445'), 'wage_a': Decimal('765')}, {'design_a': 'No', 'design_b': 'Yes', 'wage_b': Decimal('660'), 'wage_a': Decimal('905')}, {'design_a': 'No', 'design_b': 'Yes', 'wage_b': Decimal('435'), 'wage_a': Decimal('490')}, {'design_a': 'No', 'design_b': 'Yes', 'wage_b': Decimal('500'), 'wage_a': Decimal('645')}, {'design_a': 'No', 'design_b': 'Yes', 'wage_b': Decimal('725'), 'wage_a': Decimal('980')}, {'design_a': 'No', 'design_b': 'Yes', 'wage_b': Decimal('535'), 'wage_a': Decimal('830')}, {'design_a': 'Yes', 'design_b': 'No', 'wage_b': Decimal('795'), 'wage_a': Decimal('440')}, {'design_a': 'No', 'design_b': 'Yes', 'wage_b': Decimal('475'), 'wage_a': Decimal('730')}, {'design_a': 'Yes', 'design_b': 'No', 'wage_b': Decimal('805'), 'wage_a': Decimal('410')}, {'design_a': 'Yes', 'design_b': 'No', 'wage_b': Decimal('800'), 'wage_a': Decimal('465')}]",700,0.427459563,0.157858703,5.661036896,2.700820463
8/11/24 6:11,ca415c8f-cd1f-4914-895d-7fcbd749a4f6,English,Chakan,27,Male,,Construction,,local,,,,Daily,,600,"['0', '1', '1', '0', '1', '1', '0', '0', '0', '0']","[{'design_a': 'Yes', 'design_b': 'No', 'wage_b': Decimal('710'), 'wage_a': Decimal('440')}, {'design_a': 'No', 'design_b': 'Yes', 'wage_b': Decimal('425'), 'wage_a': Decimal('700')}, {'design_a': 'No', 'design_b': 'Yes', 'wage_b': Decimal('410'), 'wage_a': Decimal('830')}, {'design_a': 'Yes', 'design_b': 'No', 'wage_b': Decimal('820'), 'wage_a': Decimal('685')}, {'design_a': 'No', 'design_b': 'Yes', 'wage_b': Decimal('405'), 'wage_a': Decimal('740')}, {'design_a': 'No', 'design_b': 'Yes', 'wage_b': Decimal('385'), 'wage_a': Decimal('860')}, {'design_a': 'Yes', 'design_b': 'No', 'wage_b': Decimal('830'), 'wage_a': Decimal('355')}, {'design_a': 'Yes', 'design_b': 'No', 'wage_b': Decimal('535'), 'wage_a': Decimal('300')}, {'design_a': 'Yes', 'design_b': 'No', 'wage_b': Decimal('890'), 'wage_a': Decimal('350')}, {'design_a': 'Yes', 'design_b': 'No', 'wage_b': Decimal('825'), 'wage_a': Decimal('365')}]",600,0.935636011,0.060409207,7.154581784,2.070884216
8/11/24 6:19,4c630002-a194-4760-8cda-4ba9575e25f6,English,Chakan,35,Male,,Construction,,migrant,family,Maharashtra,,Daily,,700,"['1', '1', '1', '0', '1', '1', '0', '0', '0', '1']","[{'design_a': 'Yes', 'design_b': 'No', 'wage_b': Decimal('650'), 'wage_a': Decimal('390')}, {'design_a': 'Yes', 'design_b': 'No', 'wage_b': Decimal('1040'), 'wage_a': Decimal('725')}, {'design_a': 'Yes', 'design_b': 'No', 'wage_b': Decimal('920'), 'wage_a': Decimal('745')}, {'design_a': 'No', 'design_b': 'Yes', 'wage_b': Decimal('495'), 'wage_a': Decimal('640')}, {'design_a': 'Yes', 'design_b': 'No', 'wage_b': Decimal('600'), 'wage_a': Decimal('530')}, {'design_a': 'Yes', 'design_b': 'No', 'wage_b': Decimal('1005'), 'wage_a': Decimal('850')}, {'design_a': 'No', 'design_b': 'Yes', 'wage_b': Decimal('505'), 'wage_a': Decimal('555')}, {'design_a': 'No', 'design_b': 'Yes', 'wage_b': Decimal('710'), 'wage_a': Decimal('905')}, {'design_a': 'No', 'design_b': 'Yes', 'wage_b': Decimal('480'), 'wage_a': Decimal('530')}, {'design_a': 'Yes', 'design_b': 'No', 'wage_b': Decimal('395'), 'wage_a': Decimal('380')}]",700,0.054433072,0.080799312,7.007703009,2.412517042
8/11/24 6:19,d37c161d-b9a0-40e0-b476-65e9e2e44cd9,English,Chakan,27,Male,,Construction,,local,,,,Daily,,500,"['0', '0', '0', '1', '1', '1', '1', '0', '0', '1']","[{'design_a': 'Yes', 'design_b': 'No', 'wage_b': Decimal('725'), 'wage_a': Decimal('480')}, {'design_a': 'Yes', 'design_b': 'No', 'wage_b': Decimal('530'), 'wage_a': Decimal('270')}, {'design_a': 'Yes', 'design_b': 'No', 'wage_b': Decimal('560'), 'wage_a': Decimal('300')}, {'design_a': 'No', 'design_b': 'Yes', 'wage_b': Decimal('280'), 'wage_a': Decimal('735')}, {'design_a': 'No', 'design_b': 'Yes', 'wage_b': Decimal('335'), 'wage_a': Decimal('690')}, {'design_a': 'No', 'design_b': 'Yes', 'wage_b': Decimal('285'), 'wage_a': Decimal('640')}, {'design_a': 'No', 'design_b': 'Yes', 'wage_b': Decimal('325'), 'wage_a': Decimal('605')}, {'design_a': 'Yes', 'design_b': 'No', 'wage_b': Decimal('735'), 'wage_a': Decimal('275')}, {'design_a': 'Yes', 'design_b': 'No', 'wage_b': Decimal('615'), 'wage_a': Decimal('250')}, {'design_a': 'No', 'design_b': 'Yes', 'wage_b': Decimal('330'), 'wage_a': Decimal('640')}]",500,0.936634376,0.072025184,6.946012838,2.305184076
8/11/24 6:22,7d7f4287-3319-43f1-9e23-31d673adf132,Hindi,Chakan,25,Male,,Construction,,migrant,alone,Maharashtra,,Daily,,600,"['0', '1', '0', '1', '0', '1', '0', '1', '0', '0']","[{'design_a': 'Yes', 'design_b': 'No', 'wage_b': Decimal('560'), 'wage_a': Decimal('385')}, {'design_a': 'Yes', 'design_b': 'No', 'wage_b': Decimal('705'), 'wage_a': Decimal('385')}, {'design_a': 'Yes', 'design_b': 'No', 'wage_b': Decimal('685'), 'wage_a': Decimal('420')}, {'design_a': 'Yes', 'design_b': 'No', 'wage_b': Decimal('655'), 'wage_a': Decimal('350')}, {'design_a': 'Yes', 'design_b': 'No', 'wage_b': Decimal('635'), 'wage_a': Decimal('405')}, {'design_a': 'Yes', 'design_b': 'No', 'wage_b': Decimal('730'), 'wage_a': Decimal('385')}, {'design_a': 'Yes', 'design_b': 'No', 'wage_b': Decimal('840'), 'wage_a': Decimal('485')}, {'design_a': 'Yes', 'design_b': 'No', 'wage_b': Decimal('785'), 'wage_a': Decimal('470')}, {'design_a': 'Yes', 'design_b': 'No', 'wage_b': Decimal('855'), 'wage_a': Decimal('585')}, {'design_a': 'No', 'design_b': 'Yes', 'wage_b': Decimal('480'), 'wage_a': Decimal('855')}]",600,0.520847016,0.161668202,5.559246413,2.865411001
8/11/24 6:23,7a579bf7-044a-41c2-941e-036fe10c5de2,English,Chakan,36,Male,,Construction,,migrant,alone,Madhya Pradesh,,Daily,,700,"['1', '0', '1', '0', '1', '0', '0', '1', '0', '1']","[{'design_a': 'No', 'design_b': 'Yes', 'wage_b': Decimal('460'), 'wage_a': Decimal('740')}, {'design_a': 'Yes', 'design_b': 'No', 'wage_b': Decimal('915'), 'wage_a': Decimal('355')}, {'design_a': 'No', 'design_b': 'Yes', 'wage_b': Decimal('610'), 'wage_a': Decimal('995')}, {'design_a': 'Yes', 'design_b': 'No', 'wage_b': Decimal('840'), 'wage_a': Decimal('450')}, {'design_a': 'No', 'design_b': 'Yes', 'wage_b': Decimal('400'), 'wage_a': Decimal('755')}, {'design_a': 'Yes', 'design_b': 'No', 'wage_b': Decimal('960'), 'wage_a': Decimal('370')}, {'design_a': 'Yes', 'design_b': 'No', 'wage_b': Decimal('1035'), 'wage_a': Decimal('410')}, {'design_a': 'No', 'design_b': 'Yes', 'wage_b': Decimal('390'), 'wage_a': Decimal('960')}, {'design_a': 'Yes', 'design_b': 'No', 'wage_b': Decimal('1010'), 'wage_a': Decimal('550')}, {'design_a': 'No', 'design_b': 'Yes', 'wage_b': Decimal('360'), 'wage_a': Decimal('945')}]",700,0.936841259,0.086474009,6.520571053,2.454672747
8/11/24 6:28,9dcc072b-2681-4810-86b5-32a1a5f17604,Hindi,Chakan,25,Male,,Construction,,migrant,family,Maharashtra,,Daily,,700,"['1', '1', '1', '0', '0', '0', '0', '1', '1', '0']","[{'design_a': 'No', 'design_b': 'Yes', 'wage_b': Decimal('485'), 'wage_a': Decimal('935')}, {'design_a': 'No', 'design_b': 'Yes', 'wage_b': Decimal('395'), 'wage_a': Decimal('895')}, {'design_a': 'No', 'design_b': 'Yes', 'wage_b': Decimal('450'), 'wage_a': Decimal('870')}, {'design_a': 'Yes', 'design_b': 'No', 'wage_b': Decimal('945'), 'wage_a': Decimal('430')}, {'design_a': 'Yes', 'design_b': 'No', 'wage_b': Decimal('845'), 'wage_a': Decimal('370')}, {'design_a': 'No', 'design_b': 'Yes', 'wage_b': Decimal('350'), 'wage_a': Decimal('915')}, {'design_a': 'Yes', 'design_b': 'No', 'wage_b': Decimal('675'), 'wage_a': Decimal('370')}, {'design_a': 'No', 'design_b': 'Yes', 'wage_b': Decimal('585'), 'wage_a': Decimal('1025')}, {'design_a': 'No', 'design_b': 'Yes', 'wage_b': Decimal('485'), 'wage_a': Decimal('1015')}, {'design_a': 'Yes', 'design_b': 'No', 'wage_b': Decimal('990'), 'wage_a': Decimal('440')}]",700,0.921578154,0.080559848,7.332815351,2.125520281
8/11/24 6:29,ba676220-9bc5-4fce-8e8d-927c834388e4,English,Chakan,21,Male,,Construction,,migrant,alone,Maharashtra,,Daily,,600,"['1', '0', '1', '1', '1', '0', '0', '1', '1', '1']","[{'design_a': 'Yes', 'design_b': 'No', 'wage_b': Decimal('510'), 'wage_a': Decimal('310')}, {'design_a': 'Yes', 'design_b': 'No', 'wage_b': Decimal('545'), 'wage_a': Decimal('425')}, {'design_a': 'No', 'design_b': 'Yes', 'wage_b': Decimal('380'), 'wage_a': Decimal('605')}, {'design_a': 'Yes', 'design_b': 'No', 'wage_b': Decimal('530'), 'wage_a': Decimal('315')}, {'design_a': 'Yes', 'design_b': 'No', 'wage_b': Decimal('710'), 'wage_a': Decimal('350')}, {'design_a': 'No', 'design_b': 'Yes', 'wage_b': Decimal('530'), 'wage_a': Decimal('825')}, {'design_a': 'No', 'design_b': 'Yes', 'wage_b': Decimal('605'), 'wage_a': Decimal('845')}, {'design_a': 'Yes', 'design_b': 'No', 'wage_b': Decimal('700'), 'wage_a': Decimal('510')}, {'design_a': 'Yes', 'design_b': 'No', 'wage_b': Decimal('630'), 'wage_a': Decimal('495')}, {'design_a': 'Yes', 'design_b': 'No', 'wage_b': Decimal('520'), 'wage_a': Decimal('435')}]",600,0.183402665,0.143448919,4.899562776,2.536524161
8/11/24 6:33,31c4daab-e367-4e78-821e-42618d58e176,English,Chakan,39,Male,,Construction,,local,,,,Daily,,700,"['0', '1', '0', '1', '1', '1', '0', '1', '0', '0']","[{'design_a': 'No', 'design_b': 'Yes', 'wage_b': Decimal('600'), 'wage_a': Decimal('1015')}, {'design_a': 'No', 'design_b': 'Yes', 'wage_b': Decimal('760'), 'wage_a': Decimal('1045')}, {'design_a': 'No', 'design_b': 'Yes', 'wage_b': Decimal('395'), 'wage_a': Decimal('595')}, {'design_a': 'Yes', 'design_b': 'No', 'wage_b': Decimal('815'), 'wage_a': Decimal('580')}, {'design_a': 'No', 'design_b': 'Yes', 'wage_b': Decimal('545'), 'wage_a': Decimal('755')}, {'design_a': 'No', 'design_b': 'Yes', 'wage_b': Decimal('725'), 'wage_a': Decimal('955')}, {'design_a': 'No', 'design_b': 'Yes', 'wage_b': Decimal('495'), 'wage_a': Decimal('770')}, {'design_a': 'No', 'design_b': 'Yes', 'wage_b': Decimal('410'), 'wage_a': Decimal('525')}, {'design_a': 'No', 'design_b': 'Yes', 'wage_b': Decimal('545'), 'wage_a': Decimal('980')}, {'design_a': 'Yes', 'design_b': 'No', 'wage_b': Decimal('620'), 'wage_a': Decimal('440')}]",700,0.394794665,0.159003619,5.669462711,2.795671444
8/11/24 6:37,a1533b6a-8fa6-48b0-a461-bd52d551086e,Hindi,Chakan,25,Male,,Construction,,migrant,alone,Madhya Pradesh,,Daily,,700,"['0', '0', '0', '0', '0', '0', '0', '1', '0', '1', '1']","[{'design_a': 'No', 'design_b': 'Yes', 'wage_b': Decimal('625'), 'wage_a': Decimal('1005')}, {'design_a': 'No', 'design_b': 'Yes', 'wage_b': Decimal('720'), 'wage_a': Decimal('880')}, {'design_a': 'No', 'design_b': 'Yes', 'wage_b': Decimal('670'), 'wage_a': Decimal('800')}, {'design_a': 'No', 'design_b': 'Yes', 'wage_b': Decimal('760'), 'wage_a': Decimal('820')}, {'design_a': 'No', 'design_b': 'Yes', 'wage_b': Decimal('830'), 'wage_a': Decimal('885')}, {'design_a': 'No', 'design_b': 'Yes', 'wage_b': Decimal('890'), 'wage_a': Decimal('915')}, {'design_a': 'Yes', 'design_b': 'No', 'wage_b': Decimal('825'), 'wage_a': Decimal('810')}, {'design_a': 'Yes', 'design_b': 'No', 'wage_b': Decimal('805'), 'wage_a': Decimal('790')}, {'design_a': 'No', 'design_b': 'Yes', 'wage_b': Decimal('955'), 'wage_a': Decimal('1020')}, {'design_a': 'Yes', 'design_b': 'No', 'wage_b': Decimal('610'), 'wage_a': Decimal('600')}, {'design_a': 'Yes', 'design_b': 'No', 'wage_b': Decimal('535'), 'wage_a': Decimal('445')}]",700,0.080548719,0.130960906,5.81946139,2.997660939
8/11/24 6:39,129d34ad-6c83-469c-8c52-a03c8101814d,English,Chakan,28,Male,,Construction,,migrant,alone,Madhya Pradesh,,Daily,,700,"['1', '0', '1', '1', '1', '0', '0', '1', '0', '1']","[{'design_a': 'No', 'design_b': 'Yes', 'wage_b': Decimal('555'), 'wage_a': Decimal('940')}, {'design_a': 'No', 'design_b': 'Yes', 'wage_b': Decimal('385'), 'wage_a': Decimal('735')}, {'design_a': 'Yes', 'design_b': 'No', 'wage_b': Decimal('935'), 'wage_a': Decimal('510')}, {'design_a': 'Yes', 'design_b': 'No', 'wage_b': Decimal('745'), 'wage_a': Decimal('475')}, {'design_a': 'Yes', 'design_b': 'No', 'wage_b': Decimal('740'), 'wage_a': Decimal('505')}, {'design_a': 'No', 'design_b': 'Yes', 'wage_b': Decimal('795'), 'wage_a': Decimal('1045')}, {'design_a': 'No', 'design_b': 'Yes', 'wage_b': Decimal('535'), 'wage_a': Decimal('655')}, {'design_a': 'No', 'design_b': 'Yes', 'wage_b': Decimal('660'), 'wage_a': Decimal('715')}, {'design_a': 'Yes', 'design_b': 'No', 'wage_b': Decimal('850'), 'wage_a': Decimal('715')}, {'design_a': 'Yes', 'design_b': 'No', 'wage_b': Decimal('1035'), 'wage_a': Decimal('845')}]",700,0.231355845,0.168602153,4.345904376,2.61262242
8/12/24 5:38,8446d51d-cb8c-4868-8fbf-63d40ec7f161,Hindi,Bhosari,21,Male,,Automotive,,migrant,family,Bihar,,Monthly,,18000,"['1', '0', '0', '1', '0', '0', '0', '1', '0', '0']","[{'design_a': 'No', 'design_b': 'Yes', 'wage_b': Decimal('15700'), 'wage_a': Decimal('26400')}, {'design_a': 'Yes', 'design_b': 'No', 'wage_b': Decimal('22600'), 'wage_a': Decimal('10500')}, {'design_a': 'Yes', 'design_b': 'No', 'wage_b': Decimal('12500'), 'wage_a': Decimal('9300')}, {'design_a': 'No', 'design_b': 'Yes', 'wage_b': Decimal('10000'), 'wage_a': Decimal('19100')}, {'design_a': 'Yes', 'design_b': 'No', 'wage_b': Decimal('23000'), 'wage_a': Decimal('9800')}, {'design_a': 'Yes', 'design_b': 'No', 'wage_b': Decimal('26400'), 'wage_a': Decimal('11300')}, {'design_a': 'Yes', 'design_b': 'No', 'wage_b': Decimal('17200'), 'wage_a': Decimal('9600')}, {'design_a': 'No', 'design_b': 'Yes', 'wage_b': Decimal('9700'), 'wage_a': Decimal('23500')}, {'design_a': 'Yes', 'design_b': 'No', 'wage_b': Decimal('23700'), 'wage_a': Decimal('16400')}, {'design_a': 'Yes', 'design_b': 'No', 'wage_b': Decimal('24100'), 'wage_a': Decimal('14400')}]",18000,0.931776364,0.066231316,7.257154532,2.058131972
8/12/24 6:04,24c0d859-8e15-43b5-bc71-3294f7c51b85,Hindi,Bhosari,19,Male,,Automotive,,migrant,alone,Uttar Pradesh,,Monthly,,15000,"['1', '1', '1', '0', '0', '0', '0', '0', '1', '1']","[{'design_a': 'No', 'design_b': 'Yes', 'wage_b': Decimal('11000'), 'wage_a': Decimal('18700')}, {'design_a': 'No', 'design_b': 'Yes', 'wage_b': Decimal('8700'), 'wage_a': Decimal('17800')}, {'design_a': 'No', 'design_b': 'Yes', 'wage_b': Decimal('10900'), 'wage_a': Decimal('18800')}, {'design_a': 'Yes', 'design_b': 'No', 'wage_b': Decimal('21200'), 'wage_a': Decimal('14200')}, {'design_a': 'Yes', 'design_b': 'No', 'wage_b': Decimal('17300'), 'wage_a': Decimal('7800')}, {'design_a': 'Yes', 'design_b': 'No', 'wage_b': Decimal('18800'), 'wage_a': Decimal('7700')}, {'design_a': 'Yes', 'design_b': 'No', 'wage_b': Decimal('15000'), 'wage_a': Decimal('8200')}, {'design_a': 'Yes', 'design_b': 'No', 'wage_b': Decimal('20600'), 'wage_a': Decimal('11300')}, {'design_a': 'No', 'design_b': 'Yes', 'wage_b': Decimal('8300'), 'wage_a': Decimal('21600')}, {'design_a': 'No', 'design_b': 'Yes', 'wage_b': Decimal('9000'), 'wage_a': Decimal('21600')}]",15000,0.938649896,0.067794676,7.264817836,2.215399146
8/12/24 6:11,2098ba5e-005a-4e82-b1fd-263bae2e5fcc,Hindi,Bhosari,35,Male,,Automotive,,migrant,family,Maharashtra,,Monthly,,24000,"['1', '1', '0', '1', '0', '0', '1', '0', '0', '1']","[{'design_a': 'No', 'design_b': 'Yes', 'wage_b': Decimal('17700'), 'wage_a': Decimal('31000')}, {'design_a': 'No', 'design_b': 'Yes', 'wage_b': Decimal('12300'), 'wage_a': Decimal('25300')}, {'design_a': 'Yes', 'design_b': 'No', 'wage_b': Decimal('30900'), 'wage_a': Decimal('22900')}, {'design_a': 'No', 'design_b': 'Yes', 'wage_b': Decimal('17500'), 'wage_a': Decimal('36000')}, {'design_a': 'Yes', 'design_b': 'No', 'wage_b': Decimal('31400'), 'wage_a': Decimal('12300')}, {'design_a': 'Yes', 'design_b': 'No', 'wage_b': Decimal('34800'), 'wage_a': Decimal('15200')}, {'design_a': 'No', 'design_b': 'Yes', 'wage_b': Decimal('12000'), 'wage_a': Decimal('26100')}, {'design_a': 'Yes', 'design_b': 'No', 'wage_b': Decimal('32600'), 'wage_a': Decimal('17000')}, {'design_a': 'Yes', 'design_b': 'No', 'wage_b': Decimal('30200'), 'wage_a': Decimal('13800')}, {'design_a': 'Yes', 'design_b': 'No', 'wage_b': Decimal('33500'), 'wage_a': Decimal('13000')}]",24000,0.92373688,0.074199796,7.110349314,2.285597363
8/12/24 6:28,86975474-fa8f-4d20-907e-07d6741b9da1,Hindi,Bhosari,38,Male,,Automotive,,migrant,family,Maharashtra,,Monthly,,26000,"['1', '0', '0', '1', '1', '0', '1', '0', '0', '0']","[{'design_a': 'Yes', 'design_b': 'No', 'wage_b': Decimal('35100'), 'wage_a': Decimal('20500')}, {'design_a': 'Yes', 'design_b': 'No', 'wage_b': Decimal('37200'), 'wage_a': Decimal('26400')}, {'design_a': 'Yes', 'design_b': 'No', 'wage_b': Decimal('23800'), 'wage_a': Decimal('15200')}, {'design_a': 'No', 'design_b': 'Yes', 'wage_b': Decimal('22900'), 'wage_a': Decimal('36600')}, {'design_a': 'No', 'design_b': 'Yes', 'wage_b': Decimal('17500'), 'wage_a': Decimal('29000')}, {'design_a': 'Yes', 'design_b': 'No', 'wage_b': Decimal('37000'), 'wage_a': Decimal('20500')}, {'design_a': 'No', 'design_b': 'Yes', 'wage_b': Decimal('17300'), 'wage_a': Decimal('33500')}, {'design_a': 'Yes', 'design_b': 'No', 'wage_b': Decimal('34000'), 'wage_a': Decimal('15600')}, {'design_a': 'Yes', 'design_b': 'No', 'wage_b': Decimal('28900'), 'wage_a': Decimal('18500')}, {'design_a': 'Yes', 'design_b': 'No', 'wage_b': Decimal('37900'), 'wage_a': Decimal('14800')}]",26000,0.863375089,0.114533854,5.26016334,2.411245389
8/12/24 6:39,61f84fe6-270f-48dc-aa6e-10c856f421b8,Hindi,Bhosari,22,Male,,Automotive,,migrant,alone,Uttar Pradesh,,Monthly,,18000,"['1', '1', '0', '1', '0', '0', '1', '1', '1', '0']","[{'design_a': 'No', 'design_b': 'Yes', 'wage_b': Decimal('12400'), 'wage_a': Decimal('22400')}, {'design_a': 'No', 'design_b': 'Yes', 'wage_b': Decimal('11600'), 'wage_a': Decimal('26800')}, {'design_a': 'Yes', 'design_b': 'No', 'wage_b': Decimal('19800'), 'wage_a': Decimal('9400')}, {'design_a': 'No', 'design_b': 'Yes', 'wage_b': Decimal('10200'), 'wage_a': Decimal('25300')}, {'design_a': 'Yes', 'design_b': 'No', 'wage_b': Decimal('26600'), 'wage_a': Decimal('12900')}, {'design_a': 'Yes', 'design_b': 'No', 'wage_b': Decimal('17800'), 'wage_a': Decimal('9900')}, {'design_a': 'No', 'design_b': 'Yes', 'wage_b': Decimal('13600'), 'wage_a': Decimal('26900')}, {'design_a': 'No', 'design_b': 'Yes', 'wage_b': Decimal('10700'), 'wage_a': Decimal('26400')}, {'design_a': 'No', 'design_b': 'Yes', 'wage_b': Decimal('9900'), 'wage_a': Decimal('22700')}, {'design_a': 'Yes', 'design_b': 'No', 'wage_b': Decimal('25700'), 'wage_a': Decimal('11500')}]",18000,0.942082926,0.069648463,7.438356907,2.087138474
8/12/24 6:46,9b165e48-de4b-4d06-ac20-a9960e8744fd,Hindi,Bhosari,22,Male,,Automotive,,migrant,alone,Uttar Pradesh,,Monthly,,15000,"['0', '0', '1', '0', '1', '0', '1', '0', '1', '1']","[{'design_a': 'Yes', 'design_b': 'No', 'wage_b': Decimal('18700'), 'wage_a': Decimal('10900')}, {'design_a': 'Yes', 'design_b': 'No', 'wage_b': Decimal('20200'), 'wage_a': Decimal('8300')}, {'design_a': 'No', 'design_b': 'Yes', 'wage_b': Decimal('7700'), 'wage_a': Decimal('13800')}, {'design_a': 'Yes', 'design_b': 'No', 'wage_b': Decimal('15700'), 'wage_a': Decimal('7900')}, {'design_a': 'No', 'design_b': 'Yes', 'wage_b': Decimal('9300'), 'wage_a': Decimal('15500')}, {'design_a': 'Yes', 'design_b': 'No', 'wage_b': Decimal('20700'), 'wage_a': Decimal('8400')}, {'design_a': 'No', 'design_b': 'Yes', 'wage_b': Decimal('7700'), 'wage_a': Decimal('20000')}, {'design_a': 'Yes', 'design_b': 'No', 'wage_b': Decimal('20300'), 'wage_a': Decimal('7700')}, {'design_a': 'No', 'design_b': 'Yes', 'wage_b': Decimal('8900'), 'wage_a': Decimal('22500')}, {'design_a': 'No', 'design_b': 'Yes', 'wage_b': Decimal('9700'), 'wage_a': Decimal('22200')}]",15000,0.944326268,0.096628066,6.689347365,2.483389555
8/12/24 6:52,01a92050-ec06-4032-aefa-8ccf98038edd,Hindi,Bhosari,32,Female,,Automotive,,migrant,alone,Uttar Pradesh,,Monthly,,18000,"['0', '1', '1', '0', '0', '1', '0', '0', '1', '0']","[{'design_a': 'Yes', 'design_b': 'No', 'wage_b': Decimal('17200'), 'wage_a': Decimal('10500')}, {'design_a': 'No', 'design_b': 'Yes', 'wage_b': Decimal('11400'), 'wage_a': Decimal('22000')}, {'design_a': 'No', 'design_b': 'Yes', 'wage_b': Decimal('11000'), 'wage_a': Decimal('22100')}, {'design_a': 'Yes', 'design_b': 'No', 'wage_b': Decimal('22000'), 'wage_a': Decimal('9800')}, {'design_a': 'Yes', 'design_b': 'No', 'wage_b': Decimal('24900'), 'wage_a': Decimal('11900')}, {'design_a': 'No', 'design_b': 'Yes', 'wage_b': Decimal('13300'), 'wage_a': Decimal('25900')}, {'design_a': 'Yes', 'design_b': 'No', 'wage_b': Decimal('23600'), 'wage_a': Decimal('11100')}, {'design_a': 'Yes', 'design_b': 'No', 'wage_b': Decimal('24900'), 'wage_a': Decimal('10700')}, {'design_a': 'No', 'design_b': 'Yes', 'wage_b': Decimal('10400'), 'wage_a': Decimal('24900')}, {'design_a': 'Yes', 'design_b': 'No', 'wage_b': Decimal('25600'), 'wage_a': Decimal('12000')}]",18000,0.942766286,0.059867472,7.701666905,2.00259187
8/12/24 6:59,4d862787-fb45-4686-83d6-5a375312d69a,Hindi,Bhosari,23,Male,,Automotive,,migrant,alone,Uttar Pradesh,,Monthly,,18000,"['0', '0', '1', '0', '0', '0', '0', '0', '1', '0']","[{'design_a': 'Yes', 'design_b': 'No', 'wage_b': Decimal('23900'), 'wage_a': Decimal('16400')}, {'design_a': 'Yes', 'design_b': 'No', 'wage_b': Decimal('25300'), 'wage_a': Decimal('12500')}, {'design_a': 'No', 'design_b': 'Yes', 'wage_b': Decimal('11000'), 'wage_a': Decimal('26800')}, {'design_a': 'Yes', 'design_b': 'No', 'wage_b': Decimal('25500'), 'wage_a': Decimal('13000')}, {'design_a': 'Yes', 'design_b': 'No', 'wage_b': Decimal('25500'), 'wage_a': Decimal('14100')}, {'design_a': 'Yes', 'design_b': 'No', 'wage_b': Decimal('26800'), 'wage_a': Decimal('14200')}, {'design_a': 'Yes', 'design_b': 'No', 'wage_b': Decimal('25300'), 'wage_a': Decimal('10100')}, {'design_a': 'Yes', 'design_b': 'No', 'wage_b': Decimal('22100'), 'wage_a': Decimal('11500')}, {'design_a': 'No', 'design_b': 'Yes', 'wage_b': Decimal('9800'), 'wage_a': Decimal('20600')}, {'design_a': 'Yes', 'design_b': 'No', 'wage_b': Decimal('26300'), 'wage_a': Decimal('13800')}]",18000,0.932399548,0.060611389,7.328172697,1.983355802
8/12/24 7:09,42a3f78b-adc0-4795-9b51-58931ecd366f,Hindi,Bhosari,21,Male,,Automotive,,migrant,alone,Uttar Pradesh,,Monthly,,16000,"['0', '1', '0', '0', '1', '0', '0', '1', '1', '0']","[{'design_a': 'Yes', 'design_b': 'No', 'wage_b': Decimal('21600'), 'wage_a': Decimal('14200')}, {'design_a': 'No', 'design_b': 'Yes', 'wage_b': Decimal('9300'), 'wage_a': Decimal('17900')}, {'design_a': 'No', 'design_b': 'Yes', 'wage_b': Decimal('14600'), 'wage_a': Decimal('21600')}, {'design_a': 'Yes', 'design_b': 'No', 'wage_b': Decimal('18500'), 'wage_a': Decimal('9600')}, {'design_a': 'No', 'design_b': 'Yes', 'wage_b': Decimal('8600'), 'wage_a': Decimal('18100')}, {'design_a': 'No', 'design_b': 'Yes', 'wage_b': Decimal('9300'), 'wage_a': Decimal('20900')}, {'design_a': 'Yes', 'design_b': 'No', 'wage_b': Decimal('18800'), 'wage_a': Decimal('14800')}, {'design_a': 'No', 'design_b': 'Yes', 'wage_b': Decimal('8900'), 'wage_a': Decimal('19300')}, {'design_a': 'No', 'design_b': 'Yes', 'wage_b': Decimal('10500'), 'wage_a': Decimal('17800')}, {'design_a': 'Yes', 'design_b': 'No', 'wage_b': Decimal('20200'), 'wage_a': Decimal('10300')}]",16000,0.804413115,0.157252019,4.344157184,2.591264805
8/12/24 7:14,250994f1-50bf-456a-88f9-b106d71413be,Hindi,Bhosari,27,Male,,Automotive,,migrant,family,Uttar Pradesh,,Monthly,,16000,"['1', '0', '0', '1', '1', '1', '0', '0', '1', '1']","[{'design_a': 'No', 'design_b': 'Yes', 'wage_b': Decimal('8000'), 'wage_a': Decimal('13700')}, {'design_a': 'Yes', 'design_b': 'No', 'wage_b': Decimal('21800'), 'wage_a': Decimal('12000')}, {'design_a': 'Yes', 'design_b': 'No', 'wage_b': Decimal('21200'), 'wage_a': Decimal('9000')}, {'design_a': 'Yes', 'design_b': 'No', 'wage_b': Decimal('24000'), 'wage_a': Decimal('14700')}, {'design_a': 'No', 'design_b': 'Yes', 'wage_b': Decimal('8400'), 'wage_a': Decimal('18900')}, {'design_a': 'No', 'design_b': 'Yes', 'wage_b': Decimal('9000'), 'wage_a': Decimal('22200')}, {'design_a': 'No', 'design_b': 'Yes', 'wage_b': Decimal('9400'), 'wage_a': Decimal('23900')}, {'design_a': 'Yes', 'design_b': 'No', 'wage_b': Decimal('19900'), 'wage_a': Decimal('8800')}, {'design_a': 'No', 'design_b': 'Yes', 'wage_b': Decimal('9700'), 'wage_a': Decimal('21100')}, {'design_a': 'No', 'design_b': 'Yes', 'wage_b': Decimal('8500'), 'wage_a': Decimal('20100')}]",16000,0.826417386,0.184715596,3.751724535,2.688639245
8/12/24 7:25,6123afe3-20e6-4c7f-9521-fba40ffd1996,Hindi,Bhosari,24,Male,,Automotive,,migrant,alone,Uttar Pradesh,,Monthly,,18000,"['0', '1', '0', '1', '0', '0', '1', '0', '0', '1']","[{'design_a': 'Yes', 'design_b': 'No', 'wage_b': Decimal('23600'), 'wage_a': Decimal('14500')}, {'design_a': 'No', 'design_b': 'Yes', 'wage_b': Decimal('11500'), 'wage_a': Decimal('25600')}, {'design_a': 'Yes', 'design_b': 'No', 'wage_b': Decimal('23100'), 'wage_a': Decimal('14100')}, {'design_a': 'No', 'design_b': 'Yes', 'wage_b': Decimal('11200'), 'wage_a': Decimal('26100')}, {'design_a': 'Yes', 'design_b': 'No', 'wage_b': Decimal('26600'), 'wage_a': Decimal('11800')}, {'design_a': 'Yes', 'design_b': 'No', 'wage_b': Decimal('23700'), 'wage_a': Decimal('9300')}, {'design_a': 'No', 'design_b': 'Yes', 'wage_b': Decimal('10800'), 'wage_a': Decimal('19300')}, {'design_a': 'Yes', 'design_b': 'No', 'wage_b': Decimal('17900'), 'wage_a': Decimal('10300')}, {'design_a': 'Yes', 'design_b': 'No', 'wage_b': Decimal('22700'), 'wage_a': Decimal('10700')}, {'design_a': 'No', 'design_b': 'Yes', 'wage_b': Decimal('13300'), 'wage_a': Decimal('26700')}]",18000,0.935760961,0.068754649,7.27336418,2.12447024
8/12/24 7:55,519262e3-4ddb-4e41-a7a8-633e38c19d17,Hindi,Bhosari,19,Male,,Steel + Cement,,migrant,alone,Uttar Pradesh,,Monthly,,16000,"['0', '0', '0', '1', '1', '1', '1', '1', '0', '1']","[{'design_a': 'Yes', 'design_b': 'No', 'wage_b': Decimal('13700'), 'wage_a': Decimal('8400')}, {'design_a': 'Yes', 'design_b': 'No', 'wage_b': Decimal('23800'), 'wage_a': Decimal('12700')}, {'design_a': 'Yes', 'design_b': 'No', 'wage_b': Decimal('23000'), 'wage_a': Decimal('10800')}, {'design_a': 'No', 'design_b': 'Yes', 'wage_b': Decimal('9000'), 'wage_a': Decimal('19300')}, {'design_a': 'No', 'design_b': 'Yes', 'wage_b': Decimal('10800'), 'wage_a': Decimal('22500')}, {'design_a': 'No', 'design_b': 'Yes', 'wage_b': Decimal('8300'), 'wage_a': Decimal('15500')}, {'design_a': 'No', 'design_b': 'Yes', 'wage_b': Decimal('10400'), 'wage_a': Decimal('22600')}, {'design_a': 'No', 'design_b': 'Yes', 'wage_b': Decimal('10400'), 'wage_a': Decimal('17500')}, {'design_a': 'Yes', 'design_b': 'No', 'wage_b': Decimal('24000'), 'wage_a': Decimal('11500')}, {'design_a': 'No', 'design_b': 'Yes', 'wage_b': Decimal('8800'), 'wage_a': Decimal('16700')}]",16000,0.92894709,0.062583736,7.65159536,1.922671371
8/14/24 8:54,d7abeafc-1599-4908-a4a1-49d9f61c2668,Hindi,Vatva,2,Female,Informal,Pharmaceutical,,local,,,,Monthly,,20000,"['1', '1', '1', '0', '0', '1', '1', '1', '1', '0']","[{'design_a': 'Yes', 'design_b': 'No', 'wage_b': Decimal('22200'), 'wage_a': Decimal('12600')}, {'design_a': 'Yes', 'design_b': 'No', 'wage_b': Decimal('26100'), 'wage_a': Decimal('18800')}, {'design_a': 'No', 'design_b': 'Yes', 'wage_b': Decimal('21700'), 'wage_a': Decimal('27300')}, {'design_a': 'No', 'design_b': 'Yes', 'wage_b': Decimal('12800'), 'wage_a': Decimal('17200')}, {'design_a': 'No', 'design_b': 'Yes', 'wage_b': Decimal('12600'), 'wage_a': Decimal('15800')}, {'design_a': 'No', 'design_b': 'Yes', 'wage_b': Decimal('17000'), 'wage_a': Decimal('20400')}, {'design_a': 'No', 'design_b': 'Yes', 'wage_b': Decimal('24200'), 'wage_a': Decimal('28900')}, {'design_a': 'Yes', 'design_b': 'No', 'wage_b': Decimal('22900'), 'wage_a': Decimal('17700')}, {'design_a': 'Yes', 'design_b': 'No', 'wage_b': Decimal('25900'), 'wage_a': Decimal('20100')}, {'design_a': 'No', 'design_b': 'Yes', 'wage_b': Decimal('14600'), 'wage_a': Decimal('18100')}]",20000,0.180926343,0.143485543,5.656809272,2.768154993
8/22/24 5:43,196e873d-43d9-425c-a88e-b11addeef907,Hindi,Vatva,45,Male,Formal,Other,Engineering ,migrant,family,Maharashtra,,Monthly,,20000,"['0', '0', '0', '0', '1', '0', '0', '1', '0', '0']","[{'design_a': 'No', 'design_b': 'Yes', 'wage_b': Decimal('10600'), 'wage_a': Decimal('16400')}, {'design_a': 'No', 'design_b': 'Yes', 'wage_b': Decimal('13700'), 'wage_a': Decimal('17900')}, {'design_a': 'No', 'design_b': 'Yes', 'wage_b': Decimal('14200'), 'wage_a': Decimal('16700')}, {'design_a': 'No', 'design_b': 'Yes', 'wage_b': Decimal('15200'), 'wage_a': Decimal('18200')}, {'design_a': 'Yes', 'design_b': 'No', 'wage_b': Decimal('18200'), 'wage_a': Decimal('16400')}, {'design_a': 'Yes', 'design_b': 'No', 'wage_b': Decimal('27200'), 'wage_a': Decimal('25200')}, {'design_a': 'No', 'design_b': 'Yes', 'wage_b': Decimal('24800'), 'wage_a': Decimal('28800')}, {'design_a': 'Yes', 'design_b': 'No', 'wage_b': Decimal('14900'), 'wage_a': Decimal('10900')}, {'design_a': 'No', 'design_b': 'Yes', 'wage_b': Decimal('16200'), 'wage_a': Decimal('17600')}, {'design_a': 'Yes', 'design_b': 'No', 'wage_b': Decimal('14200'), 'wage_a': Decimal('13300')}]",20000,0.095843414,0.11775304,6.346728952,2.692387944
8/22/24 6:55,532cd5e0-4dfa-436a-87d9-3c13978fddc9,Hindi,Company Visit,32,Male,Formal,Other,Machinery,local,,,,Monthly,,17000,"['1', '1', '0', '0', '1', '0', '0', '0', '1', '0']","[{'design_a': 'No', 'design_b': 'Yes', 'wage_b': Decimal('13700'), 'wage_a': Decimal('17000')}, {'design_a': 'Yes', 'design_b': 'No', 'wage_b': Decimal('18100'), 'wage_a': Decimal('10200')}, {'design_a': 'Yes', 'design_b': 'No', 'wage_b': Decimal('23600'), 'wage_a': Decimal('17500')}, {'design_a': 'No', 'design_b': 'Yes', 'wage_b': Decimal('14500'), 'wage_a': Decimal('22400')}, {'design_a': 'Yes', 'design_b': 'No', 'wage_b': Decimal('17300'), 'wage_a': Decimal('11200')}, {'design_a': 'Yes', 'design_b': 'No', 'wage_b': Decimal('21600'), 'wage_a': Decimal('18400')}, {'design_a': 'No', 'design_b': 'Yes', 'wage_b': Decimal('9300'), 'wage_a': Decimal('13700')}, {'design_a': 'No', 'design_b': 'Yes', 'wage_b': Decimal('15100'), 'wage_a': Decimal('20700')}, {'design_a': 'Yes', 'design_b': 'No', 'wage_b': Decimal('21100'), 'wage_a': Decimal('14700')}, {'design_a': 'No', 'design_b': 'Yes', 'wage_b': Decimal('14100'), 'wage_a': Decimal('17100')}]",17000,0.211469686,0.132641075,6.101663171,2.6043971
8/22/24 7:27,ef158fb2-662c-41a2-9245-9bd08c645627,Hindi,Company Visit,37,Female,Formal,Other,Machinery ,local,,,,Monthly,,16000,"['0', '1', '1', '0', '1', '1', '1', '0', '0', '0']","[{'design_a': 'No', 'design_b': 'Yes', 'wage_b': Decimal('13800'), 'wage_a': Decimal('23200')}, {'design_a': 'Yes', 'design_b': 'No', 'wage_b': Decimal('12900'), 'wage_a': Decimal('8800')}, {'design_a': 'Yes', 'design_b': 'No', 'wage_b': Decimal('21000'), 'wage_a': Decimal('17200')}, {'design_a': 'No', 'design_b': 'Yes', 'wage_b': Decimal('8500'), 'wage_a': Decimal('10300')}, {'design_a': 'Yes', 'design_b': 'No', 'wage_b': Decimal('14500'), 'wage_a': Decimal('12000')}, {'design_a': 'Yes', 'design_b': 'No', 'wage_b': Decimal('19100'), 'wage_a': Decimal('18000')}, {'design_a': 'Yes', 'design_b': 'No', 'wage_b': Decimal('10100'), 'wage_a': Decimal('9900')}, {'design_a': 'No', 'design_b': 'Yes', 'wage_b': Decimal('19600'), 'wage_a': Decimal('20400')}, {'design_a': 'No', 'design_b': 'Yes', 'wage_b': Decimal('8300'), 'wage_a': Decimal('8700')}, {'design_a': 'No', 'design_b': 'Yes', 'wage_b': Decimal('17500'), 'wage_a': Decimal('18100')}]",16000,0.064793897,0.111892671,6.186516059,2.789673672
8/22/24 9:21,f39a11ca-a705-4a02-bf82-4eede46a96f4,Hindi,Company Visit,35,Male,Formal,Other,Machinery,migrant,family,Maharashtra,,Monthly,,21000,"['1', '1', '1', '1', '0', '1', '0', '0', '1', '0']","[{'design_a': 'Yes', 'design_b': 'No', 'wage_b': Decimal('22700'), 'wage_a': Decimal('14600')}, {'design_a': 'No', 'design_b': 'Yes', 'wage_b': Decimal('23700'), 'wage_a': Decimal('29200')}, {'design_a': 'Yes', 'design_b': 'No', 'wage_b': Decimal('30000'), 'wage_a': Decimal('21000')}, {'design_a': 'No', 'design_b': 'Yes', 'wage_b': Decimal('22400'), 'wage_a': Decimal('30000')}, {'design_a': 'No', 'design_b': 'Yes', 'wage_b': Decimal('20800'), 'wage_a': Decimal('30000')}, {'design_a': 'Yes', 'design_b': 'No', 'wage_b': Decimal('25000'), 'wage_a': Decimal('17300')}, {'design_a': 'No', 'design_b': 'Yes', 'wage_b': Decimal('17400'), 'wage_a': Decimal('21500')}, {'design_a': 'No', 'design_b': 'Yes', 'wage_b': Decimal('12400'), 'wage_a': Decimal('16400')}, {'design_a': 'Yes', 'design_b': 'No', 'wage_b': Decimal('25800'), 'wage_a': Decimal('20900')}, {'design_a': 'No', 'design_b': 'Yes', 'wage_b': Decimal('22800'), 'wage_a': Decimal('26000')}]",21000,0.142040153,0.127540254,5.599445049,2.645452025
8/23/24 9:00,22b95761-e82b-49ff-a6e1-22395d18591c,Hindi,Company Visit,56,Male,Formal,Other,Machinery ,local,,,,Monthly,,21000,"['0', '0', '1', '0', '0', '0', '1', '1', '0', '1']","[{'design_a': 'No', 'design_b': 'Yes', 'wage_b': Decimal('16000'), 'wage_a': Decimal('26400')}, {'design_a': 'Yes', 'design_b': 'No', 'wage_b': Decimal('31100'), 'wage_a': Decimal('22400')}, {'design_a': 'Yes', 'design_b': 'No', 'wage_b': Decimal('18600'), 'wage_a': Decimal('12500')}, {'design_a': 'No', 'design_b': 'Yes', 'wage_b': Decimal('21000'), 'wage_a': Decimal('29100')}, {'design_a': 'No', 'design_b': 'Yes', 'wage_b': Decimal('13300'), 'wage_a': Decimal('16900')}, {'design_a': 'No', 'design_b': 'Yes', 'wage_b': Decimal('15100'), 'wage_a': Decimal('17300')}, {'design_a': 'No', 'design_b': 'Yes', 'wage_b': Decimal('20900'), 'wage_a': Decimal('22700')}, {'design_a': 'No', 'design_b': 'Yes', 'wage_b': Decimal('17300'), 'wage_a': Decimal('20700')}, {'design_a': 'Yes', 'design_b': 'No', 'wage_b': Decimal('31200'), 'wage_a': Decimal('26400')}, {'design_a': 'Yes', 'design_b': 'No', 'wage_b': Decimal('22000'), 'wage_a': Decimal('17300')}]",21000,0.241200808,0.175995695,4.889153288,2.836820956
8/23/24 9:26,ca3824de-169f-4cf5-86c7-8ce3558da15b,English,Company Visit,40,Female,Informal,Other,Facility management ,local,,,,Monthly,,16500,"['1', '0', '0', '1', '1', '0', '0', '0', '1', '0']","[{'design_a': 'No', 'design_b': 'Yes', 'wage_b': Decimal('13700'), 'wage_a': Decimal('21300')}, {'design_a': 'No', 'design_b': 'Yes', 'wage_b': Decimal('12600'), 'wage_a': Decimal('24500')}, {'design_a': 'No', 'design_b': 'Yes', 'wage_b': Decimal('14600'), 'wage_a': Decimal('22700')}, {'design_a': 'Yes', 'design_b': 'No', 'wage_b': Decimal('17000'), 'wage_a': Decimal('12000')}, {'design_a': 'Yes', 'design_b': 'No', 'wage_b': Decimal('15000'), 'wage_a': Decimal('12300')}, {'design_a': 'Yes', 'design_b': 'No', 'wage_b': Decimal('24300'), 'wage_a': Decimal('22200')}, {'design_a': 'Yes', 'design_b': 'No', 'wage_b': Decimal('20800'), 'wage_a': Decimal('18400')}, {'design_a': 'No', 'design_b': 'Yes', 'wage_b': Decimal('19600'), 'wage_a': Decimal('24000')}, {'design_a': 'Yes', 'design_b': 'No', 'wage_b': Decimal('15600'), 'wage_a': Decimal('13000')}, {'design_a': 'No', 'design_b': 'Yes', 'wage_b': Decimal('12600'), 'wage_a': Decimal('14900')}]",16500,0.203178084,0.180993028,4.378801138,2.778959643
8/27/24 11:53,0c050d43-40fd-415f-9c33-c7e252b47055,Hindi,Dahej,28,Male,Informal,Chemical,,migrant,family,Uttar Pradesh,,Monthly,,18000,"['0', '1', '0', '1', '1', '1', '0', '0', '0', '1']","[{'design_a': 'Yes', 'design_b': 'No', 'wage_b': Decimal('22200'), 'wage_a': Decimal('13900')}, {'design_a': 'No', 'design_b': 'Yes', 'wage_b': Decimal('11400'), 'wage_a': Decimal('22500')}, {'design_a': 'Yes', 'design_b': 'No', 'wage_b': Decimal('23400'), 'wage_a': Decimal('11700')}, {'design_a': 'No', 'design_b': 'Yes', 'wage_b': Decimal('13800'), 'wage_a': Decimal('26500')}, {'design_a': 'No', 'design_b': 'Yes', 'wage_b': Decimal('16200'), 'wage_a': Decimal('25500')}, {'design_a': 'No', 'design_b': 'Yes', 'wage_b': Decimal('10700'), 'wage_a': Decimal('25300')}, {'design_a': 'Yes', 'design_b': 'No', 'wage_b': Decimal('21600'), 'wage_a': Decimal('10500')}, {'design_a': 'Yes', 'design_b': 'No', 'wage_b': Decimal('22800'), 'wage_a': Decimal('10200')}, {'design_a': 'Yes', 'design_b': 'No', 'wage_b': Decimal('23300'), 'wage_a': Decimal('12500')}, {'design_a': 'No', 'design_b': 'Yes', 'wage_b': Decimal('11200'), 'wage_a': Decimal('26300')}]",18000,0.938365059,0.060265276,7.416154544,1.996122223
8/27/24 11:59,4a1c01e8-d52c-499a-a9af-a1b794a50ba9,Hindi,Dahej,24,Male,Informal,Other,‡§Æ‡§∞‡•Ä‡§®‡•ã,migrant,alone,Uttar Pradesh,,Daily,,716,"['0', '1', '0', '1', '1', '0', '0', '1', '0', '0']","[{'design_a': 'No', 'design_b': 'Yes', 'wage_b': Decimal('445'), 'wage_a': Decimal('750')}, {'design_a': 'Yes', 'design_b': 'No', 'wage_b': Decimal('965'), 'wage_a': Decimal('705')}, {'design_a': 'No', 'design_b': 'Yes', 'wage_b': Decimal('720'), 'wage_a': Decimal('850')}, {'design_a': 'Yes', 'design_b': 'No', 'wage_b': Decimal('850'), 'wage_a': Decimal('785')}, {'design_a': 'No', 'design_b': 'Yes', 'wage_b': Decimal('730'), 'wage_a': Decimal('750')}, {'design_a': 'No', 'design_b': 'Yes', 'wage_b': Decimal('860'), 'wage_a': Decimal('910')}, {'design_a': 'No', 'design_b': 'Yes', 'wage_b': Decimal('860'), 'wage_a': Decimal('905')}, {'design_a': 'No', 'design_b': 'Yes', 'wage_b': Decimal('515'), 'wage_a': Decimal('570')}, {'design_a': 'Yes', 'design_b': 'No', 'wage_b': Decimal('720'), 'wage_a': Decimal('680')}, {'design_a': 'No', 'design_b': 'Yes', 'wage_b': Decimal('535'), 'wage_a': Decimal('610')}]",716,0.141487459,0.169635447,5.247720002,3.018341108
8/27/24 12:03,547ff4ee-fbbe-4a8d-95d1-da7da3670fe9,Hindi,Dahej,28,Male,Formal,Construction,,migrant,alone,Uttar Pradesh,,Monthly,,15000,"['1', '1', '1', '0', '0', '1', '0', '1', '1', '0']","[{'design_a': 'No', 'design_b': 'Yes', 'wage_b': Decimal('13300'), 'wage_a': Decimal('21900')}, {'design_a': 'No', 'design_b': 'Yes', 'wage_b': Decimal('12700'), 'wage_a': Decimal('21400')}, {'design_a': 'No', 'design_b': 'Yes', 'wage_b': Decimal('10100'), 'wage_a': Decimal('22100')}, {'design_a': 'Yes', 'design_b': 'No', 'wage_b': Decimal('21900'), 'wage_a': Decimal('11900')}, {'design_a': 'Yes', 'design_b': 'No', 'wage_b': Decimal('19400'), 'wage_a': Decimal('10900')}, {'design_a': 'No', 'design_b': 'Yes', 'wage_b': Decimal('8900'), 'wage_a': Decimal('20300')}, {'design_a': 'Yes', 'design_b': 'No', 'wage_b': Decimal('18700'), 'wage_a': Decimal('8300')}, {'design_a': 'No', 'design_b': 'Yes', 'wage_b': Decimal('8300'), 'wage_a': Decimal('20400')}, {'design_a': 'No', 'design_b': 'Yes', 'wage_b': Decimal('10000'), 'wage_a': Decimal('21100')}, {'design_a': 'Yes', 'design_b': 'No', 'wage_b': Decimal('21000'), 'wage_a': Decimal('11400')}]",15000,0.93568645,0.059682195,7.255522261,2.104546589
9/2/24 6:13,e3ceaf9b-5269-4dfc-9de4-6469699ee5f8,Hindi,Bhosari,33,Male,Formal,Automotive,,local,,,,Monthly,,30000,"['1', '1', '0', '1', '1', '0', '1', '1', '0', '0']","[{'design_a': 'Yes', 'design_b': 'No', 'wage_b': Decimal('25000'), 'wage_a': Decimal('15600')}, {'design_a': 'Yes', 'design_b': 'No', 'wage_b': Decimal('33500'), 'wage_a': Decimal('24900')}, {'design_a': 'Yes', 'design_b': 'No', 'wage_b': Decimal('24500'), 'wage_a': Decimal('20500')}, {'design_a': 'Yes', 'design_b': 'No', 'wage_b': Decimal('35100'), 'wage_a': Decimal('24800')}, {'design_a': 'Yes', 'design_b': 'No', 'wage_b': Decimal('27300'), 'wage_a': Decimal('21600')}, {'design_a': 'Yes', 'design_b': 'No', 'wage_b': Decimal('22500'), 'wage_a': Decimal('21100')}, {'design_a': 'Yes', 'design_b': 'No', 'wage_b': Decimal('25000'), 'wage_a': Decimal('19500')}, {'design_a': 'No', 'design_b': 'Yes', 'wage_b': Decimal('16000'), 'wage_a': Decimal('20100')}, {'design_a': 'Yes', 'design_b': 'No', 'wage_b': Decimal('38600'), 'wage_a': Decimal('34100')}, {'design_a': 'No', 'design_b': 'Yes', 'wage_b': Decimal('23000'), 'wage_a': Decimal('29600')}]",30000,0.212522197,0.142710195,6.078300666,2.704858743
9/5/24 7:21,b4fcd3b5-3dc1-4ab8-b801-6bc099632885,Hindi,Bhosari,40,Male,Formal,Automotive,,migrant,family,Uttar Pradesh,,Monthly,,18000,"['1', '1', '0', '0', '0', '1', '1', '0', '1', '0']","[{'design_a': 'Yes', 'design_b': 'No', 'wage_b': Decimal('26400'), 'wage_a': Decimal('14600')}, {'design_a': 'No', 'design_b': 'Yes', 'wage_b': Decimal('14100'), 'wage_a': Decimal('21600')}, {'design_a': 'No', 'design_b': 'Yes', 'wage_b': Decimal('9500'), 'wage_a': Decimal('19200')}, {'design_a': 'No', 'design_b': 'Yes', 'wage_b': Decimal('18200'), 'wage_a': Decimal('26600')}, {'design_a': 'No', 'design_b': 'Yes', 'wage_b': Decimal('18900'), 'wage_a': Decimal('26000')}, {'design_a': 'Yes', 'design_b': 'No', 'wage_b': Decimal('19500'), 'wage_a': Decimal('17000')}, {'design_a': 'Yes', 'design_b': 'No', 'wage_b': Decimal('15200'), 'wage_a': Decimal('14000')}, {'design_a': 'No', 'design_b': 'Yes', 'wage_b': Decimal('18400'), 'wage_a': Decimal('19300')}, {'design_a': 'Yes', 'design_b': 'No', 'wage_b': Decimal('15600'), 'wage_a': Decimal('12000')}, {'design_a': 'No', 'design_b': 'Yes', 'wage_b': Decimal('19000'), 'wage_a': Decimal('19500')}]",18000,0.12559374,0.15422622,4.160177632,2.600049673
9/8/24 6:35,90bef039-802c-45c9-b87c-99b0dd222ed5,English,Savli,49,Male,Formal,Chemical,,local,,,,Monthly,,12000,"['0', '0', '1', '0', '0', '1', '1', '1', '0', '1']","[{'design_a': 'Yes', 'design_b': 'No', 'wage_b': Decimal('13300'), 'wage_a': Decimal('8000')}, {'design_a': 'Yes', 'design_b': 'No', 'wage_b': Decimal('17400'), 'wage_a': Decimal('10400')}, {'design_a': 'No', 'design_b': 'Yes', 'wage_b': Decimal('9300'), 'wage_a': Decimal('18000')}, {'design_a': 'Yes', 'design_b': 'No', 'wage_b': Decimal('17700'), 'wage_a': Decimal('9500')}, {'design_a': 'Yes', 'design_b': 'No', 'wage_b': Decimal('16800'), 'wage_a': Decimal('8200')}, {'design_a': 'No', 'design_b': 'Yes', 'wage_b': Decimal('7300'), 'wage_a': Decimal('17200')}, {'design_a': 'No', 'design_b': 'Yes', 'wage_b': Decimal('9200'), 'wage_a': Decimal('15700')}, {'design_a': 'No', 'design_b': 'Yes', 'wage_b': Decimal('8100'), 'wage_a': Decimal('14400')}, {'design_a': 'Yes', 'design_b': 'No', 'wage_b': Decimal('17700'), 'wage_a': Decimal('8500')}, {'design_a': 'No', 'design_b': 'Yes', 'wage_b': Decimal('6600'), 'wage_a': Decimal('17300')}]",12000,0.931300866,0.068491767,7.271668129,2.077591756
9/10/24 12:32,9d0f2009-a5ee-4cbb-afb0-10a7eb452be7,Hindi,Dahej,30,Male,Formal,Chemical,,migrant,alone,Bihar,,Monthly,,21000,"['1', '0', '0', '0', '1', '0', '0', '0', '1', '1']","[{'design_a': 'No', 'design_b': 'Yes', 'wage_b': Decimal('19100'), 'wage_a': Decimal('30000')}, {'design_a': 'Yes', 'design_b': 'No', 'wage_b': Decimal('25900'), 'wage_a': Decimal('12900')}, {'design_a': 'Yes', 'design_b': 'No', 'wage_b': Decimal('31400'), 'wage_a': Decimal('13900')}, {'design_a': 'Yes', 'design_b': 'No', 'wage_b': Decimal('30700'), 'wage_a': Decimal('15000')}, {'design_a': 'No', 'design_b': 'Yes', 'wage_b': Decimal('13900'), 'wage_a': Decimal('28400')}, {'design_a': 'Yes', 'design_b': 'No', 'wage_b': Decimal('30100'), 'wage_a': Decimal('12800')}, {'design_a': 'Yes', 'design_b': 'No', 'wage_b': Decimal('18500'), 'wage_a': Decimal('13300')}, {'design_a': 'Yes', 'design_b': 'No', 'wage_b': Decimal('29300'), 'wage_a': Decimal('11800')}, {'design_a': 'No', 'design_b': 'Yes', 'wage_b': Decimal('13800'), 'wage_a': Decimal('31300')}, {'design_a': 'No', 'design_b': 'Yes', 'wage_b': Decimal('12000'), 'wage_a': Decimal('31400')}]",21000,0.942585307,0.070481917,7.094417871,2.278103105
9/12/24 6:37,2db151d0-9cb8-4e5d-bb98-4d18e6a9afb6,Hindi,Dahej,30,Male,Informal,Construction,,migrant,alone,Jharkhand,,Monthly,,20000,"['0', '1', '1', '0', '0', '1', '0', '1', '0', '1']","[{'design_a': 'Yes', 'design_b': 'No', 'wage_b': Decimal('22700'), 'wage_a': Decimal('13900')}, {'design_a': 'No', 'design_b': 'Yes', 'wage_b': Decimal('11700'), 'wage_a': Decimal('22500')}, {'design_a': 'No', 'design_b': 'Yes', 'wage_b': Decimal('10200'), 'wage_a': Decimal('14200')}, {'design_a': 'Yes', 'design_b': 'No', 'wage_b': Decimal('29900'), 'wage_a': Decimal('14100')}, {'design_a': 'Yes', 'design_b': 'No', 'wage_b': Decimal('27200'), 'wage_a': Decimal('11500')}, {'design_a': 'No', 'design_b': 'Yes', 'wage_b': Decimal('10800'), 'wage_a': Decimal('25200')}, {'design_a': 'Yes', 'design_b': 'No', 'wage_b': Decimal('24200'), 'wage_a': Decimal('13800')}, {'design_a': 'No', 'design_b': 'Yes', 'wage_b': Decimal('11800'), 'wage_a': Decimal('29800')}, {'design_a': 'Yes', 'design_b': 'No', 'wage_b': Decimal('24800'), 'wage_a': Decimal('10600')}, {'design_a': 'Yes', 'design_b': 'No', 'wage_b': Decimal('28600'), 'wage_a': Decimal('10800')}]",20000,0.927595363,0.077797128,6.942607784,2.219524122
9/12/24 6:39,cdba13f7-8380-4c6d-b3cb-f6080c2e009d,Hindi,Dahej,21,Male,Informal,Construction,,migrant,alone,Jharkhand,,Monthly,,20000,"['0', '1', '0', '0', '0', '1', '0', '1', '1', '1']","[{'design_a': 'Yes', 'design_b': 'No', 'wage_b': Decimal('26200'), 'wage_a': Decimal('15400')}, {'design_a': 'No', 'design_b': 'Yes', 'wage_b': Decimal('12400'), 'wage_a': Decimal('24700')}, {'design_a': 'Yes', 'design_b': 'No', 'wage_b': Decimal('20500'), 'wage_a': Decimal('11500')}, {'design_a': 'Yes', 'design_b': 'No', 'wage_b': Decimal('25900'), 'wage_a': Decimal('11200')}, {'design_a': 'Yes', 'design_b': 'No', 'wage_b': Decimal('29600'), 'wage_a': Decimal('12500')}, {'design_a': 'No', 'design_b': 'Yes', 'wage_b': Decimal('10100'), 'wage_a': Decimal('22300')}, {'design_a': 'Yes', 'design_b': 'No', 'wage_b': Decimal('24300'), 'wage_a': Decimal('13100')}, {'design_a': 'No', 'design_b': 'Yes', 'wage_b': Decimal('12500'), 'wage_a': Decimal('29800')}, {'design_a': 'No', 'design_b': 'Yes', 'wage_b': Decimal('12200'), 'wage_a': Decimal('26700')}, {'design_a': 'No', 'design_b': 'Yes', 'wage_b': Decimal('10100'), 'wage_a': Decimal('23400')}]",20000,0.936593148,0.064734374,7.263018753,2.121315199
9/14/24 5:24,ecf1e8e2-8ca6-4b19-872e-26642efa4960,Hindi,Vatva,37,Male,Informal,Chemical,,migrant,family,Bihar,,Monthly,,14000,"['0', '0', '1', '1', '1', '1', '0', '0', '0', '1']","[{'design_a': 'No', 'design_b': 'Yes', 'wage_b': Decimal('7900'), 'wage_a': Decimal('13200')}, {'design_a': 'No', 'design_b': 'Yes', 'wage_b': Decimal('12800'), 'wage_a': Decimal('17300')}, {'design_a': 'Yes', 'design_b': 'No', 'wage_b': Decimal('16000'), 'wage_a': Decimal('13400')}, {'design_a': 'No', 'design_b': 'Yes', 'wage_b': Decimal('19000'), 'wage_a': Decimal('21000')}, {'design_a': 'Yes', 'design_b': 'No', 'wage_b': Decimal('18100'), 'wage_a': Decimal('15700')}, {'design_a': 'Yes', 'design_b': 'No', 'wage_b': Decimal('17300'), 'wage_a': Decimal('14600')}, {'design_a': 'Yes', 'design_b': 'No', 'wage_b': Decimal('20800'), 'wage_a': Decimal('18500')}, {'design_a': 'No', 'design_b': 'Yes', 'wage_b': Decimal('14400'), 'wage_a': Decimal('16400')}, {'design_a': 'No', 'design_b': 'Yes', 'wage_b': Decimal('16600'), 'wage_a': Decimal('18700')}, {'design_a': 'Yes', 'design_b': 'No', 'wage_b': Decimal('17600'), 'wage_a': Decimal('15600')}]",14000,0.108440221,0.132946757,6.154927322,2.78713995
9/14/24 10:57,6c007dda-3356-4139-98d2-cb4dabe4d8f7,Hindi,Vatva,27,Male,Formal,Pharmaceutical,,local,,,,Monthly,,26000,"['1', '0', '1', '0', '0', '0', '1', '1', '0', '1']","[{'design_a': 'Yes', 'design_b': 'No', 'wage_b': Decimal('24400'), 'wage_a': Decimal('14000')}, {'design_a': 'No', 'design_b': 'Yes', 'wage_b': Decimal('16600'), 'wage_a': Decimal('22900')}, {'design_a': 'Yes', 'design_b': 'No', 'wage_b': Decimal('35300'), 'wage_a': Decimal('29000')}, {'design_a': 'No', 'design_b': 'Yes', 'wage_b': Decimal('30600'), 'wage_a': Decimal('34000')}, {'design_a': 'Yes', 'design_b': 'No', 'wage_b': Decimal('22700'), 'wage_a': Decimal('21000')}, {'design_a': 'Yes', 'design_b': 'No', 'wage_b': Decimal('36100'), 'wage_a': Decimal('33300')}, {'design_a': 'Yes', 'design_b': 'No', 'wage_b': Decimal('38000'), 'wage_a': Decimal('34300')}, {'design_a': 'Yes', 'design_b': 'No', 'wage_b': Decimal('28100'), 'wage_a': Decimal('24500')}, {'design_a': 'No', 'design_b': 'Yes', 'wage_b': Decimal('23700'), 'wage_a': Decimal('26600')}, {'design_a': 'Yes', 'design_b': 'No', 'wage_b': Decimal('29400'), 'wage_a': Decimal('26800')}]",26000,0.095994406,0.120858617,6.187026863,2.791900506
9/14/24 11:10,70714731-29f5-433e-aea1-62978579c1ad,Hindi,Dahej,50,Male,Informal,Chemical,,migrant,alone,Bihar,,Monthly,,13800,"['1', '0', '0', '0', '0', '0', '0', '1', '0', '0']","[{'design_a': 'Yes', 'design_b': 'No', 'wage_b': Decimal('20700'), 'wage_a': Decimal('11900')}, {'design_a': 'No', 'design_b': 'Yes', 'wage_b': Decimal('15600'), 'wage_a': Decimal('19500')}, {'design_a': 'No', 'design_b': 'Yes', 'wage_b': Decimal('14500'), 'wage_a': Decimal('16800')}, {'design_a': 'Yes', 'design_b': 'No', 'wage_b': Decimal('10800'), 'wage_a': Decimal('8800')}, {'design_a': 'No', 'design_b': 'Yes', 'wage_b': Decimal('8700'), 'wage_a': Decimal('10500')}, {'design_a': 'No', 'design_b': 'Yes', 'wage_b': Decimal('10900'), 'wage_a': Decimal('12400')}, {'design_a': 'No', 'design_b': 'Yes', 'wage_b': Decimal('9700'), 'wage_a': Decimal('11300')}, {'design_a': 'Yes', 'design_b': 'No', 'wage_b': Decimal('15700'), 'wage_a': Decimal('15000')}, {'design_a': 'Yes', 'design_b': 'No', 'wage_b': Decimal('10500'), 'wage_a': Decimal('9800')}, {'design_a': 'Yes', 'design_b': 'No', 'wage_b': Decimal('20700'), 'wage_a': Decimal('19100')}]",13800,0.143230725,0.161951968,5.012889061,2.911548352
9/16/24 9:31,03179cfa-024a-4af8-8b98-ff0634873c10,Hindi,Vatva,19,Male,Informal,Other,House keeping ,local,,,,Monthly,,12000,"['0', '1', '0', '1', '1', '0', '0', '1', '1', '1']","[{'design_a': 'No', 'design_b': 'Yes', 'wage_b': Decimal('6700'), 'wage_a': Decimal('11400')}, {'design_a': 'Yes', 'design_b': 'No', 'wage_b': Decimal('17500'), 'wage_a': Decimal('12400')}, {'design_a': 'Yes', 'design_b': 'No', 'wage_b': Decimal('17400'), 'wage_a': Decimal('13600')}, {'design_a': 'No', 'design_b': 'Yes', 'wage_b': Decimal('13600'), 'wage_a': Decimal('17500')}, {'design_a': 'Yes', 'design_b': 'No', 'wage_b': Decimal('10500'), 'wage_a': Decimal('6000')}, {'design_a': 'No', 'design_b': 'Yes', 'wage_b': Decimal('11400'), 'wage_a': Decimal('15800')}, {'design_a': 'No', 'design_b': 'Yes', 'wage_b': Decimal('6600'), 'wage_a': Decimal('8300')}, {'design_a': 'Yes', 'design_b': 'No', 'wage_b': Decimal('9700'), 'wage_a': Decimal('7800')}, {'design_a': 'No', 'design_b': 'Yes', 'wage_b': Decimal('10600'), 'wage_a': Decimal('12600')}, {'design_a': 'No', 'design_b': 'Yes', 'wage_b': Decimal('9300'), 'wage_a': Decimal('11900')}]",12000,0.269009216,0.166827243,5.208587034,2.83531008
9/18/24 7:46,0b2f4029-a334-4237-b744-6ed6054bb297,Hindi,Vatva,37,Male,Formal,Steel + Cement,,local,,,,Monthly,,20000,"['0', '1', '1', '1', '1', '0', '1', '1', '1', '1']","[{'design_a': 'No', 'design_b': 'Yes', 'wage_b': Decimal('12000'), 'wage_a': Decimal('19500')}, {'design_a': 'No', 'design_b': 'Yes', 'wage_b': Decimal('10000'), 'wage_a': Decimal('12700')}, {'design_a': 'Yes', 'design_b': 'No', 'wage_b': Decimal('17000'), 'wage_a': Decimal('11600')}, {'design_a': 'Yes', 'design_b': 'No', 'wage_b': Decimal('21400'), 'wage_a': Decimal('16400')}, {'design_a': 'Yes', 'design_b': 'No', 'wage_b': Decimal('23900'), 'wage_a': Decimal('19400')}, {'design_a': 'Yes', 'design_b': 'No', 'wage_b': Decimal('14600'), 'wage_a': Decimal('11400')}, {'design_a': 'Yes', 'design_b': 'No', 'wage_b': Decimal('26600'), 'wage_a': Decimal('20300')}, {'design_a': 'No', 'design_b': 'Yes', 'wage_b': Decimal('15100'), 'wage_a': Decimal('18700')}, {'design_a': 'Yes', 'design_b': 'No', 'wage_b': Decimal('17800'), 'wage_a': Decimal('14200')}, {'design_a': 'Yes', 'design_b': 'No', 'wage_b': Decimal('25200'), 'wage_a': Decimal('20300')}]",20000,0.197763008,0.165637607,5.081857114,2.780741163
9/18/24 10:16,14b965a5-9132-4329-977f-413d68659490,English,Ahmedabad,34,Male,Informal,Construction,,local,,,,Monthly,,20000,"['0', '1', '1', '0', '0', '1', '1', '1', '0', '1']","[{'design_a': 'Yes', 'design_b': 'No', 'wage_b': Decimal('27700'), 'wage_a': Decimal('17000')}, {'design_a': 'Yes', 'design_b': 'No', 'wage_b': Decimal('18000'), 'wage_a': Decimal('12000')}, {'design_a': 'Yes', 'design_b': 'No', 'wage_b': Decimal('24800'), 'wage_a': Decimal('15200')}, {'design_a': 'No', 'design_b': 'Yes', 'wage_b': Decimal('11400'), 'wage_a': Decimal('15400')}, {'design_a': 'No', 'design_b': 'Yes', 'wage_b': Decimal('11700'), 'wage_a': Decimal('14100')}, {'design_a': 'Yes', 'design_b': 'No', 'wage_b': Decimal('26400'), 'wage_a': Decimal('24900')}, {'design_a': 'Yes', 'design_b': 'No', 'wage_b': Decimal('15000'), 'wage_a': Decimal('14100')}, {'design_a': 'Yes', 'design_b': 'No', 'wage_b': Decimal('16200'), 'wage_a': Decimal('15700')}, {'design_a': 'No', 'design_b': 'Yes', 'wage_b': Decimal('25900'), 'wage_a': Decimal('27500')}, {'design_a': 'Yes', 'design_b': 'No', 'wage_b': Decimal('29900'), 'wage_a': Decimal('25700')}]",20000,0.159283942,0.191558177,3.255476562,2.586689985
9/18/24 10:30,73524e79-4576-4b06-99d7-a90a3376f6ef,English,Ahmedabad,36,Male,Informal,Construction,,local,,,,Daily,,700,"['1', '1', '0', '0', '1', '1', '0', '0', '1', '0']","[{'design_a': 'Yes', 'design_b': 'No', 'wage_b': Decimal('1010'), 'wage_a': Decimal('585')}, {'design_a': 'Yes', 'design_b': 'No', 'wage_b': Decimal('815'), 'wage_a': Decimal('620')}, {'design_a': 'No', 'design_b': 'Yes', 'wage_b': Decimal('790'), 'wage_a': Decimal('960')}, {'design_a': 'No', 'design_b': 'Yes', 'wage_b': Decimal('910'), 'wage_a': Decimal('1005')}, {'design_a': 'No', 'design_b': 'Yes', 'wage_b': Decimal('1020'), 'wage_a': Decimal('1040')}, {'design_a': 'No', 'design_b': 'Yes', 'wage_b': Decimal('410'), 'wage_a': Decimal('435')}, {'design_a': 'No', 'design_b': 'Yes', 'wage_b': Decimal('815'), 'wage_a': Decimal('925')}, {'design_a': 'Yes', 'design_b': 'No', 'wage_b': Decimal('955'), 'wage_a': Decimal('915')}, {'design_a': 'Yes', 'design_b': 'No', 'wage_b': Decimal('940'), 'wage_a': Decimal('860')}, {'design_a': 'No', 'design_b': 'Yes', 'wage_b': Decimal('745'), 'wage_a': Decimal('915')}]",700,0.116378362,0.132464962,6.20309875,2.807322435
9/18/24 10:42,be567090-51b7-4fb8-90f0-5dcfd87ee328,English,Ahmedabad,56,Male,Informal,Construction,,local,,,,Daily,,1000,"['0', '0', '1', '0', '1', '1', '1', '1', '0', '1']","[{'design_a': 'No', 'design_b': 'Yes', 'wage_b': Decimal('1090'), 'wage_a': Decimal('1340')}, {'design_a': 'No', 'design_b': 'Yes', 'wage_b': Decimal('650'), 'wage_a': Decimal('855')}, {'design_a': 'Yes', 'design_b': 'No', 'wage_b': Decimal('1230'), 'wage_a': Decimal('1035')}, {'design_a': 'Yes', 'design_b': 'No', 'wage_b': Decimal('1365'), 'wage_a': Decimal('1290')}, {'design_a': 'Yes', 'design_b': 'No', 'wage_b': Decimal('1160'), 'wage_a': Decimal('1000')}, {'design_a': 'No', 'design_b': 'Yes', 'wage_b': Decimal('915'), 'wage_a': Decimal('1030')}, {'design_a': 'Yes', 'design_b': 'No', 'wage_b': Decimal('810'), 'wage_a': Decimal('630')}, {'design_a': 'Yes', 'design_b': 'No', 'wage_b': Decimal('845'), 'wage_a': Decimal('765')}, {'design_a': 'Yes', 'design_b': 'No', 'wage_b': Decimal('1335'), 'wage_a': Decimal('1205')}, {'design_a': 'No', 'design_b': 'Yes', 'wage_b': Decimal('1285'), 'wage_a': Decimal('1455')}]",1000,0.181245203,0.174886308,5.257299107,2.952735439
9/18/24 10:52,e8ae5afe-c9bf-4c3a-bcc9-789e4bd95895,English,Ahmedabad,42,Female,Informal,Other,Sweeper ,local,,,,Monthly,,8000,"['1', '1', '0', '0', '0', '0', '0', '0', '1', '1']","[{'design_a': 'Yes', 'design_b': 'No', 'wage_b': Decimal('7100'), 'wage_a': Decimal('4700')}, {'design_a': 'No', 'design_b': 'Yes', 'wage_b': Decimal('8500'), 'wage_a': Decimal('10700')}, {'design_a': 'Yes', 'design_b': 'No', 'wage_b': Decimal('11800'), 'wage_a': Decimal('8700')}, {'design_a': 'No', 'design_b': 'Yes', 'wage_b': Decimal('6900'), 'wage_a': Decimal('11100')}, {'design_a': 'Yes', 'design_b': 'No', 'wage_b': Decimal('11600'), 'wage_a': Decimal('7900')}, {'design_a': 'No', 'design_b': 'Yes', 'wage_b': Decimal('4700'), 'wage_a': Decimal('7100')}, {'design_a': 'No', 'design_b': 'Yes', 'wage_b': Decimal('6300'), 'wage_a': Decimal('8700')}, {'design_a': 'No', 'design_b': 'Yes', 'wage_b': Decimal('4400'), 'wage_a': Decimal('6300')}, {'design_a': 'No', 'design_b': 'Yes', 'wage_b': Decimal('9100'), 'wage_a': Decimal('11500')}, {'design_a': 'Yes', 'design_b': 'No', 'wage_b': Decimal('7900'), 'wage_a': Decimal('5700')}]",8000,0.305447802,0.173994491,4.975789681,2.863326521
9/18/24 10:59,f0acad51-0f56-41da-9c24-625cd48976f7,English,Ahmedabad,55,Female,Informal,Other,Anganwadi Helper,local,,,,Monthly,,5450,"['1', '1', '1', '1', '1', '1', '1', '1', '0', '1']","[{'design_a': 'Yes', 'design_b': 'No', 'wage_b': Decimal('5800'), 'wage_a': Decimal('3700')}, {'design_a': 'Yes', 'design_b': 'No', 'wage_b': Decimal('6000'), 'wage_a': Decimal('4100')}, {'design_a': 'No', 'design_b': 'Yes', 'wage_b': Decimal('5400'), 'wage_a': Decimal('5800')}, {'design_a': 'Yes', 'design_b': 'No', 'wage_b': Decimal('7100'), 'wage_a': Decimal('5900')}, {'design_a': 'No', 'design_b': 'Yes', 'wage_b': Decimal('6100'), 'wage_a': Decimal('6900')}, {'design_a': 'Yes', 'design_b': 'No', 'wage_b': Decimal('4800'), 'wage_a': Decimal('4000')}, {'design_a': 'Yes', 'design_b': 'No', 'wage_b': Decimal('7500'), 'wage_a': Decimal('5900')}, {'design_a': 'No', 'design_b': 'Yes', 'wage_b': Decimal('6300'), 'wage_a': Decimal('7200')}, {'design_a': 'Yes', 'design_b': 'No', 'wage_b': Decimal('7800'), 'wage_a': Decimal('6600')}, {'design_a': 'Yes', 'design_b': 'No', 'wage_b': Decimal('6900'), 'wage_a': Decimal('5100')}]",5450,0.196546029,0.146524967,6.088093461,2.748446894
9/19/24 9:51,5c0855ce-26ec-405b-a0b9-e6c6176c252a,English,Ahmedabad,44,Male,Informal,Other,Mattress maker,local,,,,Monthly,,18000,"['1', '1', '0', '1', '0', '0', '0', '0', '0', '1']","[{'design_a': 'No', 'design_b': 'Yes', 'wage_b': Decimal('13100'), 'wage_a': Decimal('22000')}, {'design_a': 'No', 'design_b': 'Yes', 'wage_b': Decimal('15000'), 'wage_a': Decimal('24900')}, {'design_a': 'No', 'design_b': 'Yes', 'wage_b': Decimal('9300'), 'wage_a': Decimal('22200')}, {'design_a': 'Yes', 'design_b': 'No', 'wage_b': Decimal('16800'), 'wage_a': Decimal('9000')}, {'design_a': 'No', 'design_b': 'Yes', 'wage_b': Decimal('11700'), 'wage_a': Decimal('20600')}, {'design_a': 'No', 'design_b': 'Yes', 'wage_b': Decimal('11700'), 'wage_a': Decimal('17300')}, {'design_a': 'No', 'design_b': 'Yes', 'wage_b': Decimal('11300'), 'wage_a': Decimal('15800')}, {'design_a': 'Yes', 'design_b': 'No', 'wage_b': Decimal('20700'), 'wage_a': Decimal('15900')}, {'design_a': 'No', 'design_b': 'Yes', 'wage_b': Decimal('11100'), 'wage_a': Decimal('14200')}, {'design_a': 'Yes', 'design_b': 'No', 'wage_b': Decimal('15800'), 'wage_a': Decimal('9200')}]",18000,0.311596921,0.191774333,3.688147223,2.490471123
9/19/24 9:59,4c7c5f4f-af52-4c02-b0b6-1c3ef1445ccf,English,Ahmedabad,30,Male,Formal,Other,Maintenance,local,,,,Monthly,,12000,"['1', '0', '0', '0', '0', '0', '0', '1', '1', '0']","[{'design_a': 'Yes', 'design_b': 'No', 'wage_b': Decimal('16700'), 'wage_a': Decimal('11100')}, {'design_a': 'No', 'design_b': 'Yes', 'wage_b': Decimal('8300'), 'wage_a': Decimal('10100')}, {'design_a': 'No', 'design_b': 'Yes', 'wage_b': Decimal('7300'), 'wage_a': Decimal('8100')}, {'design_a': 'No', 'design_b': 'Yes', 'wage_b': Decimal('12100'), 'wage_a': Decimal('13000')}, {'design_a': 'No', 'design_b': 'Yes', 'wage_b': Decimal('15000'), 'wage_a': Decimal('16900')}, {'design_a': 'Yes', 'design_b': 'No', 'wage_b': Decimal('13800'), 'wage_a': Decimal('13400')}, {'design_a': 'No', 'design_b': 'Yes', 'wage_b': Decimal('10100'), 'wage_a': Decimal('10800')}, {'design_a': 'Yes', 'design_b': 'No', 'wage_b': Decimal('6600'), 'wage_a': Decimal('6200')}, {'design_a': 'Yes', 'design_b': 'No', 'wage_b': Decimal('8500'), 'wage_a': Decimal('8100')}, {'design_a': 'No', 'design_b': 'Yes', 'wage_b': Decimal('9300'), 'wage_a': Decimal('11900')}]",12000,0.082852468,0.132521333,6.161836736,2.908660723
9/24/24 8:45,d47e6f13-9a7a-48b7-9196-3f00e35e9f4d,English,Savli,25,Male,Formal,Other,Manufacturing ,local,,,,Monthly,,15000,"['1', '1', '0', '0', '0', '0', '1', '0', '1', '1']","[{'design_a': 'No', 'design_b': 'Yes', 'wage_b': Decimal('9700'), 'wage_a': Decimal('15300')}, {'design_a': 'Yes', 'design_b': 'No', 'wage_b': Decimal('18800'), 'wage_a': Decimal('10300')}, {'design_a': 'Yes', 'design_b': 'No', 'wage_b': Decimal('16700'), 'wage_a': Decimal('10500')}, {'design_a': 'No', 'design_b': 'Yes', 'wage_b': Decimal('11900'), 'wage_a': Decimal('20400')}, {'design_a': 'Yes', 'design_b': 'No', 'wage_b': Decimal('21700'), 'wage_a': Decimal('13500')}, {'design_a': 'No', 'design_b': 'Yes', 'wage_b': Decimal('8600'), 'wage_a': Decimal('18100')}, {'design_a': 'Yes', 'design_b': 'No', 'wage_b': Decimal('16400'), 'wage_a': Decimal('10000')}, {'design_a': 'Yes', 'design_b': 'No', 'wage_b': Decimal('16200'), 'wage_a': Decimal('11200')}, {'design_a': 'No', 'design_b': 'Yes', 'wage_b': Decimal('15600'), 'wage_a': Decimal('21100')}, {'design_a': 'No', 'design_b': 'Yes', 'wage_b': Decimal('11000'), 'wage_a': Decimal('17800')}]",15000,0.568506963,0.153229718,5.881788036,2.775197157
9/29/24 9:25,116c7e5d-3946-443a-8bc2-183105395d85,English,Savli,46,Male,Formal,Steel + Cement,,local,,,,Monthly,,10500,"['1', '1', '0', '0', '1', '1', '0', '1', '0', '0']","[{'design_a': 'No', 'design_b': 'Yes', 'wage_b': Decimal('6400'), 'wage_a': Decimal('10100')}, {'design_a': 'No', 'design_b': 'Yes', 'wage_b': Decimal('7800'), 'wage_a': Decimal('14900')}, {'design_a': 'Yes', 'design_b': 'No', 'wage_b': Decimal('13100'), 'wage_a': Decimal('6300')}, {'design_a': 'No', 'design_b': 'Yes', 'wage_b': Decimal('6500'), 'wage_a': Decimal('15100')}, {'design_a': 'No', 'design_b': 'Yes', 'wage_b': Decimal('6500'), 'wage_a': Decimal('9600')}, {'design_a': 'Yes', 'design_b': 'No', 'wage_b': Decimal('14000'), 'wage_a': Decimal('6200')}, {'design_a': 'No', 'design_b': 'Yes', 'wage_b': Decimal('7600'), 'wage_a': Decimal('12900')}, {'design_a': 'Yes', 'design_b': 'No', 'wage_b': Decimal('13600'), 'wage_a': Decimal('7500')}, {'design_a': 'No', 'design_b': 'Yes', 'wage_b': Decimal('6400'), 'wage_a': Decimal('11500')}, {'design_a': 'Yes', 'design_b': 'No', 'wage_b': Decimal('10900'), 'wage_a': Decimal('6700')}]",10500,0.578492646,0.19334865,4.306330208,2.790581562
9/29/24 9:30,ef6ca5d0-613e-4c90-a44f-fd57952858a2,English,Savli,21,Male,Formal,Steel + Cement,,local,,,,Monthly,,20000,"['1', '1', '1', '0', '0', '0', '0', '1', '0', '0']","[{'design_a': 'Yes', 'design_b': 'No', 'wage_b': Decimal('21000'), 'wage_a': Decimal('12200')}, {'design_a': 'Yes', 'design_b': 'No', 'wage_b': Decimal('27300'), 'wage_a': Decimal('18100')}, {'design_a': 'No', 'design_b': 'Yes', 'wage_b': Decimal('24800'), 'wage_a': Decimal('30000')}, {'design_a': 'Yes', 'design_b': 'No', 'wage_b': Decimal('15000'), 'wage_a': Decimal('10600')}, {'design_a': 'Yes', 'design_b': 'No', 'wage_b': Decimal('19100'), 'wage_a': Decimal('13100')}, {'design_a': 'No', 'design_b': 'Yes', 'wage_b': Decimal('13700'), 'wage_a': Decimal('25500')}, {'design_a': 'Yes', 'design_b': 'No', 'wage_b': Decimal('19100'), 'wage_a': Decimal('14000')}, {'design_a': 'Yes', 'design_b': 'No', 'wage_b': Decimal('20300'), 'wage_a': Decimal('11800')}, {'design_a': 'No', 'design_b': 'Yes', 'wage_b': Decimal('15900'), 'wage_a': Decimal('27100')}, {'design_a': 'No', 'design_b': 'Yes', 'wage_b': Decimal('15000'), 'wage_a': Decimal('24100')}]",20000,0.358867512,0.135196102,6.524120574,2.584013101
10/9/24 8:14,7d89b36c-2862-4d1d-9eb8-5e928ebc4fef,Hindi,Dahej,32,Female,Informal,Construction,,migrant,family,Chhattisgarh,,Monthly,,15000,"['0', '1', '1', '0', '0', '0', '0', '1', '1', '1']","[{'design_a': 'No', 'design_b': 'Yes', 'wage_b': Decimal('10100'), 'wage_a': Decimal('15600')}, {'design_a': 'No', 'design_b': 'Yes', 'wage_b': Decimal('16800'), 'wage_a': Decimal('22100')}, {'design_a': 'Yes', 'design_b': 'No', 'wage_b': Decimal('20400'), 'wage_a': Decimal('13600')}, {'design_a': 'No', 'design_b': 'Yes', 'wage_b': Decimal('14400'), 'wage_a': Decimal('19800')}, {'design_a': 'Yes', 'design_b': 'No', 'wage_b': Decimal('19000'), 'wage_a': Decimal('15700')}, {'design_a': 'No', 'design_b': 'Yes', 'wage_b': Decimal('15200'), 'wage_a': Decimal('21200')}, {'design_a': 'Yes', 'design_b': 'No', 'wage_b': Decimal('16400'), 'wage_a': Decimal('12000')}, {'design_a': 'Yes', 'design_b': 'No', 'wage_b': Decimal('12700'), 'wage_a': Decimal('8200')}, {'design_a': 'Yes', 'design_b': 'No', 'wage_b': Decimal('22400'), 'wage_a': Decimal('16600')}, {'design_a': 'No', 'design_b': 'Yes', 'wage_b': Decimal('14100'), 'wage_a': Decimal('18600')}]",15000,0.287387879,0.161874365,5.336722109,2.88797905
10/9/24 8:24,6958783e-6f27-4a34-976b-f1d7750df16e,Hindi,Dahej,28,Male,Informal,Chemical,,migrant,family,West Bengal,,Monthly,,25000,"['1', '1', '0', '1', '1', '0', '0', '1', '0', '1']","[{'design_a': 'Yes', 'design_b': 'No', 'wage_b': Decimal('33200'), 'wage_a': Decimal('19900')}, {'design_a': 'Yes', 'design_b': 'No', 'wage_b': Decimal('37300'), 'wage_a': Decimal('27100')}, {'design_a': 'Yes', 'design_b': 'No', 'wage_b': Decimal('23300'), 'wage_a': Decimal('19900')}, {'design_a': 'No', 'design_b': 'Yes', 'wage_b': Decimal('21300'), 'wage_a': Decimal('27100')}, {'design_a': 'Yes', 'design_b': 'No', 'wage_b': Decimal('25800'), 'wage_a': Decimal('19700')}, {'design_a': 'No', 'design_b': 'Yes', 'wage_b': Decimal('21700'), 'wage_a': Decimal('28300')}, {'design_a': 'No', 'design_b': 'Yes', 'wage_b': Decimal('25700'), 'wage_a': Decimal('32200')}, {'design_a': 'Yes', 'design_b': 'No', 'wage_b': Decimal('34700'), 'wage_a': Decimal('29000')}, {'design_a': 'Yes', 'design_b': 'No', 'wage_b': Decimal('27200'), 'wage_a': Decimal('25100')}, {'design_a': 'Yes', 'design_b': 'No', 'wage_b': Decimal('36900'), 'wage_a': Decimal('30800')}]",25000,0.158984994,0.132983808,5.858031612,2.756372299
10/9/24 9:58,88bdfb92-40e5-406d-8e5d-dee34569bf68,Hindi,Dahej,36,Male,Formal,Construction,,local,,,,Daily,,350,"['0', '0', '1', '1', '0', '1', '1', '1', '0', '1']","[{'design_a': 'No', 'design_b': 'Yes', 'wage_b': Decimal('310'), 'wage_a': Decimal('480')}, {'design_a': 'No', 'design_b': 'Yes', 'wage_b': Decimal('180'), 'wage_a': Decimal('235')}, {'design_a': 'Yes', 'design_b': 'No', 'wage_b': Decimal('410'), 'wage_a': Decimal('345')}, {'design_a': 'Yes', 'design_b': 'No', 'wage_b': Decimal('515'), 'wage_a': Decimal('460')}, {'design_a': 'Yes', 'design_b': 'No', 'wage_b': Decimal('465'), 'wage_a': Decimal('430')}, {'design_a': 'Yes', 'design_b': 'No', 'wage_b': Decimal('430'), 'wage_a': Decimal('375')}, {'design_a': 'Yes', 'design_b': 'No', 'wage_b': Decimal('480'), 'wage_a': Decimal('435')}, {'design_a': 'No', 'design_b': 'Yes', 'wage_b': Decimal('410'), 'wage_a': Decimal('440')}, {'design_a': 'Yes', 'design_b': 'No', 'wage_b': Decimal('220'), 'wage_a': Decimal('200')}, {'design_a': 'Yes', 'design_b': 'No', 'wage_b': Decimal('435'), 'wage_a': Decimal('385')}]",350,0.130134264,0.14854407,5.796569613,2.906254173
10/15/24 6:51,f0b83b6c-20cd-40da-aa0d-504a7b8ad732,English,Ahmedabad,29,Female,Formal,Other,Social Sector,local,,,,Monthly,,10000,"['1', '0', '1', '0', '1', '1', '0', '0', '0', '0']","[{'design_a': 'No', 'design_b': 'Yes', 'wage_b': Decimal('5200'), 'wage_a': Decimal('8400')}, {'design_a': 'Yes', 'design_b': 'No', 'wage_b': Decimal('10300'), 'wage_a': Decimal('6400')}, {'design_a': 'No', 'design_b': 'Yes', 'wage_b': Decimal('7900'), 'wage_a': Decimal('13700')}, {'design_a': 'Yes', 'design_b': 'No', 'wage_b': Decimal('14600'), 'wage_a': Decimal('6600')}, {'design_a': 'No', 'design_b': 'Yes', 'wage_b': Decimal('5200'), 'wage_a': Decimal('11500')}, {'design_a': 'No', 'design_b': 'Yes', 'wage_b': Decimal('6100'), 'wage_a': Decimal('14200')}, {'design_a': 'Yes', 'design_b': 'No', 'wage_b': Decimal('11000'), 'wage_a': Decimal('6000')}, {'design_a': 'Yes', 'design_b': 'No', 'wage_b': Decimal('11700'), 'wage_a': Decimal('5200')}, {'design_a': 'Yes', 'design_b': 'No', 'wage_b': Decimal('10000'), 'wage_a': Decimal('6300')}, {'design_a': 'Yes', 'design_b': 'No', 'wage_b': Decimal('14400'), 'wage_a': Decimal('5700')}]",10000,0.934023828,0.067375276,7.247533489,2.107548776
10/15/24 7:04,271152a0-0b37-4813-94b5-084be0b0af33,English,Ahmedabad,22,Male,Formal,Other,Food Distribution,local,,,,Monthly,,22000,"['1', '1', '1', '1', '0', '1', '1', '1', '1', '1']","[{'design_a': 'No', 'design_b': 'Yes', 'wage_b': Decimal('18700'), 'wage_a': Decimal('31400')}, {'design_a': 'Yes', 'design_b': 'No', 'wage_b': Decimal('27500'), 'wage_a': Decimal('14800')}, {'design_a': 'No', 'design_b': 'Yes', 'wage_b': Decimal('18600'), 'wage_a': Decimal('32200')}, {'design_a': 'No', 'design_b': 'Yes', 'wage_b': Decimal('16400'), 'wage_a': Decimal('30900')}, {'design_a': 'No', 'design_b': 'Yes', 'wage_b': Decimal('13800'), 'wage_a': Decimal('30700')}, {'design_a': 'No', 'design_b': 'Yes', 'wage_b': Decimal('16000'), 'wage_a': Decimal('28500')}, {'design_a': 'Yes', 'design_b': 'No', 'wage_b': Decimal('23000'), 'wage_a': Decimal('12100')}, {'design_a': 'No', 'design_b': 'Yes', 'wage_b': Decimal('16600'), 'wage_a': Decimal('31000')}, {'design_a': 'Yes', 'design_b': 'No', 'wage_b': Decimal('26200'), 'wage_a': Decimal('13300')}, {'design_a': 'Yes', 'design_b': 'No', 'wage_b': Decimal('20800'), 'wage_a': Decimal('13700')}]",22000,0.573469371,0.20499697,3.640746415,2.679963189
10/15/24 7:17,de6f0752-e767-44c1-910c-825598c00e4c,English,Ahmedabad,20,Male,Informal,Other,Logistics,local,,,,Daily,,450,"['1', '1', '0', '1', '0', '0', '0', '1', '1', '1']","[{'design_a': 'Yes', 'design_b': 'No', 'wage_b': Decimal('475'), 'wage_a': Decimal('320')}, {'design_a': 'No', 'design_b': 'Yes', 'wage_b': Decimal('245'), 'wage_a': Decimal('315')}, {'design_a': 'No', 'design_b': 'Yes', 'wage_b': Decimal('330'), 'wage_a': Decimal('525')}, {'design_a': 'Yes', 'design_b': 'No', 'wage_b': Decimal('650'), 'wage_a': Decimal('505')}, {'design_a': 'Yes', 'design_b': 'No', 'wage_b': Decimal('320'), 'wage_a': Decimal('265')}, {'design_a': 'No', 'design_b': 'Yes', 'wage_b': Decimal('350'), 'wage_a': Decimal('550')}, {'design_a': 'No', 'design_b': 'Yes', 'wage_b': Decimal('395'), 'wage_a': Decimal('540')}, {'design_a': 'Yes', 'design_b': 'No', 'wage_b': Decimal('470'), 'wage_a': Decimal('370')}, {'design_a': 'Yes', 'design_b': 'No', 'wage_b': Decimal('525'), 'wage_a': Decimal('435')}, {'design_a': 'No', 'design_b': 'Yes', 'wage_b': Decimal('400'), 'wage_a': Decimal('470')}]",450,0.190608661,0.140523894,5.855178465,2.670899366
10/15/24 7:24,3cbb1ced-ed93-4805-ad56-486179dc4694,Hindi,Dahej,25,Male,Informal,Construction,,migrant,alone,West Bengal,,Monthly,,18000,"['1', '1', '0', '0', '1', '1', '1', '0', '0', '1']","[{'design_a': 'Yes', 'design_b': 'No', 'wage_b': Decimal('24800'), 'wage_a': Decimal('16700')}, {'design_a': 'No', 'design_b': 'Yes', 'wage_b': Decimal('16100'), 'wage_a': Decimal('20600')}, {'design_a': 'Yes', 'design_b': 'No', 'wage_b': Decimal('13400'), 'wage_a': Decimal('9400')}, {'design_a': 'No', 'design_b': 'Yes', 'wage_b': Decimal('15800'), 'wage_a': Decimal('26500')}, {'design_a': 'Yes', 'design_b': 'No', 'wage_b': Decimal('14500'), 'wage_a': Decimal('9200')}, {'design_a': 'Yes', 'design_b': 'No', 'wage_b': Decimal('23400'), 'wage_a': Decimal('15900')}, {'design_a': 'Yes', 'design_b': 'No', 'wage_b': Decimal('22700'), 'wage_a': Decimal('15900')}, {'design_a': 'Yes', 'design_b': 'No', 'wage_b': Decimal('13100'), 'wage_a': Decimal('10200')}, {'design_a': 'No', 'design_b': 'Yes', 'wage_b': Decimal('13800'), 'wage_a': Decimal('19700')}, {'design_a': 'No', 'design_b': 'Yes', 'wage_b': Decimal('10000'), 'wage_a': Decimal('13600')}]",18000,0.310824453,0.158941962,5.577792248,2.866631586
10/15/24 7:24,e7f9401a-542f-4173-a685-b49ead5e8db2,Hindi,Dahej,36,Male,Informal,Chemical,,migrant,family,Jharkhand,,Monthly,,21000,"['1', '0', '1', '1', '1', '0', '1', '0', '1', '1']","[{'design_a': 'Yes', 'design_b': 'No', 'wage_b': Decimal('27200'), 'wage_a': Decimal('18300')}, {'design_a': 'No', 'design_b': 'Yes', 'wage_b': Decimal('12000'), 'wage_a': Decimal('14900')}, {'design_a': 'Yes', 'design_b': 'No', 'wage_b': Decimal('14200'), 'wage_a': Decimal('12900')}, {'design_a': 'Yes', 'design_b': 'No', 'wage_b': Decimal('19900'), 'wage_a': Decimal('17500')}, {'design_a': 'Yes', 'design_b': 'No', 'wage_b': Decimal('15200'), 'wage_a': Decimal('14200')}, {'design_a': 'No', 'design_b': 'Yes', 'wage_b': Decimal('25600'), 'wage_a': Decimal('26800')}, {'design_a': 'No', 'design_b': 'Yes', 'wage_b': Decimal('22600'), 'wage_a': Decimal('23000')}, {'design_a': 'No', 'design_b': 'Yes', 'wage_b': Decimal('23500'), 'wage_a': Decimal('25000')}, {'design_a': 'Yes', 'design_b': 'No', 'wage_b': Decimal('21500'), 'wage_a': Decimal('20000')}, {'design_a': 'Yes', 'design_b': 'No', 'wage_b': Decimal('12900'), 'wage_a': Decimal('11600')}]",21000,0.090468631,0.15048687,5.849780626,2.97749853
10/15/24 7:33,35186e53-664c-4f93-96bb-b08396f0a593,Hindi,Dahej,32,Female,Informal,Construction,,migrant,family,Madhya Pradesh,,Monthly,,13000,"['1', '0', '1', '1', '1', '0', '1', '0', '0', '1']","[{'design_a': 'Yes', 'design_b': 'No', 'wage_b': Decimal('14200'), 'wage_a': Decimal('8600')}, {'design_a': 'No', 'design_b': 'Yes', 'wage_b': Decimal('8500'), 'wage_a': Decimal('11500')}, {'design_a': 'Yes', 'design_b': 'No', 'wage_b': Decimal('17700'), 'wage_a': Decimal('15000')}, {'design_a': 'Yes', 'design_b': 'No', 'wage_b': Decimal('8100'), 'wage_a': Decimal('7200')}, {'design_a': 'Yes', 'design_b': 'No', 'wage_b': Decimal('17000'), 'wage_a': Decimal('16300')}, {'design_a': 'No', 'design_b': 'Yes', 'wage_b': Decimal('18400'), 'wage_a': Decimal('19200')}, {'design_a': 'Yes', 'design_b': 'No', 'wage_b': Decimal('10700'), 'wage_a': Decimal('10500')}, {'design_a': 'No', 'design_b': 'Yes', 'wage_b': Decimal('17200'), 'wage_a': Decimal('18300')}, {'design_a': 'No', 'design_b': 'Yes', 'wage_b': Decimal('14700'), 'wage_a': Decimal('15000')}, {'design_a': 'Yes', 'design_b': 'No', 'wage_b': Decimal('8100'), 'wage_a': Decimal('7800')}]",13000,0.094725985,0.157658204,5.303761881,3.081239828
10/15/24 7:34,3cd3ddc3-2fbe-48e0-9571-339a9a01831e,Hindi,Dahej,35,Male,Informal,Chemical,,migrant,family,Bihar,,Monthly,,30000,"['0', '0', '1', '1', '0', '0', '0', '1', '1', '1']","[{'design_a': 'No', 'design_b': 'Yes', 'wage_b': Decimal('17500'), 'wage_a': Decimal('29700')}, {'design_a': 'No', 'design_b': 'Yes', 'wage_b': Decimal('31300'), 'wage_a': Decimal('41900')}, {'design_a': 'No', 'design_b': 'Yes', 'wage_b': Decimal('21500'), 'wage_a': Decimal('25500')}, {'design_a': 'No', 'design_b': 'Yes', 'wage_b': Decimal('21100'), 'wage_a': Decimal('28000')}, {'design_a': 'Yes', 'design_b': 'No', 'wage_b': Decimal('21200'), 'wage_a': Decimal('15100')}, {'design_a': 'Yes', 'design_b': 'No', 'wage_b': Decimal('22900'), 'wage_a': Decimal('16400')}, {'design_a': 'No', 'design_b': 'Yes', 'wage_b': Decimal('22500'), 'wage_a': Decimal('41800')}, {'design_a': 'Yes', 'design_b': 'No', 'wage_b': Decimal('30900'), 'wage_a': Decimal('21400')}, {'design_a': 'Yes', 'design_b': 'No', 'wage_b': Decimal('37000'), 'wage_a': Decimal('25500')}, {'design_a': 'Yes', 'design_b': 'No', 'wage_b': Decimal('31200'), 'wage_a': Decimal('21100')}]",30000,0.314144885,0.163784354,5.432841289,2.801692588
10/15/24 7:36,ae2255e0-41ce-4375-b1f5-15e6f7a48e26,English,Ahmedabad,26,Female,Informal,Garment,,local,,,,Monthly,,6000,"['0', '1', '1', '1', '1', '0', '0', '0', '0', '0']","[{'design_a': 'Yes', 'design_b': 'No', 'wage_b': Decimal('7100'), 'wage_a': Decimal('4600')}, {'design_a': 'Yes', 'design_b': 'No', 'wage_b': Decimal('8100'), 'wage_a': Decimal('3900')}, {'design_a': 'Yes', 'design_b': 'No', 'wage_b': Decimal('6100'), 'wage_a': Decimal('3400')}, {'design_a': 'No', 'design_b': 'Yes', 'wage_b': Decimal('5100'), 'wage_a': Decimal('8000')}, {'design_a': 'No', 'design_b': 'Yes', 'wage_b': Decimal('3300'), 'wage_a': Decimal('5300')}, {'design_a': 'Yes', 'design_b': 'No', 'wage_b': Decimal('5400'), 'wage_a': Decimal('3100')}, {'design_a': 'No', 'design_b': 'Yes', 'wage_b': Decimal('3100'), 'wage_a': Decimal('6400')}, {'design_a': 'No', 'design_b': 'Yes', 'wage_b': Decimal('3000'), 'wage_a': Decimal('5600')}, {'design_a': 'No', 'design_b': 'Yes', 'wage_b': Decimal('4800'), 'wage_a': Decimal('8400')}, {'design_a': 'Yes', 'design_b': 'No', 'wage_b': Decimal('5100'), 'wage_a': Decimal('3000')}]",6000,0.562615525,0.157947843,5.622377632,2.791762192
10/15/24 7:41,511c7437-7957-4694-856b-fbb2610ad34d,English,Ahmedabad,20,Female,Informal,Garment,,local,,,,Monthly,,1000,"['1', '1', '1', '0', '1', '0', '0', '1', '1', '1']","[{'design_a': 'No', 'design_b': 'Yes', 'wage_b': Decimal('1000'), 'wage_a': Decimal('1500')}, {'design_a': 'No', 'design_b': 'Yes', 'wage_b': Decimal('600'), 'wage_a': Decimal('1300')}, {'design_a': 'No', 'design_b': 'Yes', 'wage_b': Decimal('600'), 'wage_a': Decimal('1400')}, {'design_a': 'Yes', 'design_b': 'No', 'wage_b': Decimal('1500'), 'wage_a': Decimal('600')}, {'design_a': 'No', 'design_b': 'Yes', 'wage_b': Decimal('600'), 'wage_a': Decimal('1400')}, {'design_a': 'Yes', 'design_b': 'No', 'wage_b': Decimal('1100'), 'wage_a': Decimal('500')}, {'design_a': 'Yes', 'design_b': 'No', 'wage_b': Decimal('1100'), 'wage_a': Decimal('500')}, {'design_a': 'No', 'design_b': 'Yes', 'wage_b': Decimal('500'), 'wage_a': Decimal('1300')}, {'design_a': 'No', 'design_b': 'Yes', 'wage_b': Decimal('600'), 'wage_a': Decimal('1500')}, {'design_a': 'No', 'design_b': 'Yes', 'wage_b': Decimal('600'), 'wage_a': Decimal('1200')}]",1000,0.945454942,0.078423916,7.075633406,2.379479172
10/15/24 8:02,995cc633-be44-4dbd-9212-20faa11851a6,Hindi,Dahej,32000,Female,Informal,Construction,,migrant,family,Uttar Pradesh,,Monthly,,16000,"['1', '1', '0', '1', '1', '1', '0', '0', '0', '0']","[{'design_a': 'Yes', 'design_b': 'No', 'wage_b': Decimal('16100'), 'wage_a': Decimal('9700')}, {'design_a': 'Yes', 'design_b': 'No', 'wage_b': Decimal('17000'), 'wage_a': Decimal('12700')}, {'design_a': 'Yes', 'design_b': 'No', 'wage_b': Decimal('15200'), 'wage_a': Decimal('13800')}, {'design_a': 'No', 'design_b': 'Yes', 'wage_b': Decimal('12400'), 'wage_a': Decimal('14800')}, {'design_a': 'Yes', 'design_b': 'No', 'wage_b': Decimal('23000'), 'wage_a': Decimal('17900')}, {'design_a': 'Yes', 'design_b': 'No', 'wage_b': Decimal('20200'), 'wage_a': Decimal('15400')}, {'design_a': 'No', 'design_b': 'Yes', 'wage_b': Decimal('19200'), 'wage_a': Decimal('24000')}, {'design_a': 'Yes', 'design_b': 'No', 'wage_b': Decimal('12000'), 'wage_a': Decimal('9500')}, {'design_a': 'Yes', 'design_b': 'No', 'wage_b': Decimal('20600'), 'wage_a': Decimal('16400')}, {'design_a': 'No', 'design_b': 'Yes', 'wage_b': Decimal('18500'), 'wage_a': Decimal('23600')}]",16000,0.230107166,0.159414542,5.394932251,2.941614416
10/15/24 8:02,e9b5dbdc-581a-428d-b740-84ca947190a2,Hindi,Dahej,26,Male,Informal,Chemical,,local,,,,Monthly,,16000,"['0', '1', '1', '1', '1', '1', '1', '1', '0', '0']","[{'design_a': 'No', 'design_b': 'Yes', 'wage_b': Decimal('10200'), 'wage_a': Decimal('16500')}, {'design_a': 'No', 'design_b': 'Yes', 'wage_b': Decimal('12500'), 'wage_a': Decimal('15800')}, {'design_a': 'Yes', 'design_b': 'No', 'wage_b': Decimal('21900'), 'wage_a': Decimal('15400')}, {'design_a': 'Yes', 'design_b': 'No', 'wage_b': Decimal('23000'), 'wage_a': Decimal('16300')}, {'design_a': 'Yes', 'design_b': 'No', 'wage_b': Decimal('19600'), 'wage_a': Decimal('15000')}, {'design_a': 'Yes', 'design_b': 'No', 'wage_b': Decimal('23100'), 'wage_a': Decimal('18000')}, {'design_a': 'No', 'design_b': 'Yes', 'wage_b': Decimal('18300'), 'wage_a': Decimal('20700')}, {'design_a': 'No', 'design_b': 'Yes', 'wage_b': Decimal('19100'), 'wage_a': Decimal('23800')}, {'design_a': 'No', 'design_b': 'Yes', 'wage_b': Decimal('15100'), 'wage_a': Decimal('19200')}, {'design_a': 'Yes', 'design_b': 'No', 'wage_b': Decimal('11800'), 'wage_a': Decimal('9500')}]",16000,0.250243702,0.167367456,5.601625528,2.884118023
10/15/24 8:23,8faf41ec-f095-47de-ad23-603a6a30cf8a,Hindi,Dahej,50,Male,Informal,Steel + Cement,,migrant,family,Uttarakhand,,Monthly,,17500,"['1', '1', '0', '0', '0', '0', '0', '1', '0', '1']","[{'design_a': 'No', 'design_b': 'Yes', 'wage_b': Decimal('14800'), 'wage_a': Decimal('24800')}, {'design_a': 'No', 'design_b': 'Yes', 'wage_b': Decimal('12100'), 'wage_a': Decimal('23500')}, {'design_a': 'Yes', 'design_b': 'No', 'wage_b': Decimal('22600'), 'wage_a': Decimal('9800')}, {'design_a': 'Yes', 'design_b': 'No', 'wage_b': Decimal('20900'), 'wage_a': Decimal('11000')}, {'design_a': 'Yes', 'design_b': 'No', 'wage_b': Decimal('23900'), 'wage_a': Decimal('10600')}, {'design_a': 'Yes', 'design_b': 'No', 'wage_b': Decimal('24800'), 'wage_a': Decimal('12600')}, {'design_a': 'Yes', 'design_b': 'No', 'wage_b': Decimal('23000'), 'wage_a': Decimal('9400')}, {'design_a': 'No', 'design_b': 'Yes', 'wage_b': Decimal('10800'), 'wage_a': Decimal('24500')}, {'design_a': 'Yes', 'design_b': 'No', 'wage_b': Decimal('24600'), 'wage_a': Decimal('9500')}, {'design_a': 'No', 'design_b': 'Yes', 'wage_b': Decimal('9600'), 'wage_a': Decimal('23300')}]",17500,0.945253771,0.06673898,7.351980649,2.279356948
10/15/24 8:29,6ac019dc-e96f-423f-b3d5-dbf8e0e4357f,Hindi,Dahej,41,Male,Informal,Construction,,migrant,alone,Chhattisgarh,,Monthly,,23000,"['0', '0', '1', '0', '1', '0', '1', '1', '0', '1']","[{'design_a': 'No', 'design_b': 'Yes', 'wage_b': Decimal('20200'), 'wage_a': Decimal('33000')}, {'design_a': 'No', 'design_b': 'Yes', 'wage_b': Decimal('16300'), 'wage_a': Decimal('22400')}, {'design_a': 'No', 'design_b': 'Yes', 'wage_b': Decimal('26700'), 'wage_a': Decimal('31700')}, {'design_a': 'No', 'design_b': 'Yes', 'wage_b': Decimal('25400'), 'wage_a': Decimal('34500')}, {'design_a': 'Yes', 'design_b': 'No', 'wage_b': Decimal('25700'), 'wage_a': Decimal('20200')}, {'design_a': 'No', 'design_b': 'Yes', 'wage_b': Decimal('27500'), 'wage_a': Decimal('34200')}, {'design_a': 'Yes', 'design_b': 'No', 'wage_b': Decimal('20600'), 'wage_a': Decimal('17200')}, {'design_a': 'Yes', 'design_b': 'No', 'wage_b': Decimal('28000'), 'wage_a': Decimal('24600')}, {'design_a': 'No', 'design_b': 'Yes', 'wage_b': Decimal('23400'), 'wage_a': Decimal('25400')}, {'design_a': 'Yes', 'design_b': 'No', 'wage_b': Decimal('33700'), 'wage_a': Decimal('32100')}]",23000,0.080123516,0.10610244,6.296656172,2.614816563
10/15/24 8:51,b20cf652-9707-474a-845a-c55f2e3c9750,English,Ahmedabad,47,Male,Informal,Garment,,local,,,,Monthly,,18000,"['0', '1', '1', '1', '0', '1', '1', '1', '1', '1']","[{'design_a': 'Yes', 'design_b': 'No', 'wage_b': Decimal('22700'), 'wage_a': Decimal('13200')}, {'design_a': 'Yes', 'design_b': 'No', 'wage_b': Decimal('22700'), 'wage_a': Decimal('10700')}, {'design_a': 'Yes', 'design_b': 'No', 'wage_b': Decimal('22600'), 'wage_a': Decimal('13500')}, {'design_a': 'No', 'design_b': 'Yes', 'wage_b': Decimal('16700'), 'wage_a': Decimal('26200')}, {'design_a': 'Yes', 'design_b': 'No', 'wage_b': Decimal('20700'), 'wage_a': Decimal('11700')}, {'design_a': 'Yes', 'design_b': 'No', 'wage_b': Decimal('21200'), 'wage_a': Decimal('9400')}, {'design_a': 'No', 'design_b': 'Yes', 'wage_b': Decimal('13000'), 'wage_a': Decimal('24000')}, {'design_a': 'No', 'design_b': 'Yes', 'wage_b': Decimal('11300'), 'wage_a': Decimal('22000')}, {'design_a': 'No', 'design_b': 'Yes', 'wage_b': Decimal('12800'), 'wage_a': Decimal('24600')}, {'design_a': 'No', 'design_b': 'Yes', 'wage_b': Decimal('12200'), 'wage_a': Decimal('24300')}]",18000,0.754072447,0.161204515,5.030117353,2.746730076
10/15/24 9:00,8ec9c253-f3f9-4697-a492-190892079bd1,English,Ahmedabad,25,Male,Informal,Construction,,local,,,,Daily,,600,"['0', '1', '0', '0', '1', '1', '0', '1', '0', '1']","[{'design_a': 'No', 'design_b': 'Yes', 'wage_b': Decimal('510'), 'wage_a': Decimal('835')}, {'design_a': 'Yes', 'design_b': 'No', 'wage_b': Decimal('810'), 'wage_a': Decimal('585')}, {'design_a': 'No', 'design_b': 'Yes', 'wage_b': Decimal('470'), 'wage_a': Decimal('585')}, {'design_a': 'No', 'design_b': 'Yes', 'wage_b': Decimal('325'), 'wage_a': Decimal('805')}, {'design_a': 'Yes', 'design_b': 'No', 'wage_b': Decimal('715'), 'wage_a': Decimal('630')}, {'design_a': 'Yes', 'design_b': 'No', 'wage_b': Decimal('820'), 'wage_a': Decimal('765')}, {'design_a': 'No', 'design_b': 'Yes', 'wage_b': Decimal('860'), 'wage_a': Decimal('900')}, {'design_a': 'Yes', 'design_b': 'No', 'wage_b': Decimal('880'), 'wage_a': Decimal('840')}, {'design_a': 'No', 'design_b': 'Yes', 'wage_b': Decimal('690'), 'wage_a': Decimal('800')}, {'design_a': 'Yes', 'design_b': 'No', 'wage_b': Decimal('815'), 'wage_a': Decimal('660')}]",600,0.061150556,0.08636392,6.51491234,2.528259357
10/15/24 9:26,d7e9bcfc-b62f-4b18-8367-cd86ab72ac08,English,Ahmedabad,39,Male,Informal,Other,Vegetable Vendor,local,,,,Daily,,500,"['1', '0', '0', '0', '0', '0', '0', '0', '1', '0']","[{'design_a': 'No', 'design_b': 'Yes', 'wage_b': Decimal('380'), 'wage_a': Decimal('545')}, {'design_a': 'Yes', 'design_b': 'No', 'wage_b': Decimal('635'), 'wage_a': Decimal('405')}, {'design_a': 'Yes', 'design_b': 'No', 'wage_b': Decimal('535'), 'wage_a': Decimal('265')}, {'design_a': 'Yes', 'design_b': 'No', 'wage_b': Decimal('750'), 'wage_a': Decimal('440')}, {'design_a': 'Yes', 'design_b': 'No', 'wage_b': Decimal('650'), 'wage_a': Decimal('305')}, {'design_a': 'Yes', 'design_b': 'No', 'wage_b': Decimal('565'), 'wage_a': Decimal('305')}, {'design_a': 'Yes', 'design_b': 'No', 'wage_b': Decimal('580'), 'wage_a': Decimal('345')}, {'design_a': 'Yes', 'design_b': 'No', 'wage_b': Decimal('675'), 'wage_a': Decimal('405')}, {'design_a': 'No', 'design_b': 'Yes', 'wage_b': Decimal('325'), 'wage_a': Decimal('745')}, {'design_a': 'Yes', 'design_b': 'No', 'wage_b': Decimal('745'), 'wage_a': Decimal('285')}]",500,0.925297091,0.068653249,7.10181923,2.026290086
10/15/24 10:21,900bb5e6-f9a9-42a0-bd3f-f9f9a982fce2,English,Ahmedabad,45,Male,Informal,Other,Logistics,local,,,,Daily,,1000,"['0', '0', '1', '1', '1', '1', '0', '1', '0', '1']","[{'design_a': 'Yes', 'design_b': 'No', 'wage_b': Decimal('1275'), 'wage_a': Decimal('705')}, {'design_a': 'Yes', 'design_b': 'No', 'wage_b': Decimal('1450'), 'wage_a': Decimal('685')}, {'design_a': 'No', 'design_b': 'Yes', 'wage_b': Decimal('525'), 'wage_a': Decimal('1060')}, {'design_a': 'No', 'design_b': 'Yes', 'wage_b': Decimal('540'), 'wage_a': Decimal('1355')}, {'design_a': 'No', 'design_b': 'Yes', 'wage_b': Decimal('555'), 'wage_a': Decimal('1485')}, {'design_a': 'No', 'design_b': 'Yes', 'wage_b': Decimal('550'), 'wage_a': Decimal('1295')}, {'design_a': 'Yes', 'design_b': 'No', 'wage_b': Decimal('1425'), 'wage_a': Decimal('725')}, {'design_a': 'No', 'design_b': 'Yes', 'wage_b': Decimal('985'), 'wage_a': Decimal('1490')}, {'design_a': 'Yes', 'design_b': 'No', 'wage_b': Decimal('1440'), 'wage_a': Decimal('685')}, {'design_a': 'No', 'design_b': 'Yes', 'wage_b': Decimal('520'), 'wage_a': Decimal('1350')}]",1000,0.943446781,0.074657258,6.866721851,2.329519578
10/16/24 5:41,7d4e621a-81bf-4c91-bc3e-5ba797ec3653,English,Ahmedabad,27,Male,Formal,Garment,,local,,,,Monthly,,16000,"['1', '1', '1', '0', '0', '0', '1', '0', '1', '1']","[{'design_a': 'No', 'design_b': 'Yes', 'wage_b': Decimal('10300'), 'wage_a': Decimal('17300')}, {'design_a': 'Yes', 'design_b': 'No', 'wage_b': Decimal('19600'), 'wage_a': Decimal('9800')}, {'design_a': 'Yes', 'design_b': 'No', 'wage_b': Decimal('14900'), 'wage_a': Decimal('8300')}, {'design_a': 'Yes', 'design_b': 'No', 'wage_b': Decimal('20600'), 'wage_a': Decimal('13800')}, {'design_a': 'Yes', 'design_b': 'No', 'wage_b': Decimal('21500'), 'wage_a': Decimal('12500')}, {'design_a': 'Yes', 'design_b': 'No', 'wage_b': Decimal('18600'), 'wage_a': Decimal('10400')}, {'design_a': 'No', 'design_b': 'Yes', 'wage_b': Decimal('12400'), 'wage_a': Decimal('23900')}, {'design_a': 'Yes', 'design_b': 'No', 'wage_b': Decimal('21800'), 'wage_a': Decimal('11200')}, {'design_a': 'No', 'design_b': 'Yes', 'wage_b': Decimal('9600'), 'wage_a': Decimal('22000')}, {'design_a': 'No', 'design_b': 'Yes', 'wage_b': Decimal('9800'), 'wage_a': Decimal('20800')}]",16000,0.814969528,0.147190127,4.980654144,2.567044838
10/16/24 6:03,78204e00-b161-498a-a120-668987d538b5,English,Ahmedabad,40,Female,Informal,Other,Vegetable Porter,local,,,,Daily,,300,"['1', '0', '1', '0', '0', '1', '0', '0', '1', '1']","[{'design_a': 'Yes', 'design_b': 'No', 'wage_b': Decimal('450'), 'wage_a': Decimal('275')}, {'design_a': 'Yes', 'design_b': 'No', 'wage_b': Decimal('375'), 'wage_a': Decimal('265')}, {'design_a': 'No', 'design_b': 'Yes', 'wage_b': Decimal('245'), 'wage_a': Decimal('445')}, {'design_a': 'No', 'design_b': 'Yes', 'wage_b': Decimal('170'), 'wage_a': Decimal('315')}, {'design_a': 'Yes', 'design_b': 'No', 'wage_b': Decimal('390'), 'wage_a': Decimal('250')}, {'design_a': 'Yes', 'design_b': 'No', 'wage_b': Decimal('300'), 'wage_a': Decimal('165')}, {'design_a': 'Yes', 'design_b': 'No', 'wage_b': Decimal('345'), 'wage_a': Decimal('215')}, {'design_a': 'Yes', 'design_b': 'No', 'wage_b': Decimal('360'), 'wage_a': Decimal('215')}, {'design_a': 'No', 'design_b': 'Yes', 'wage_b': Decimal('240'), 'wage_a': Decimal('430')}, {'design_a': 'Yes', 'design_b': 'No', 'wage_b': Decimal('330'), 'wage_a': Decimal('155')}]",300,0.617795406,0.171442793,4.922636142,2.777834306
10/16/24 6:51,c76312ea-f61d-4e1e-b554-9f13beb193c8,English,Ahmedabad,46,Male,Informal,Garment,,local,,,,Monthly,,16000,"['0', '0', '0', '0', '0', '0', '0', '1', '0', '1']","[{'design_a': 'No', 'design_b': 'Yes', 'wage_b': Decimal('8300'), 'wage_a': Decimal('13100')}, {'design_a': 'No', 'design_b': 'Yes', 'wage_b': Decimal('16200'), 'wage_a': Decimal('22000')}, {'design_a': 'No', 'design_b': 'Yes', 'wage_b': Decimal('13400'), 'wage_a': Decimal('17200')}, {'design_a': 'No', 'design_b': 'Yes', 'wage_b': Decimal('18200'), 'wage_a': Decimal('21400')}, {'design_a': 'No', 'design_b': 'Yes', 'wage_b': Decimal('12500'), 'wage_a': Decimal('13500')}, {'design_a': 'No', 'design_b': 'Yes', 'wage_b': Decimal('8900'), 'wage_a': Decimal('9100')}, {'design_a': 'No', 'design_b': 'Yes', 'wage_b': Decimal('10800'), 'wage_a': Decimal('14000')}, {'design_a': 'Yes', 'design_b': 'No', 'wage_b': Decimal('15700'), 'wage_a': Decimal('14700')}, {'design_a': 'No', 'design_b': 'Yes', 'wage_b': Decimal('22900'), 'wage_a': Decimal('23300')}, {'design_a': 'Yes', 'design_b': 'No', 'wage_b': Decimal('8500'), 'wage_a': Decimal('8000')}]",16000,0.064250869,0.1124248,6.46440357,2.726946474
10/16/24 7:11,ed939580-5339-41ac-8632-0fe170e049c8,English,Ahmedabad,38,Female,Informal,Other,Cutlery Vendor,local,,,,Daily,,200,"['0', '0', '1', '0', '0', '1', '0', '0', '0', '1']","[{'design_a': 'Yes', 'design_b': 'No', 'wage_b': Decimal('260'), 'wage_a': Decimal('155')}, {'design_a': 'Yes', 'design_b': 'No', 'wage_b': Decimal('210'), 'wage_a': Decimal('100')}, {'design_a': 'No', 'design_b': 'Yes', 'wage_b': Decimal('100'), 'wage_a': Decimal('240')}, {'design_a': 'Yes', 'design_b': 'No', 'wage_b': Decimal('280'), 'wage_a': Decimal('125')}, {'design_a': 'Yes', 'design_b': 'No', 'wage_b': Decimal('200'), 'wage_a': Decimal('110')}, {'design_a': 'No', 'design_b': 'Yes', 'wage_b': Decimal('110'), 'wage_a': Decimal('245')}, {'design_a': 'Yes', 'design_b': 'No', 'wage_b': Decimal('290'), 'wage_a': Decimal('145')}, {'design_a': 'Yes', 'design_b': 'No', 'wage_b': Decimal('220'), 'wage_a': Decimal('100')}, {'design_a': 'Yes', 'design_b': 'No', 'wage_b': Decimal('225'), 'wage_a': Decimal('100')}, {'design_a': 'No', 'design_b': 'Yes', 'wage_b': Decimal('115'), 'wage_a': Decimal('275')}]",200,0.940541964,0.064556199,7.365798591,2.131859986
10/16/24 8:00,5764becf-c9ce-412c-b8aa-a687015809a3,English,Ahmedabad,45,Female,Informal,Other,Animal Caretaker,local,,,,Monthly,,9000,"['1', '0', '0', '0', '1', '0', '0', '1', '1', '1']","[{'design_a': 'No', 'design_b': 'Yes', 'wage_b': Decimal('8400'), 'wage_a': Decimal('13500')}, {'design_a': 'No', 'design_b': 'Yes', 'wage_b': Decimal('5900'), 'wage_a': Decimal('13000')}, {'design_a': 'No', 'design_b': 'Yes', 'wage_b': Decimal('5800'), 'wage_a': Decimal('11900')}, {'design_a': 'No', 'design_b': 'Yes', 'wage_b': Decimal('7600'), 'wage_a': Decimal('12300')}, {'design_a': 'Yes', 'design_b': 'No', 'wage_b': Decimal('9600'), 'wage_a': Decimal('7200')}, {'design_a': 'No', 'design_b': 'Yes', 'wage_b': Decimal('9000'), 'wage_a': Decimal('11200')}, {'design_a': 'No', 'design_b': 'Yes', 'wage_b': Decimal('5600'), 'wage_a': Decimal('6000')}, {'design_a': 'No', 'design_b': 'Yes', 'wage_b': Decimal('11900'), 'wage_a': Decimal('12700')}, {'design_a': 'No', 'design_b': 'Yes', 'wage_b': Decimal('10900'), 'wage_a': Decimal('12700')}, {'design_a': 'No', 'design_b': 'Yes', 'wage_b': Decimal('11000'), 'wage_a': Decimal('13500')}]",9000,0.294642945,0.20061468,3.83934339,2.457708149
10/16/24 8:33,bed9a660-acc9-49bd-bb17-f5cec0e6fcc7,Hindi,Dahej,33,Male,Informal,Construction,,migrant,alone,West Bengal,,Monthly,,15000,"['0', '1', '0', '0', '1', '0', '1', '0', '0', '1']","[{'design_a': 'No', 'design_b': 'Yes', 'wage_b': Decimal('10200'), 'wage_a': Decimal('18300')}, {'design_a': 'Yes', 'design_b': 'No', 'wage_b': Decimal('20300'), 'wage_a': Decimal('12800')}, {'design_a': 'Yes', 'design_b': 'No', 'wage_b': Decimal('11600'), 'wage_a': Decimal('8800')}, {'design_a': 'No', 'design_b': 'Yes', 'wage_b': Decimal('14100'), 'wage_a': Decimal('19900')}, {'design_a': 'Yes', 'design_b': 'No', 'wage_b': Decimal('20400'), 'wage_a': Decimal('14700')}, {'design_a': 'Yes', 'design_b': 'No', 'wage_b': Decimal('18900'), 'wage_a': Decimal('15200')}, {'design_a': 'Yes', 'design_b': 'No', 'wage_b': Decimal('19900'), 'wage_a': Decimal('14000')}, {'design_a': 'No', 'design_b': 'Yes', 'wage_b': Decimal('12900'), 'wage_a': Decimal('17400')}, {'design_a': 'No', 'design_b': 'Yes', 'wage_b': Decimal('17600'), 'wage_a': Decimal('22300')}, {'design_a': 'Yes', 'design_b': 'No', 'wage_b': Decimal('22200'), 'wage_a': Decimal('17900')}]",15000,0.153766352,0.116993722,6.067071891,2.581011629
10/16/24 8:34,ea7ef6ba-c2b7-4208-b462-a392f014091b,Hindi,Dahej,33,Female,Informal,Construction,,migrant,family,Chhattisgarh,,Monthly,,17500,"['1', '0', '0', '1', '0', '0', '1', '0', '1', '0']","[{'design_a': 'No', 'design_b': 'Yes', 'wage_b': Decimal('9500'), 'wage_a': Decimal('14000')}, {'design_a': 'No', 'design_b': 'Yes', 'wage_b': Decimal('13400'), 'wage_a': Decimal('25500')}, {'design_a': 'No', 'design_b': 'Yes', 'wage_b': Decimal('13100'), 'wage_a': Decimal('21800')}, {'design_a': 'Yes', 'design_b': 'No', 'wage_b': Decimal('18700'), 'wage_a': Decimal('13100')}, {'design_a': 'No', 'design_b': 'Yes', 'wage_b': Decimal('20000'), 'wage_a': Decimal('25700')}, {'design_a': 'Yes', 'design_b': 'No', 'wage_b': Decimal('15800'), 'wage_a': Decimal('13600')}, {'design_a': 'Yes', 'design_b': 'No', 'wage_b': Decimal('14500'), 'wage_a': Decimal('11400')}, {'design_a': 'No', 'design_b': 'Yes', 'wage_b': Decimal('20600'), 'wage_a': Decimal('25000')}, {'design_a': 'No', 'design_b': 'Yes', 'wage_b': Decimal('13200'), 'wage_a': Decimal('15400')}, {'design_a': 'No', 'design_b': 'Yes', 'wage_b': Decimal('11900'), 'wage_a': Decimal('14300')}]",17500,0.210195731,0.172339422,4.731776145,2.778019092
10/16/24 8:46,9082ed54-9ef3-466a-a94e-541a3b5b26a8,Hindi,Dahej,28,Male,Informal,Chemical,,migrant,alone,Madhya Pradesh,,Monthly,,31000,"['1', '0', '1', '0', '1', '1', '0', '1', '1', '0']","[{'design_a': 'Yes', 'design_b': 'No', 'wage_b': Decimal('41100'), 'wage_a': Decimal('25200')}, {'design_a': 'No', 'design_b': 'Yes', 'wage_b': Decimal('32100'), 'wage_a': Decimal('43900')}, {'design_a': 'No', 'design_b': 'Yes', 'wage_b': Decimal('18300'), 'wage_a': Decimal('22300')}, {'design_a': 'No', 'design_b': 'Yes', 'wage_b': Decimal('18300'), 'wage_a': Decimal('23700')}, {'design_a': 'Yes', 'design_b': 'No', 'wage_b': Decimal('30700'), 'wage_a': Decimal('24900')}, {'design_a': 'No', 'design_b': 'Yes', 'wage_b': Decimal('31600'), 'wage_a': Decimal('36200')}, {'design_a': 'Yes', 'design_b': 'No', 'wage_b': Decimal('17900'), 'wage_a': Decimal('15500')}, {'design_a': 'Yes', 'design_b': 'No', 'wage_b': Decimal('27400'), 'wage_a': Decimal('20900')}, {'design_a': 'Yes', 'design_b': 'No', 'wage_b': Decimal('44800'), 'wage_a': Decimal('26700')}, {'design_a': 'No', 'design_b': 'Yes', 'wage_b': Decimal('35300'), 'wage_a': Decimal('42900')}]",31000,0.175273722,0.138994713,6.138825821,2.636075502
10/16/24 8:48,8fc30891-f218-46dd-873d-fd625706b96e,Hindi,Dahej,24,Male,Informal,Chemical,,migrant,alone,Bihar,,Monthly,,19000,"['1', '0', '1', '0', '1', '1', '0', '1', '1', '0']","[{'design_a': 'Yes', 'design_b': 'No', 'wage_b': Decimal('17100'), 'wage_a': Decimal('10500')}, {'design_a': 'No', 'design_b': 'Yes', 'wage_b': Decimal('10600'), 'wage_a': Decimal('14300')}, {'design_a': 'Yes', 'design_b': 'No', 'wage_b': Decimal('21400'), 'wage_a': Decimal('17500')}, {'design_a': 'Yes', 'design_b': 'No', 'wage_b': Decimal('26400'), 'wage_a': Decimal('24200')}, {'design_a': 'No', 'design_b': 'Yes', 'wage_b': Decimal('10200'), 'wage_a': Decimal('13100')}, {'design_a': 'No', 'design_b': 'Yes', 'wage_b': Decimal('9600'), 'wage_a': Decimal('11000')}, {'design_a': 'Yes', 'design_b': 'No', 'wage_b': Decimal('15400'), 'wage_a': Decimal('10900')}, {'design_a': 'No', 'design_b': 'Yes', 'wage_b': Decimal('16800'), 'wage_a': Decimal('25000')}, {'design_a': 'No', 'design_b': 'Yes', 'wage_b': Decimal('15100'), 'wage_a': Decimal('28400')}, {'design_a': 'Yes', 'design_b': 'No', 'wage_b': Decimal('16500'), 'wage_a': Decimal('9800')}]",19000,0.596947239,0.230534822,2.614372917,1.944748233
10/16/24 9:03,78e8bc5e-70c1-404f-8e2b-805c2102ec5a,English,Ahmedabad,45,Female,Formal,Other,Kite making ,local,,,,Daily,,200,"['1', '1', '1', '0', '1', '0', '0', '1', '0', '1']","[{'design_a': 'Yes', 'design_b': 'No', 'wage_b': Decimal('285'), 'wage_a': Decimal('175')}, {'design_a': 'No', 'design_b': 'Yes', 'wage_b': Decimal('105'), 'wage_a': Decimal('140')}, {'design_a': 'No', 'design_b': 'Yes', 'wage_b': Decimal('165'), 'wage_a': Decimal('255')}, {'design_a': 'Yes', 'design_b': 'No', 'wage_b': Decimal('285'), 'wage_a': Decimal('170')}, {'design_a': 'No', 'design_b': 'Yes', 'wage_b': Decimal('165'), 'wage_a': Decimal('300')}, {'design_a': 'No', 'design_b': 'Yes', 'wage_b': Decimal('100'), 'wage_a': Decimal('235')}, {'design_a': 'Yes', 'design_b': 'No', 'wage_b': Decimal('250'), 'wage_a': Decimal('115')}, {'design_a': 'No', 'design_b': 'Yes', 'wage_b': Decimal('125'), 'wage_a': Decimal('250')}, {'design_a': 'Yes', 'design_b': 'No', 'wage_b': Decimal('265'), 'wage_a': Decimal('130')}, {'design_a': 'No', 'design_b': 'Yes', 'wage_b': Decimal('105'), 'wage_a': Decimal('280')}]",200,0.811015163,0.170304131,4.162827007,2.523121293
10/16/24 9:08,c85553d3-3cd5-42d4-92a6-1fa114631ae1,English,Ahmedabad,32,Female,Informal,Other,Domestic worker ,local,,,,Monthly,,4000,"['1', '1', '1', '1', '1', '1', '0', '1', '1', '1']","[{'design_a': 'No', 'design_b': 'Yes', 'wage_b': Decimal('3900'), 'wage_a': Decimal('5900')}, {'design_a': 'Yes', 'design_b': 'No', 'wage_b': Decimal('4200'), 'wage_a': Decimal('2200')}, {'design_a': 'No', 'design_b': 'Yes', 'wage_b': Decimal('2000'), 'wage_a': Decimal('3200')}, {'design_a': 'No', 'design_b': 'Yes', 'wage_b': Decimal('3400'), 'wage_a': Decimal('5500')}, {'design_a': 'No', 'design_b': 'Yes', 'wage_b': Decimal('3000'), 'wage_a': Decimal('4500')}, {'design_a': 'No', 'design_b': 'Yes', 'wage_b': Decimal('2300'), 'wage_a': Decimal('4300')}, {'design_a': 'No', 'design_b': 'Yes', 'wage_b': Decimal('2500'), 'wage_a': Decimal('4900')}, {'design_a': 'No', 'design_b': 'Yes', 'wage_b': Decimal('2300'), 'wage_a': Decimal('4200')}, {'design_a': 'No', 'design_b': 'Yes', 'wage_b': Decimal('2200'), 'wage_a': Decimal('5100')}, {'design_a': 'No', 'design_b': 'Yes', 'wage_b': Decimal('2000'), 'wage_a': Decimal('4700')}]",4000,0.812801077,0.140492549,5.055198075,2.622584539
10/16/24 9:16,6ea7bf7f-ef8e-4fcf-94ac-9ae86cdc1b81,English,Ahmedabad,35,Female,Informal,Garment,,local,,,,Monthly,,3000,"['1', '0', '1', '0', '0', '1', '0', '0', '0', '0']","[{'design_a': 'No', 'design_b': 'Yes', 'wage_b': Decimal('2300'), 'wage_a': Decimal('3700')}, {'design_a': 'Yes', 'design_b': 'No', 'wage_b': Decimal('3600'), 'wage_a': Decimal('1800')}, {'design_a': 'Yes', 'design_b': 'No', 'wage_b': Decimal('4100'), 'wage_a': Decimal('1800')}, {'design_a': 'No', 'design_b': 'Yes', 'wage_b': Decimal('2200'), 'wage_a': Decimal('4200')}, {'design_a': 'Yes', 'design_b': 'No', 'wage_b': Decimal('4500'), 'wage_a': Decimal('2300')}, {'design_a': 'No', 'design_b': 'Yes', 'wage_b': Decimal('2100'), 'wage_a': Decimal('4200')}, {'design_a': 'Yes', 'design_b': 'No', 'wage_b': Decimal('3400'), 'wage_a': Decimal('1600')}, {'design_a': 'Yes', 'design_b': 'No', 'wage_b': Decimal('4200'), 'wage_a': Decimal('2000')}, {'design_a': 'Yes', 'design_b': 'No', 'wage_b': Decimal('3600'), 'wage_a': Decimal('1600')}, {'design_a': 'Yes', 'design_b': 'No', 'wage_b': Decimal('2600'), 'wage_a': Decimal('1700')}]",3000,0.849334333,0.122017592,5.73116628,2.630512048
10/16/24 9:25,3a96825e-eefb-4a27-bbc0-41088ec8e522,English,Ahmedabad,22,Female,Informal,Other,Embroidery,local,,,,Monthly,,5000,"['1', '0', '0', '1', '1', '0', '1', '0', '1', '1']","[{'design_a': 'No', 'design_b': 'Yes', 'wage_b': Decimal('4300'), 'wage_a': Decimal('7400')}, {'design_a': 'Yes', 'design_b': 'No', 'wage_b': Decimal('5700'), 'wage_a': Decimal('2700')}, {'design_a': 'Yes', 'design_b': 'No', 'wage_b': Decimal('5900'), 'wage_a': Decimal('2900')}, {'design_a': 'No', 'design_b': 'Yes', 'wage_b': Decimal('3300'), 'wage_a': Decimal('6000')}, {'design_a': 'No', 'design_b': 'Yes', 'wage_b': Decimal('2700'), 'wage_a': Decimal('6600')}, {'design_a': 'Yes', 'design_b': 'No', 'wage_b': Decimal('6400'), 'wage_a': Decimal('2600')}, {'design_a': 'No', 'design_b': 'Yes', 'wage_b': Decimal('2600'), 'wage_a': Decimal('6100')}, {'design_a': 'Yes', 'design_b': 'No', 'wage_b': Decimal('7300'), 'wage_a': Decimal('3400')}, {'design_a': 'No', 'design_b': 'Yes', 'wage_b': Decimal('3100'), 'wage_a': Decimal('6300')}, {'design_a': 'No', 'design_b': 'Yes', 'wage_b': Decimal('2500'), 'wage_a': Decimal('6100')}]",5000,0.940042527,0.071939708,7.167051188,2.232952288
10/16/24 9:27,11ddfc6d-e63e-48d7-9a1c-dc59e2069304,English,Ahmedabad,42,Male,Informal,Construction,,local,,,,Monthly,,12000,"['1', '0', '1', '1', '0', '1', '1', '0', '0', '0']","[{'design_a': 'No', 'design_b': 'Yes', 'wage_b': Decimal('8200'), 'wage_a': Decimal('14100')}, {'design_a': 'No', 'design_b': 'Yes', 'wage_b': Decimal('7100'), 'wage_a': Decimal('15500')}, {'design_a': 'No', 'design_b': 'Yes', 'wage_b': Decimal('9000'), 'wage_a': Decimal('15200')}, {'design_a': 'No', 'design_b': 'Yes', 'wage_b': Decimal('6800'), 'wage_a': Decimal('13500')}, {'design_a': 'No', 'design_b': 'Yes', 'wage_b': Decimal('7000'), 'wage_a': Decimal('16700')}, {'design_a': 'Yes', 'design_b': 'No', 'wage_b': Decimal('15100'), 'wage_a': Decimal('8600')}, {'design_a': 'Yes', 'design_b': 'No', 'wage_b': Decimal('14800'), 'wage_a': Decimal('8200')}, {'design_a': 'No', 'design_b': 'Yes', 'wage_b': Decimal('10000'), 'wage_a': Decimal('15900')}, {'design_a': 'No', 'design_b': 'Yes', 'wage_b': Decimal('9700'), 'wage_a': Decimal('14700')}, {'design_a': 'Yes', 'design_b': 'No', 'wage_b': Decimal('11000'), 'wage_a': Decimal('8300')}]",12000,0.448959095,0.207127591,3.660939172,2.518184152
10/16/24 9:33,4987a396-73a4-4cbf-8ee3-eee8f7a554b9,English,Ahmedabad,52,Male,Informal,Other,Vegetable Vendor,local,,,,Daily,,200,"['1', '0', '0', '0', '0', '0', '0', '0', '1', '1']","[{'design_a': 'No', 'design_b': 'Yes', 'wage_b': Decimal('140'), 'wage_a': Decimal('230')}, {'design_a': 'Yes', 'design_b': 'No', 'wage_b': Decimal('300'), 'wage_a': Decimal('125')}, {'design_a': 'Yes', 'design_b': 'No', 'wage_b': Decimal('290'), 'wage_a': Decimal('120')}, {'design_a': 'Yes', 'design_b': 'No', 'wage_b': Decimal('290'), 'wage_a': Decimal('135')}, {'design_a': 'Yes', 'design_b': 'No', 'wage_b': Decimal('300'), 'wage_a': Decimal('240')}, {'design_a': 'Yes', 'design_b': 'No', 'wage_b': Decimal('295'), 'wage_a': Decimal('115')}, {'design_a': 'Yes', 'design_b': 'No', 'wage_b': Decimal('295'), 'wage_a': Decimal('130')}, {'design_a': 'Yes', 'design_b': 'No', 'wage_b': Decimal('265'), 'wage_a': Decimal('100')}, {'design_a': 'No', 'design_b': 'Yes', 'wage_b': Decimal('145'), 'wage_a': Decimal('290')}, {'design_a': 'No', 'design_b': 'Yes', 'wage_b': Decimal('105'), 'wage_a': Decimal('205')}]",200,0.941060086,0.08075631,6.723056851,2.39934172
10/16/24 9:34,60e38994-80db-4a8e-a55a-5e923c061b6c,English,Ahmedabad,55,Female,Informal,Garment,,local,,,,Weekly,,900,"['0', '1', '1', '0', '0', '0', '1', '1', '1', '0']","[{'design_a': 'Yes', 'design_b': 'No', 'wage_b': Decimal('1200'), 'wage_a': Decimal('675')}, {'design_a': 'No', 'design_b': 'Yes', 'wage_b': Decimal('575'), 'wage_a': Decimal('1225')}, {'design_a': 'No', 'design_b': 'Yes', 'wage_b': Decimal('650'), 'wage_a': Decimal('1125')}, {'design_a': 'Yes', 'design_b': 'No', 'wage_b': Decimal('1175'), 'wage_a': Decimal('525')}, {'design_a': 'Yes', 'design_b': 'No', 'wage_b': Decimal('900'), 'wage_a': Decimal('450')}, {'design_a': 'Yes', 'design_b': 'No', 'wage_b': Decimal('1125'), 'wage_a': Decimal('450')}, {'design_a': 'No', 'design_b': 'Yes', 'wage_b': Decimal('600'), 'wage_a': Decimal('1275')}, {'design_a': 'No', 'design_b': 'Yes', 'wage_b': Decimal('450'), 'wage_a': Decimal('1125')}, {'design_a': 'No', 'design_b': 'Yes', 'wage_b': Decimal('525'), 'wage_a': Decimal('1250')}, {'design_a': 'Yes', 'design_b': 'No', 'wage_b': Decimal('1350'), 'wage_a': Decimal('575')}]",900,0.944341658,0.070295466,7.233681969,2.30706717
10/16/24 9:39,bb12588c-c37c-47ba-8284-2909eb1568b2,English,Ahmedabad,34,Female,Informal,Garment,,local,,,,Daily,,200,"['1', '0', '0', '0', '1', '0', '0', '0', '1', '0']","[{'design_a': 'No', 'design_b': 'Yes', 'wage_b': Decimal('140'), 'wage_a': Decimal('280')}, {'design_a': 'Yes', 'design_b': 'No', 'wage_b': Decimal('215'), 'wage_a': Decimal('105')}, {'design_a': 'Yes', 'design_b': 'No', 'wage_b': Decimal('235'), 'wage_a': Decimal('100')}, {'design_a': 'Yes', 'design_b': 'No', 'wage_b': Decimal('250'), 'wage_a': Decimal('100')}, {'design_a': 'No', 'design_b': 'Yes', 'wage_b': Decimal('115'), 'wage_a': Decimal('230')}, {'design_a': 'Yes', 'design_b': 'No', 'wage_b': Decimal('255'), 'wage_a': Decimal('135')}, {'design_a': 'Yes', 'design_b': 'No', 'wage_b': Decimal('300'), 'wage_a': Decimal('170')}, {'design_a': 'Yes', 'design_b': 'No', 'wage_b': Decimal('215'), 'wage_a': Decimal('100')}, {'design_a': 'No', 'design_b': 'Yes', 'wage_b': Decimal('105'), 'wage_a': Decimal('260')}, {'design_a': 'Yes', 'design_b': 'No', 'wage_b': Decimal('270'), 'wage_a': Decimal('105')}]",200,0.942526848,0.078679313,7.070039993,2.315016671
10/16/24 9:41,8f9ee5d4-2bb8-4431-8034-da2bf53e9683,English,Ahmedabad,28,Female,Informal,Garment,,local,,,,Daily,,300,"['1', '1', '0', '0', '0', '0', '1', '1', '0', '0']","[{'design_a': 'No', 'design_b': 'Yes', 'wage_b': Decimal('245'), 'wage_a': Decimal('450')}, {'design_a': 'No', 'design_b': 'Yes', 'wage_b': Decimal('205'), 'wage_a': Decimal('445')}, {'design_a': 'Yes', 'design_b': 'No', 'wage_b': Decimal('425'), 'wage_a': Decimal('185')}, {'design_a': 'Yes', 'design_b': 'No', 'wage_b': Decimal('370'), 'wage_a': Decimal('155')}, {'design_a': 'Yes', 'design_b': 'No', 'wage_b': Decimal('380'), 'wage_a': Decimal('150')}, {'design_a': 'Yes', 'design_b': 'No', 'wage_b': Decimal('450'), 'wage_a': Decimal('245')}, {'design_a': 'No', 'design_b': 'Yes', 'wage_b': Decimal('165'), 'wage_a': Decimal('375')}, {'design_a': 'No', 'design_b': 'Yes', 'wage_b': Decimal('160'), 'wage_a': Decimal('360')}, {'design_a': 'Yes', 'design_b': 'No', 'wage_b': Decimal('430'), 'wage_a': Decimal('195')}, {'design_a': 'Yes', 'design_b': 'No', 'wage_b': Decimal('325'), 'wage_a': Decimal('155')}]",300,0.947453773,0.069410598,7.301551201,2.086556362
10/16/24 9:48,6fe7d2e6-eae4-477e-b0f3-ae7114ceeaeb,English,Ahmedabad,36,Male,Formal,Garment,,local,,,,Monthly,,14000,"['0', '1', '0', '1', '0', '1', '0', '0', '0', '0']","[{'design_a': 'No', 'design_b': 'Yes', 'wage_b': Decimal('9000'), 'wage_a': Decimal('14600')}, {'design_a': 'Yes', 'design_b': 'No', 'wage_b': Decimal('17900'), 'wage_a': Decimal('13300')}, {'design_a': 'Yes', 'design_b': 'No', 'wage_b': Decimal('17400'), 'wage_a': Decimal('15000')}, {'design_a': 'No', 'design_b': 'Yes', 'wage_b': Decimal('14400'), 'wage_a': Decimal('19300')}, {'design_a': 'No', 'design_b': 'Yes', 'wage_b': Decimal('13500'), 'wage_a': Decimal('19000')}, {'design_a': 'No', 'design_b': 'Yes', 'wage_b': Decimal('15800'), 'wage_a': Decimal('20700')}, {'design_a': 'No', 'design_b': 'Yes', 'wage_b': Decimal('9100'), 'wage_a': Decimal('13400')}, {'design_a': 'Yes', 'design_b': 'No', 'wage_b': Decimal('19700'), 'wage_a': Decimal('14500')}, {'design_a': 'Yes', 'design_b': 'No', 'wage_b': Decimal('20500'), 'wage_a': Decimal('14800')}, {'design_a': 'No', 'design_b': 'Yes', 'wage_b': Decimal('10100'), 'wage_a': Decimal('15200')}]",14000,0.361364504,0.181707522,5.170462831,2.952878891
10/16/24 9:54,12bf9ddb-33ae-4b1e-a9c9-7d7b230f93ac,English,Ahmedabad,50,Female,Informal,Other,Embroidery ,local,,,,Monthly,,15000,"['1', '1', '1', '0', '1', '1', '0', '0', '0', '1']","[{'design_a': 'No', 'design_b': 'Yes', 'wage_b': Decimal('8300'), 'wage_a': Decimal('14000')}, {'design_a': 'No', 'design_b': 'Yes', 'wage_b': Decimal('10300'), 'wage_a': Decimal('21800')}, {'design_a': 'No', 'design_b': 'Yes', 'wage_b': Decimal('11700'), 'wage_a': Decimal('22200')}, {'design_a': 'Yes', 'design_b': 'No', 'wage_b': Decimal('21400'), 'wage_a': Decimal('8500')}, {'design_a': 'No', 'design_b': 'Yes', 'wage_b': Decimal('7900'), 'wage_a': Decimal('18700')}, {'design_a': 'No', 'design_b': 'Yes', 'wage_b': Decimal('8800'), 'wage_a': Decimal('21900')}, {'design_a': 'Yes', 'design_b': 'No', 'wage_b': Decimal('19400'), 'wage_a': Decimal('10500')}, {'design_a': 'Yes', 'design_b': 'No', 'wage_b': Decimal('18500'), 'wage_a': Decimal('10700')}, {'design_a': 'Yes', 'design_b': 'No', 'wage_b': Decimal('21200'), 'wage_a': Decimal('8400')}, {'design_a': 'No', 'design_b': 'Yes', 'wage_b': Decimal('7800'), 'wage_a': Decimal('19900')}]",15000,0.941932883,0.084196109,6.825525543,2.302392867
10/16/24 9:58,a521dffa-6c24-42df-be3e-5d41e2d00b0b,English,Ahmedabad,48,Female,Informal,Other,Embroidery,local,,,,Weekly,,1000,"['1', '1', '1', '0', '1', '1', '0', '0', '1', '0']","[{'design_a': 'No', 'design_b': 'Yes', 'wage_b': Decimal('675'), 'wage_a': Decimal('1400')}, {'design_a': 'No', 'design_b': 'Yes', 'wage_b': Decimal('650'), 'wage_a': Decimal('1225')}, {'design_a': 'No', 'design_b': 'Yes', 'wage_b': Decimal('700'), 'wage_a': Decimal('1425')}, {'design_a': 'Yes', 'design_b': 'No', 'wage_b': Decimal('1150'), 'wage_a': Decimal('750')}, {'design_a': 'No', 'design_b': 'Yes', 'wage_b': Decimal('525'), 'wage_a': Decimal('1350')}, {'design_a': 'No', 'design_b': 'Yes', 'wage_b': Decimal('550'), 'wage_a': Decimal('1450')}, {'design_a': 'Yes', 'design_b': 'No', 'wage_b': Decimal('1275'), 'wage_a': Decimal('575')}, {'design_a': 'Yes', 'design_b': 'No', 'wage_b': Decimal('1425'), 'wage_a': Decimal('750')}, {'design_a': 'No', 'design_b': 'Yes', 'wage_b': Decimal('650'), 'wage_a': Decimal('1500')}, {'design_a': 'Yes', 'design_b': 'No', 'wage_b': Decimal('1100'), 'wage_a': Decimal('575')}]",1000,0.939531902,0.067450471,7.11247248,2.202247809
10/16/24 10:00,a6a205e4-447f-4637-9e02-053183048d35,English,Ahmedabad,34,Male,Informal,Construction,,local,,,,Daily,,550,"['0', '1', '1', '1', '1', '0', '1', '0', '1', '1']","[{'design_a': 'No', 'design_b': 'Yes', 'wage_b': Decimal('305'), 'wage_a': Decimal('520')}, {'design_a': 'Yes', 'design_b': 'No', 'wage_b': Decimal('500'), 'wage_a': Decimal('365')}, {'design_a': 'Yes', 'design_b': 'No', 'wage_b': Decimal('450'), 'wage_a': Decimal('365')}, {'design_a': 'Yes', 'design_b': 'No', 'wage_b': Decimal('705'), 'wage_a': Decimal('620')}, {'design_a': 'Yes', 'design_b': 'No', 'wage_b': Decimal('555'), 'wage_a': Decimal('505')}, {'design_a': 'Yes', 'design_b': 'No', 'wage_b': Decimal('720'), 'wage_a': Decimal('685')}, {'design_a': 'No', 'design_b': 'Yes', 'wage_b': Decimal('470'), 'wage_a': Decimal('510')}, {'design_a': 'Yes', 'design_b': 'No', 'wage_b': Decimal('725'), 'wage_a': Decimal('655')}, {'design_a': 'Yes', 'design_b': 'No', 'wage_b': Decimal('815'), 'wage_a': Decimal('725')}, {'design_a': 'Yes', 'design_b': 'No', 'wage_b': Decimal('425'), 'wage_a': Decimal('385')}]",550,0.138052179,0.157515161,5.565560903,2.927648179
10/16/24 10:09,d02ea483-5237-4f8c-891c-b5d8bc75ab8d,English,Ahmedabad,28,Male,Informal,Other,Appliance Repair,local,,,,Monthly,,9000,"['0', '1', '0', '1', '0', '0', '1', '0', '1', '1']","[{'design_a': 'Yes', 'design_b': 'No', 'wage_b': Decimal('7800'), 'wage_a': Decimal('5100')}, {'design_a': 'No', 'design_b': 'Yes', 'wage_b': Decimal('6200'), 'wage_a': Decimal('11800')}, {'design_a': 'Yes', 'design_b': 'No', 'wage_b': Decimal('10900'), 'wage_a': Decimal('6000')}, {'design_a': 'No', 'design_b': 'Yes', 'wage_b': Decimal('4800'), 'wage_a': Decimal('10600')}, {'design_a': 'Yes', 'design_b': 'No', 'wage_b': Decimal('12600'), 'wage_a': Decimal('6200')}, {'design_a': 'Yes', 'design_b': 'No', 'wage_b': Decimal('12400'), 'wage_a': Decimal('5200')}, {'design_a': 'No', 'design_b': 'Yes', 'wage_b': Decimal('4900'), 'wage_a': Decimal('11900')}, {'design_a': 'Yes', 'design_b': 'No', 'wage_b': Decimal('12800'), 'wage_a': Decimal('5400')}, {'design_a': 'No', 'design_b': 'Yes', 'wage_b': Decimal('6500'), 'wage_a': Decimal('13500')}, {'design_a': 'No', 'design_b': 'Yes', 'wage_b': Decimal('6900'), 'wage_a': Decimal('9000')}]",9000,0.937400952,0.072171863,7.151750414,2.149656054
10/16/24 10:17,46f577b0-bc21-4a41-8e14-04ec15268494,English,Ahmedabad,37,Male,Informal,Other,Handicraft,local,,,,Daily,,1000,"['1', '0', '1', '1', '0', '1', '1', '1', '0', '1']","[{'design_a': 'Yes', 'design_b': 'No', 'wage_b': Decimal('1350'), 'wage_a': Decimal('805')}, {'design_a': 'No', 'design_b': 'Yes', 'wage_b': Decimal('790'), 'wage_a': Decimal('1020')}, {'design_a': 'Yes', 'design_b': 'No', 'wage_b': Decimal('1295'), 'wage_a': Decimal('1110')}, {'design_a': 'Yes', 'design_b': 'No', 'wage_b': Decimal('685'), 'wage_a': Decimal('625')}, {'design_a': 'No', 'design_b': 'Yes', 'wage_b': Decimal('960'), 'wage_a': Decimal('1000')}, {'design_a': 'Yes', 'design_b': 'No', 'wage_b': Decimal('855'), 'wage_a': Decimal('800')}, {'design_a': 'Yes', 'design_b': 'No', 'wage_b': Decimal('940'), 'wage_a': Decimal('925')}, {'design_a': 'Yes', 'design_b': 'No', 'wage_b': Decimal('1120'), 'wage_a': Decimal('1050')}, {'design_a': 'No', 'design_b': 'Yes', 'wage_b': Decimal('920'), 'wage_a': Decimal('1025')}, {'design_a': 'Yes', 'design_b': 'No', 'wage_b': Decimal('1130'), 'wage_a': Decimal('1030')}]",1000,0.070570366,0.119536467,5.976397465,2.876610207
10/16/24 10:18,a62cdea6-012a-4071-9333-ae244ad333b1,English,Ahmedabad,39,Male,Informal,Garment,,local,,,,Monthly,,16000,"['1', '1', '1', '0', '0', '0', '0', '0', '1', '1']","[{'design_a': 'Yes', 'design_b': 'No', 'wage_b': Decimal('20500'), 'wage_a': Decimal('12200')}, {'design_a': 'Yes', 'design_b': 'No', 'wage_b': Decimal('10100'), 'wage_a': Decimal('8400')}, {'design_a': 'Yes', 'design_b': 'No', 'wage_b': Decimal('23800'), 'wage_a': Decimal('20800')}, {'design_a': 'No', 'design_b': 'Yes', 'wage_b': Decimal('18400'), 'wage_a': Decimal('22600')}, {'design_a': 'No', 'design_b': 'Yes', 'wage_b': Decimal('18100'), 'wage_a': Decimal('19600')}, {'design_a': 'No', 'design_b': 'Yes', 'wage_b': Decimal('11000'), 'wage_a': Decimal('12500')}, {'design_a': 'No', 'design_b': 'Yes', 'wage_b': Decimal('21000'), 'wage_a': Decimal('21400')}, {'design_a': 'No', 'design_b': 'Yes', 'wage_b': Decimal('18100'), 'wage_a': Decimal('19800')}, {'design_a': 'Yes', 'design_b': 'No', 'wage_b': Decimal('22200'), 'wage_a': Decimal('21900')}, {'design_a': 'Yes', 'design_b': 'No', 'wage_b': Decimal('19700'), 'wage_a': Decimal('19300')}]",16000,0.076339884,0.139398002,5.878615477,2.97246872
10/16/24 10:25,55fba70a-b703-40e3-a747-a6cd489610a4,English,Ahmedabad,36,Female,Informal,Other,Clothes business ,local,,,,Daily,,200,"['1', '1', '0', '0', '0', '1', '0', '1', '0', '1']","[{'design_a': 'No', 'design_b': 'Yes', 'wage_b': Decimal('185'), 'wage_a': Decimal('300')}, {'design_a': 'No', 'design_b': 'Yes', 'wage_b': Decimal('100'), 'wage_a': Decimal('195')}, {'design_a': 'No', 'design_b': 'Yes', 'wage_b': Decimal('135'), 'wage_a': Decimal('295')}, {'design_a': 'No', 'design_b': 'Yes', 'wage_b': Decimal('100'), 'wage_a': Decimal('160')}, {'design_a': 'No', 'design_b': 'Yes', 'wage_b': Decimal('145'), 'wage_a': Decimal('285')}, {'design_a': 'Yes', 'design_b': 'No', 'wage_b': Decimal('230'), 'wage_a': Decimal('155')}, {'design_a': 'No', 'design_b': 'Yes', 'wage_b': Decimal('200'), 'wage_a': Decimal('265')}, {'design_a': 'Yes', 'design_b': 'No', 'wage_b': Decimal('140'), 'wage_a': Decimal('115')}, {'design_a': 'No', 'design_b': 'Yes', 'wage_b': Decimal('170'), 'wage_a': Decimal('190')}, {'design_a': 'Yes', 'design_b': 'No', 'wage_b': Decimal('185'), 'wage_a': Decimal('170')}]",200,0.251761344,0.222240173,2.113639034,1.67799914
10/16/24 10:27,f68c204a-e719-465e-8530-c55146dccd6b,English,Ahmedabad,45,Female,Informal,Other,Embroidery,local,,,,Daily,,150,"['0', '1', '1', '0', '1', '0', '1', '0', '1', '0']","[{'design_a': 'No', 'design_b': 'Yes', 'wage_b': Decimal('120'), 'wage_a': Decimal('210')}, {'design_a': 'Yes', 'design_b': 'No', 'wage_b': Decimal('185'), 'wage_a': Decimal('130')}, {'design_a': 'Yes', 'design_b': 'No', 'wage_b': Decimal('205'), 'wage_a': Decimal('170')}, {'design_a': 'Yes', 'design_b': 'No', 'wage_b': Decimal('180'), 'wage_a': Decimal('160')}, {'design_a': 'Yes', 'design_b': 'No', 'wage_b': Decimal('120'), 'wage_a': Decimal('95')}, {'design_a': 'Yes', 'design_b': 'No', 'wage_b': Decimal('195'), 'wage_a': Decimal('145')}, {'design_a': 'No', 'design_b': 'Yes', 'wage_b': Decimal('160'), 'wage_a': Decimal('190')}, {'design_a': 'No', 'design_b': 'Yes', 'wage_b': Decimal('125'), 'wage_a': Decimal('160')}, {'design_a': 'No', 'design_b': 'Yes', 'wage_b': Decimal('170'), 'wage_a': Decimal('210')}, {'design_a': 'No', 'design_b': 'Yes', 'wage_b': Decimal('105'), 'wage_a': Decimal('135')}]",150,0.237474652,0.170619484,4.850953263,2.846854251
10/16/24 10:35,245cd3d9-3886-4029-a12f-e5c5ec08eb99,English,Ahmedabad,36,Female,Informal,Other,Beautician ,local,,,,Daily,,500,"['0', '0', '1', '0', '1', '1', '0', '1', '0', '0']","[{'design_a': 'Yes', 'design_b': 'No', 'wage_b': Decimal('640'), 'wage_a': Decimal('375')}, {'design_a': 'Yes', 'design_b': 'No', 'wage_b': Decimal('720'), 'wage_a': Decimal('330')}, {'design_a': 'No', 'design_b': 'Yes', 'wage_b': Decimal('280'), 'wage_a': Decimal('675')}, {'design_a': 'Yes', 'design_b': 'No', 'wage_b': Decimal('575'), 'wage_a': Decimal('250')}, {'design_a': 'No', 'design_b': 'Yes', 'wage_b': Decimal('270'), 'wage_a': Decimal('690')}, {'design_a': 'No', 'design_b': 'Yes', 'wage_b': Decimal('305'), 'wage_a': Decimal('700')}, {'design_a': 'Yes', 'design_b': 'No', 'wage_b': Decimal('505'), 'wage_a': Decimal('310')}, {'design_a': 'No', 'design_b': 'Yes', 'wage_b': Decimal('290'), 'wage_a': Decimal('705')}, {'design_a': 'Yes', 'design_b': 'No', 'wage_b': Decimal('735'), 'wage_a': Decimal('395')}, {'design_a': 'Yes', 'design_b': 'No', 'wage_b': Decimal('745'), 'wage_a': Decimal('280')}]",500,0.943472215,0.079969865,6.86266621,2.431500046
10/16/24 10:41,9d51b87d-6c0f-4bf1-87c0-83a173527f80,English,Ahmedabad,26,Male,Informal,Construction,,local,,,,Daily,,600,"['0', '1', '1', '1', '1', '0', '0', '0', '0', '1']","[{'design_a': 'No', 'design_b': 'Yes', 'wage_b': Decimal('575'), 'wage_a': Decimal('895')}, {'design_a': 'No', 'design_b': 'Yes', 'wage_b': Decimal('635'), 'wage_a': Decimal('890')}, {'design_a': 'No', 'design_b': 'Yes', 'wage_b': Decimal('460'), 'wage_a': Decimal('695')}, {'design_a': 'No', 'design_b': 'Yes', 'wage_b': Decimal('455'), 'wage_a': Decimal('790')}, {'design_a': 'No', 'design_b': 'Yes', 'wage_b': Decimal('385'), 'wage_a': Decimal('800')}, {'design_a': 'Yes', 'design_b': 'No', 'wage_b': Decimal('900'), 'wage_a': Decimal('430')}, {'design_a': 'Yes', 'design_b': 'No', 'wage_b': Decimal('880'), 'wage_a': Decimal('470')}, {'design_a': 'Yes', 'design_b': 'No', 'wage_b': Decimal('865'), 'wage_a': Decimal('385')}, {'design_a': 'Yes', 'design_b': 'No', 'wage_b': Decimal('850'), 'wage_a': Decimal('325')}, {'design_a': 'No', 'design_b': 'Yes', 'wage_b': Decimal('555'), 'wage_a': Decimal('890')}]",600,0.861145126,0.137805727,4.414681197,2.489771685
10/20/24 6:45,159a562c-3718-4d50-8430-3e8f09699061,Hindi,Saki Naka,47,Male,Informal,Other,Carpentry,migrant,alone,Uttar Pradesh,No,Daily,,1050,"['0', '0', '1', '0', '0', '1', '0', '0', '0', '1']","[{'design_a': 'Yes', 'design_b': 'No', 'wage_b': Decimal('1160'), 'wage_a': Decimal('750')}, {'design_a': 'Yes', 'design_b': 'No', 'wage_b': Decimal('940'), 'wage_a': Decimal('550')}, {'design_a': 'No', 'design_b': 'Yes', 'wage_b': Decimal('545'), 'wage_a': Decimal('1225')}, {'design_a': 'Yes', 'design_b': 'No', 'wage_b': Decimal('1345'), 'wage_a': Decimal('775')}, {'design_a': 'Yes', 'design_b': 'No', 'wage_b': Decimal('1535'), 'wage_a': Decimal('710')}, {'design_a': 'No', 'design_b': 'Yes', 'wage_b': Decimal('560'), 'wage_a': Decimal('1445')}, {'design_a': 'Yes', 'design_b': 'No', 'wage_b': Decimal('1150'), 'wage_a': Decimal('550')}, {'design_a': 'Yes', 'design_b': 'No', 'wage_b': Decimal('1295'), 'wage_a': Decimal('675')}, {'design_a': 'Yes', 'design_b': 'No', 'wage_b': Decimal('1390'), 'wage_a': Decimal('925')}, {'design_a': 'No', 'design_b': 'Yes', 'wage_b': Decimal('685'), 'wage_a': Decimal('1570')}]",1050,0.9334919,0.064714425,7.252572567,2.014241236
10/20/24 7:10,4d135957-3eec-471a-8b0d-06ff4529bd6a,Hindi,Saki Naka,43,Male,Informal,Other,Still catring ,migrant,alone,Uttar Pradesh,No,Monthly,,13000,"['0', '0', '1', '0', '1', '0', '0', '1', '0', '0']","[{'design_a': 'No', 'design_b': 'Yes', 'wage_b': Decimal('8400'), 'wage_a': Decimal('14900')}, {'design_a': 'No', 'design_b': 'Yes', 'wage_b': Decimal('7500'), 'wage_a': Decimal('9900')}, {'design_a': 'No', 'design_b': 'Yes', 'wage_b': Decimal('14400'), 'wage_a': Decimal('17800')}, {'design_a': 'No', 'design_b': 'Yes', 'wage_b': Decimal('9800'), 'wage_a': Decimal('14300')}, {'design_a': 'Yes', 'design_b': 'No', 'wage_b': Decimal('16600'), 'wage_a': Decimal('13600')}, {'design_a': 'No', 'design_b': 'Yes', 'wage_b': Decimal('14800'), 'wage_a': Decimal('17500')}, {'design_a': 'Yes', 'design_b': 'No', 'wage_b': Decimal('15700'), 'wage_a': Decimal('14000')}, {'design_a': 'No', 'design_b': 'Yes', 'wage_b': Decimal('11800'), 'wage_a': Decimal('13800')}, {'design_a': 'Yes', 'design_b': 'No', 'wage_b': Decimal('9700'), 'wage_a': Decimal('8000')}, {'design_a': 'No', 'design_b': 'Yes', 'wage_b': Decimal('13700'), 'wage_a': Decimal('18800')}]",13000,0.224396731,0.155812936,5.509040543,2.811684463
10/20/24 7:25,94685c39-3d70-401f-8260-dcf03c141325,Hindi,Saki Naka,50,Male,Informal,Other,Loading unloading,migrant,alone,Uttar Pradesh,No,Daily,,750,"['0', '0', '1', '1', '0', '1', '1', '0', '0', '1']","[{'design_a': 'No', 'design_b': 'Yes', 'wage_b': Decimal('395'), 'wage_a': Decimal('625')}, {'design_a': 'Yes', 'design_b': 'No', 'wage_b': Decimal('1030'), 'wage_a': Decimal('780')}, {'design_a': 'No', 'design_b': 'Yes', 'wage_b': Decimal('595'), 'wage_a': Decimal('1005')}, {'design_a': 'No', 'design_b': 'Yes', 'wage_b': Decimal('485'), 'wage_a': Decimal('840')}, {'design_a': 'Yes', 'design_b': 'No', 'wage_b': Decimal('805'), 'wage_a': Decimal('375')}, {'design_a': 'No', 'design_b': 'Yes', 'wage_b': Decimal('395'), 'wage_a': Decimal('860')}, {'design_a': 'No', 'design_b': 'Yes', 'wage_b': Decimal('585'), 'wage_a': Decimal('1100')}, {'design_a': 'Yes', 'design_b': 'No', 'wage_b': Decimal('1065'), 'wage_a': Decimal('440')}, {'design_a': 'Yes', 'design_b': 'No', 'wage_b': Decimal('1005'), 'wage_a': Decimal('450')}, {'design_a': 'No', 'design_b': 'Yes', 'wage_b': Decimal('535'), 'wage_a': Decimal('840')}]",750,0.868678463,0.133429397,4.718587952,2.490029247
10/20/24 7:51,cbbe5413-3265-42d6-a335-7a4dfc830c24,Hindi,Saki Naka,21,Male,Informal,Other,Bampar ,migrant,alone,Uttar Pradesh,No,Monthly,,6000,"['0', '1', '1', '1', '0', '0', '0', '1', '1', '0']","[{'design_a': 'No', 'design_b': 'Yes', 'wage_b': Decimal('4900'), 'wage_a': Decimal('8100')}, {'design_a': 'Yes', 'design_b': 'No', 'wage_b': Decimal('8000'), 'wage_a': Decimal('5800')}, {'design_a': 'Yes', 'design_b': 'No', 'wage_b': Decimal('8600'), 'wage_a': Decimal('6900')}, {'design_a': 'Yes', 'design_b': 'No', 'wage_b': Decimal('7400'), 'wage_a': Decimal('6600')}, {'design_a': 'No', 'design_b': 'Yes', 'wage_b': Decimal('8000'), 'wage_a': Decimal('8200')}, {'design_a': 'No', 'design_b': 'Yes', 'wage_b': Decimal('3000'), 'wage_a': Decimal('3100')}, {'design_a': 'No', 'design_b': 'Yes', 'wage_b': Decimal('4300'), 'wage_a': Decimal('4700')}, {'design_a': 'Yes', 'design_b': 'No', 'wage_b': Decimal('6900'), 'wage_a': Decimal('6600')}, {'design_a': 'Yes', 'design_b': 'No', 'wage_b': Decimal('7700'), 'wage_a': Decimal('7400')}, {'design_a': 'No', 'design_b': 'Yes', 'wage_b': Decimal('4200'), 'wage_a': Decimal('4900')}]",6000,0.065439687,0.120160395,6.380115425,2.786267112
10/20/24 8:10,bd38dbda-437e-431d-9407-e806766e4001,Hindi,Saki Naka,40,Male,Informal,Other,Steel coating ,migrant,alone,Uttar Pradesh,Yes,Monthly,,12000,"['0', '0', '0', '1', '1', '0', '1', '1', '0', '1']","[{'design_a': 'No', 'design_b': 'Yes', 'wage_b': Decimal('10900'), 'wage_a': Decimal('17800')}, {'design_a': 'Yes', 'design_b': 'No', 'wage_b': Decimal('10300'), 'wage_a': Decimal('8100')}, {'design_a': 'No', 'design_b': 'Yes', 'wage_b': Decimal('8400'), 'wage_a': Decimal('13100')}, {'design_a': 'Yes', 'design_b': 'No', 'wage_b': Decimal('11600'), 'wage_a': Decimal('8200')}, {'design_a': 'Yes', 'design_b': 'No', 'wage_b': Decimal('9100'), 'wage_a': Decimal('6700')}, {'design_a': 'No', 'design_b': 'Yes', 'wage_b': Decimal('7200'), 'wage_a': Decimal('11400')}, {'design_a': 'Yes', 'design_b': 'No', 'wage_b': Decimal('18000'), 'wage_a': Decimal('14900')}, {'design_a': 'No', 'design_b': 'Yes', 'wage_b': Decimal('11000'), 'wage_a': Decimal('13000')}, {'design_a': 'Yes', 'design_b': 'No', 'wage_b': Decimal('13600'), 'wage_a': Decimal('10600')}, {'design_a': 'Yes', 'design_b': 'No', 'wage_b': Decimal('14200'), 'wage_a': Decimal('10900')}]",12000,0.20580614,0.143885527,5.805011903,2.684467376
10/20/24 8:21,e955b8f2-69ce-47be-95b9-6efe517065f1,Hindi,Saki Naka,29,Female,Informal,Other,Domestic,local,,,No,Monthly,,10000,"['0', '1', '0', '1', '0', '1', '0', '0', '0', '0']","[{'design_a': 'No', 'design_b': 'Yes', 'wage_b': Decimal('8700'), 'wage_a': Decimal('13900')}, {'design_a': 'Yes', 'design_b': 'No', 'wage_b': Decimal('13400'), 'wage_a': Decimal('10100')}, {'design_a': 'No', 'design_b': 'Yes', 'wage_b': Decimal('8600'), 'wage_a': Decimal('10100')}, {'design_a': 'Yes', 'design_b': 'No', 'wage_b': Decimal('9400'), 'wage_a': Decimal('8600')}, {'design_a': 'No', 'design_b': 'Yes', 'wage_b': Decimal('5800'), 'wage_a': Decimal('6200')}, {'design_a': 'No', 'design_b': 'Yes', 'wage_b': Decimal('11800'), 'wage_a': Decimal('12200')}, {'design_a': 'Yes', 'design_b': 'No', 'wage_b': Decimal('5700'), 'wage_a': Decimal('5500')}, {'design_a': 'No', 'design_b': 'Yes', 'wage_b': Decimal('5700'), 'wage_a': Decimal('6500')}, {'design_a': 'Yes', 'design_b': 'No', 'wage_b': Decimal('5900'), 'wage_a': Decimal('5600')}, {'design_a': 'No', 'design_b': 'Yes', 'wage_b': Decimal('11000'), 'wage_a': Decimal('11800')}]",10000,0.121006267,0.146412182,5.823295614,2.870397079
10/20/24 8:57,229f3c93-efe0-454b-9f2c-87943e0c0410,Hindi,Saki Naka,50,Male,Informal,Other,Steel coating ,migrant,alone,Uttar Pradesh,No,Weekly,,8000,"['0', '1', '1', '1', '1', '1', '1', '1', '0', '0']","[{'design_a': 'No', 'design_b': 'Yes', 'wage_b': Decimal('7325'), 'wage_a': Decimal('12000')}, {'design_a': 'Yes', 'design_b': 'No', 'wage_b': Decimal('7000'), 'wage_a': Decimal('5200')}, {'design_a': 'No', 'design_b': 'Yes', 'wage_b': Decimal('7725'), 'wage_a': Decimal('9200')}, {'design_a': 'No', 'design_b': 'Yes', 'wage_b': Decimal('7100'), 'wage_a': Decimal('8975')}, {'design_a': 'Yes', 'design_b': 'No', 'wage_b': Decimal('9475'), 'wage_a': Decimal('7375')}, {'design_a': 'Yes', 'design_b': 'No', 'wage_b': Decimal('8950'), 'wage_a': Decimal('6775')}, {'design_a': 'Yes', 'design_b': 'No', 'wage_b': Decimal('10475'), 'wage_a': Decimal('8750')}, {'design_a': 'No', 'design_b': 'Yes', 'wage_b': Decimal('8000'), 'wage_a': Decimal('9600')}, {'design_a': 'No', 'design_b': 'Yes', 'wage_b': Decimal('8125'), 'wage_a': Decimal('10825')}, {'design_a': 'No', 'design_b': 'Yes', 'wage_b': Decimal('9150'), 'wage_a': Decimal('11500')}]",8000,0.178863473,0.148489663,5.531155746,2.736303136
10/20/24 9:38,22f6562e-9345-4f84-a734-a4fa9ea53970,Hindi,Saki Naka,63,Male,Informal,Garment,,migrant,alone,Uttar Pradesh,No,Monthly,,13000,"['1', '1', '0', '0', '1', '0', '0', '1', '0', '0']","[{'design_a': 'Yes', 'design_b': 'No', 'wage_b': Decimal('14000'), 'wage_a': Decimal('8500')}, {'design_a': 'Yes', 'design_b': 'No', 'wage_b': Decimal('15500'), 'wage_a': Decimal('11000')}, {'design_a': 'Yes', 'design_b': 'No', 'wage_b': Decimal('16700'), 'wage_a': Decimal('13800')}, {'design_a': 'No', 'design_b': 'Yes', 'wage_b': Decimal('8500'), 'wage_a': Decimal('13400')}, {'design_a': 'No', 'design_b': 'Yes', 'wage_b': Decimal('14300'), 'wage_a': Decimal('18600')}, {'design_a': 'No', 'design_b': 'Yes', 'wage_b': Decimal('12300'), 'wage_a': Decimal('18800')}, {'design_a': 'No', 'design_b': 'Yes', 'wage_b': Decimal('9400'), 'wage_a': Decimal('12500')}, {'design_a': 'Yes', 'design_b': 'No', 'wage_b': Decimal('15800'), 'wage_a': Decimal('12400')}, {'design_a': 'No', 'design_b': 'Yes', 'wage_b': Decimal('9400'), 'wage_a': Decimal('11700')}, {'design_a': 'No', 'design_b': 'Yes', 'wage_b': Decimal('8700'), 'wage_a': Decimal('10400')}]",13000,0.142227924,0.112565506,6.158914656,2.544289459
10/20/24 11:25,e84b24d8-dae9-44b0-bfec-8e594e61cb6e,Hindi,Saki Naka,32,Male,Informal,Garment,,migrant,family,Uttar Pradesh,No,Daily,,500,"['1', '1', '1', '1', '0', '1', '0', '0', '1', '0']","[{'design_a': 'No', 'design_b': 'Yes', 'wage_b': Decimal('355'), 'wage_a': Decimal('595')}, {'design_a': 'No', 'design_b': 'Yes', 'wage_b': Decimal('325'), 'wage_a': Decimal('545')}, {'design_a': 'No', 'design_b': 'Yes', 'wage_b': Decimal('255'), 'wage_a': Decimal('520')}, {'design_a': 'No', 'design_b': 'Yes', 'wage_b': Decimal('305'), 'wage_a': Decimal('710')}, {'design_a': 'Yes', 'design_b': 'No', 'wage_b': Decimal('735'), 'wage_a': Decimal('295')}, {'design_a': 'No', 'design_b': 'Yes', 'wage_b': Decimal('300'), 'wage_a': Decimal('620')}, {'design_a': 'Yes', 'design_b': 'No', 'wage_b': Decimal('715'), 'wage_a': Decimal('285')}, {'design_a': 'Yes', 'design_b': 'No', 'wage_b': Decimal('545'), 'wage_a': Decimal('395')}, {'design_a': 'No', 'design_b': 'Yes', 'wage_b': Decimal('290'), 'wage_a': Decimal('720')}, {'design_a': 'Yes', 'design_b': 'No', 'wage_b': Decimal('555'), 'wage_a': Decimal('315')}]",500,0.936734246,0.068925422,6.966430257,2.225276825
10/30/24 5:30,b608a3af-83fc-43dc-bf63-83f5cb047e94,Hindi,Saki Naka,36,Male,Informal,Garment,,migrant,family,Madhya Pradesh,No,Monthly,,29000,"['0', '0', '0', '1', '0', '1', '0', '1', '1', '1']","[{'design_a': 'No', 'design_b': 'Yes', 'wage_b': Decimal('19300'), 'wage_a': Decimal('31600')}, {'design_a': 'Yes', 'design_b': 'No', 'wage_b': Decimal('42200'), 'wage_a': Decimal('30100')}, {'design_a': 'No', 'design_b': 'Yes', 'wage_b': Decimal('22300'), 'wage_a': Decimal('34900')}, {'design_a': 'Yes', 'design_b': 'No', 'wage_b': Decimal('42300'), 'wage_a': Decimal('28800')}, {'design_a': 'Yes', 'design_b': 'No', 'wage_b': Decimal('43300'), 'wage_a': Decimal('36100')}, {'design_a': 'Yes', 'design_b': 'No', 'wage_b': Decimal('26900'), 'wage_a': Decimal('18700')}, {'design_a': 'No', 'design_b': 'Yes', 'wage_b': Decimal('24100'), 'wage_a': Decimal('34400')}, {'design_a': 'No', 'design_b': 'Yes', 'wage_b': Decimal('31800'), 'wage_a': Decimal('42500')}, {'design_a': 'No', 'design_b': 'Yes', 'wage_b': Decimal('29200'), 'wage_a': Decimal('42100')}, {'design_a': 'Yes', 'design_b': 'No', 'wage_b': Decimal('31700'), 'wage_a': Decimal('23600')}]",29000,0.307012485,0.171681754,5.035680687,2.880009772
10/30/24 5:35,1ddbdf4c-3a74-4185-be55-fd0c2e5c24bd,Hindi,Saki Naka,40,Male,Informal,Other,Kaddiya ,migrant,alone,Uttar Pradesh,No,Daily,,15,"['0', '0', '1', '0', '1', '0', '0', '1', '1', '0']","[{'design_a': 'No', 'design_b': 'Yes', 'wage_b': Decimal('10'), 'wage_a': Decimal('15')}, {'design_a': 'No', 'design_b': 'Yes', 'wage_b': Decimal('15'), 'wage_a': Decimal('20')}, {'design_a': 'Yes', 'design_b': 'No', 'wage_b': Decimal('20'), 'wage_a': Decimal('15')}, {'design_a': 'No', 'design_b': 'Yes', 'wage_b': Decimal('15'), 'wage_a': Decimal('20')}, {'design_a': 'Yes', 'design_b': 'No', 'wage_b': Decimal('20'), 'wage_a': Decimal('15')}, {'design_a': 'No', 'design_b': 'Yes', 'wage_b': Decimal('15'), 'wage_a': Decimal('20')}, {'design_a': 'No', 'design_b': 'Yes', 'wage_b': Decimal('15'), 'wage_a': Decimal('20')}, {'design_a': 'Yes', 'design_b': 'No', 'wage_b': Decimal('20'), 'wage_a': Decimal('15')}, {'design_a': 'Yes', 'design_b': 'No', 'wage_b': Decimal('20'), 'wage_a': Decimal('15')}, {'design_a': 'No', 'design_b': 'Yes', 'wage_b': Decimal('15'), 'wage_a': Decimal('20')}]",15,0.06847893,0.064381361,7.667314666,1.759621458
10/30/24 5:55,136eda72-f00b-44b7-9b99-0cfa2c172fef,Hindi,Saki Naka,33,Male,Informal,Other,Labour ,migrant,family,Uttar Pradesh,No,Daily,,12000,"['1', '1', '0', '1', '0', '1', '1', '1', '1', '0']","[{'design_a': 'Yes', 'design_b': 'No', 'wage_b': Decimal('16910'), 'wage_a': Decimal('9500')}, {'design_a': 'Yes', 'design_b': 'No', 'wage_b': Decimal('11705'), 'wage_a': Decimal('8525')}, {'design_a': 'No', 'design_b': 'Yes', 'wage_b': Decimal('9880'), 'wage_a': Decimal('12580')}, {'design_a': 'No', 'design_b': 'Yes', 'wage_b': Decimal('7285'), 'wage_a': Decimal('9105')}, {'design_a': 'No', 'design_b': 'Yes', 'wage_b': Decimal('13110'), 'wage_a': Decimal('16365')}, {'design_a': 'Yes', 'design_b': 'No', 'wage_b': Decimal('11655'), 'wage_a': Decimal('10180')}, {'design_a': 'Yes', 'design_b': 'No', 'wage_b': Decimal('10050'), 'wage_a': Decimal('9260')}, {'design_a': 'No', 'design_b': 'Yes', 'wage_b': Decimal('14270'), 'wage_a': Decimal('14735')}, {'design_a': 'No', 'design_b': 'Yes', 'wage_b': Decimal('9740'), 'wage_a': Decimal('10505')}, {'design_a': 'No', 'design_b': 'Yes', 'wage_b': Decimal('13390'), 'wage_a': Decimal('15700')}]",12000,0.149167035,0.149912568,5.653117894,2.80069252
10/30/24 5:58,e45377a7-7d41-4689-891c-54812dba113e,Hindi,Saki Naka,31,Male,Informal,Garment,,migrant,family,Uttar Pradesh,No,Monthly,,15000,"['1', '1', '1', '1', '0', '1', '1', '0', '1', '0']","[{'design_a': 'No', 'design_b': 'Yes', 'wage_b': Decimal('14100'), 'wage_a': Decimal('19800')}, {'design_a': 'Yes', 'design_b': 'No', 'wage_b': Decimal('18800'), 'wage_a': Decimal('9600')}, {'design_a': 'Yes', 'design_b': 'No', 'wage_b': Decimal('19600'), 'wage_a': Decimal('12000')}, {'design_a': 'Yes', 'design_b': 'No', 'wage_b': Decimal('18100'), 'wage_a': Decimal('10400')}, {'design_a': 'No', 'design_b': 'Yes', 'wage_b': Decimal('11700'), 'wage_a': Decimal('17500')}, {'design_a': 'Yes', 'design_b': 'No', 'wage_b': Decimal('19700'), 'wage_a': Decimal('13100')}, {'design_a': 'Yes', 'design_b': 'No', 'wage_b': Decimal('18300'), 'wage_a': Decimal('13300')}, {'design_a': 'No', 'design_b': 'Yes', 'wage_b': Decimal('12800'), 'wage_a': Decimal('17900')}, {'design_a': 'Yes', 'design_b': 'No', 'wage_b': Decimal('14400'), 'wage_a': Decimal('11900')}, {'design_a': 'Yes', 'design_b': 'No', 'wage_b': Decimal('16900'), 'wage_a': Decimal('15300')}]",15000,0.167844787,0.112871489,6.379741046,2.421962115
10/30/24 7:01,e500ae74-14e8-4605-87fc-3aaae031eb0f,Hindi,Saki Naka,45,Male,Informal,Other,Loading unloading,migrant,family,Uttar Pradesh,No,Daily,,400,"['1', '1', '1', '1', '0', '0', '0', '1', '1', '1']","[{'design_a': 'Yes', 'design_b': 'No', 'wage_b': Decimal('440'), 'wage_a': Decimal('265')}, {'design_a': 'Yes', 'design_b': 'No', 'wage_b': Decimal('495'), 'wage_a': Decimal('355')}, {'design_a': 'Yes', 'design_b': 'No', 'wage_b': Decimal('275'), 'wage_a': Decimal('200')}, {'design_a': 'No', 'design_b': 'Yes', 'wage_b': Decimal('365'), 'wage_a': Decimal('465')}, {'design_a': 'No', 'design_b': 'Yes', 'wage_b': Decimal('380'), 'wage_a': Decimal('465')}, {'design_a': 'No', 'design_b': 'Yes', 'wage_b': Decimal('360'), 'wage_a': Decimal('430')}, {'design_a': 'Yes', 'design_b': 'No', 'wage_b': Decimal('545'), 'wage_a': Decimal('490')}, {'design_a': 'Yes', 'design_b': 'No', 'wage_b': Decimal('575'), 'wage_a': Decimal('440')}, {'design_a': 'No', 'design_b': 'Yes', 'wage_b': Decimal('445'), 'wage_a': Decimal('510')}, {'design_a': 'Yes', 'design_b': 'No', 'wage_b': Decimal('490'), 'wage_a': Decimal('415')}]",400,0.163642062,0.147151824,5.721325442,2.770621205
10/30/24 7:06,cf965913-4f28-41b9-9c69-b0a1f393bb36,Hindi,Saki Naka,25,Male,Informal,Other,Color penting ,migrant,alone,Uttar Pradesh,No,Daily,,15000,"['0', '0', '0', '0', '0', '0', '1', '1', '0', '1']","[{'design_a': 'Yes', 'design_b': 'No', 'wage_b': Decimal('19630'), 'wage_a': Decimal('13790')}, {'design_a': 'No', 'design_b': 'Yes', 'wage_b': Decimal('10290'), 'wage_a': Decimal('18755')}, {'design_a': 'No', 'design_b': 'Yes', 'wage_b': Decimal('9285'), 'wage_a': Decimal('14830')}, {'design_a': 'No', 'design_b': 'Yes', 'wage_b': Decimal('15090'), 'wage_a': Decimal('21600')}, {'design_a': 'Yes', 'design_b': 'No', 'wage_b': Decimal('14180'), 'wage_a': Decimal('10225')}, {'design_a': 'Yes', 'design_b': 'No', 'wage_b': Decimal('14995'), 'wage_a': Decimal('10565')}, {'design_a': 'Yes', 'design_b': 'No', 'wage_b': Decimal('18345'), 'wage_a': Decimal('12615')}, {'design_a': 'Yes', 'design_b': 'No', 'wage_b': Decimal('20865'), 'wage_a': Decimal('16160')}, {'design_a': 'No', 'design_b': 'Yes', 'wage_b': Decimal('8010'), 'wage_a': Decimal('12805')}, {'design_a': 'Yes', 'design_b': 'No', 'wage_b': Decimal('13715'), 'wage_a': Decimal('9600')}]",15000,0.254463723,0.155000503,4.841365991,2.73965647
10/30/24 7:16,a6ff423a-670c-4ce8-a59e-11d222938ea3,Hindi,Saki Naka,43,Male,Informal,Other,Driver,migrant,alone,Uttar Pradesh,Yes,Monthly,,12000,"['1', '0', '0', '1', '1', '1', '1', '0', '1', '1']","[{'design_a': 'Yes', 'design_b': 'No', 'wage_b': Decimal('13500'), 'wage_a': Decimal('8300')}, {'design_a': 'No', 'design_b': 'Yes', 'wage_b': Decimal('9100'), 'wage_a': Decimal('12600')}, {'design_a': 'Yes', 'design_b': 'No', 'wage_b': Decimal('15700'), 'wage_a': Decimal('11800')}, {'design_a': 'No', 'design_b': 'Yes', 'wage_b': Decimal('12600'), 'wage_a': Decimal('17600')}, {'design_a': 'No', 'design_b': 'Yes', 'wage_b': Decimal('7100'), 'wage_a': Decimal('10800')}, {'design_a': 'Yes', 'design_b': 'No', 'wage_b': Decimal('16800'), 'wage_a': Decimal('8600')}, {'design_a': 'No', 'design_b': 'Yes', 'wage_b': Decimal('9600'), 'wage_a': Decimal('15000')}, {'design_a': 'Yes', 'design_b': 'No', 'wage_b': Decimal('14100'), 'wage_a': Decimal('8600')}, {'design_a': 'No', 'design_b': 'Yes', 'wage_b': Decimal('11400'), 'wage_a': Decimal('15300')}, {'design_a': 'Yes', 'design_b': 'No', 'wage_b': Decimal('17100'), 'wage_a': Decimal('9700')}]",12000,0.526029119,0.181114698,4.805029066,2.847259555
10/30/24 7:17,f5322f2b-dd37-46ff-ae59-84cb6894e01d,Hindi,Saki Naka,36,Male,Informal,Other,Loading unloading ,migrant,alone,Uttar Pradesh,No,Daily,,700,"['0', '1', '1', '1', '1', '1', '0', '0', '0', '0']","[{'design_a': 'No', 'design_b': 'Yes', 'wage_b': Decimal('495'), 'wage_a': Decimal('800')}, {'design_a': 'Yes', 'design_b': 'No', 'wage_b': Decimal('655'), 'wage_a': Decimal('485')}, {'design_a': 'Yes', 'design_b': 'No', 'wage_b': Decimal('505'), 'wage_a': Decimal('355')}, {'design_a': 'Yes', 'design_b': 'No', 'wage_b': Decimal('695'), 'wage_a': Decimal('610')}, {'design_a': 'Yes', 'design_b': 'No', 'wage_b': Decimal('700'), 'wage_a': Decimal('645')}, {'design_a': 'Yes', 'design_b': 'No', 'wage_b': Decimal('530'), 'wage_a': Decimal('415')}, {'design_a': 'No', 'design_b': 'Yes', 'wage_b': Decimal('570'), 'wage_a': Decimal('605')}, {'design_a': 'No', 'design_b': 'Yes', 'wage_b': Decimal('655'), 'wage_a': Decimal('690')}, {'design_a': 'No', 'design_b': 'Yes', 'wage_b': Decimal('685'), 'wage_a': Decimal('690')}, {'design_a': 'Yes', 'design_b': 'No', 'wage_b': Decimal('375'), 'wage_a': Decimal('360')}]",700,0.079604665,0.124940434,6.042844966,2.709412033
10/30/24 7:24,fec1e1cc-7b6a-4337-91a6-4cf730b7c281,Hindi,Saki Naka,29,Male,Informal,Other,All work ,migrant,family,Uttar Pradesh,No,Daily,,25000,"['1', '1', '0', '0', '0', '1', '0', '1', '0', '1']","[{'design_a': 'Yes', 'design_b': 'No', 'wage_b': Decimal('29915'), 'wage_a': Decimal('15440')}, {'design_a': 'Yes', 'design_b': 'No', 'wage_b': Decimal('27840'), 'wage_a': Decimal('19820')}, {'design_a': 'No', 'design_b': 'Yes', 'wage_b': Decimal('31795'), 'wage_a': Decimal('37105')}, {'design_a': 'No', 'design_b': 'Yes', 'wage_b': Decimal('30215'), 'wage_a': Decimal('33640')}, {'design_a': 'No', 'design_b': 'Yes', 'wage_b': Decimal('25265'), 'wage_a': Decimal('28005')}, {'design_a': 'Yes', 'design_b': 'No', 'wage_b': Decimal('30150'), 'wage_a': Decimal('24185')}, {'design_a': 'No', 'design_b': 'Yes', 'wage_b': Decimal('26560'), 'wage_a': Decimal('28980')}, {'design_a': 'No', 'design_b': 'Yes', 'wage_b': Decimal('27010'), 'wage_a': Decimal('28055')}, {'design_a': 'Yes', 'design_b': 'No', 'wage_b': Decimal('35355'), 'wage_a': Decimal('34230')}, {'design_a': 'Yes', 'design_b': 'No', 'wage_b': Decimal('22075'), 'wage_a': Decimal('20740')}]",25000,0.096705093,0.129398948,6.175241603,2.84541302
10/30/24 7:30,675b5ad8-f74d-4c33-bc39-d1932ac74b8f,Hindi,Saki Naka,39,Male,Informal,Other,Painting ,migrant,alone,Uttar Pradesh,No,Monthly,,24000,"['1', '0', '0', '1', '0', '0', '0', '0', '1', '1']","[{'design_a': 'Yes', 'design_b': 'No', 'wage_b': Decimal('32000'), 'wage_a': Decimal('19400')}, {'design_a': 'No', 'design_b': 'Yes', 'wage_b': Decimal('19500'), 'wage_a': Decimal('28500')}, {'design_a': 'No', 'design_b': 'Yes', 'wage_b': Decimal('13400'), 'wage_a': Decimal('16600')}, {'design_a': 'Yes', 'design_b': 'No', 'wage_b': Decimal('30600'), 'wage_a': Decimal('27100')}, {'design_a': 'No', 'design_b': 'Yes', 'wage_b': Decimal('22000'), 'wage_a': Decimal('23600')}, {'design_a': 'No', 'design_b': 'Yes', 'wage_b': Decimal('25900'), 'wage_a': Decimal('28200')}, {'design_a': 'No', 'design_b': 'Yes', 'wage_b': Decimal('21400'), 'wage_a': Decimal('22600')}, {'design_a': 'No', 'design_b': 'Yes', 'wage_b': Decimal('32300'), 'wage_a': Decimal('33700')}, {'design_a': 'Yes', 'design_b': 'No', 'wage_b': Decimal('21100'), 'wage_a': Decimal('20700')}, {'design_a': 'Yes', 'design_b': 'No', 'wage_b': Decimal('20200'), 'wage_a': Decimal('17500')}]",24000,0.068255097,0.118193437,6.170962853,2.71150981
10/30/24 7:44,ec1e8cc7-92ca-46e4-a44f-4620f48b5d77,Hindi,Saki Naka,33,Male,Informal,Garment,,migrant,alone,Uttar Pradesh,Yes,Weekly,,5000,"['0', '1', '0', '0', '0', '1', '0', '1', '1', '0']","[{'design_a': 'No', 'design_b': 'Yes', 'wage_b': Decimal('2650'), 'wage_a': Decimal('4325')}, {'design_a': 'Yes', 'design_b': 'No', 'wage_b': Decimal('3325'), 'wage_a': Decimal('2675')}, {'design_a': 'Yes', 'design_b': 'No', 'wage_b': Decimal('7125'), 'wage_a': Decimal('6150')}, {'design_a': 'Yes', 'design_b': 'No', 'wage_b': Decimal('5925'), 'wage_a': Decimal('4975')}, {'design_a': 'No', 'design_b': 'Yes', 'wage_b': Decimal('3575'), 'wage_a': Decimal('4650')}, {'design_a': 'Yes', 'design_b': 'No', 'wage_b': Decimal('7300'), 'wage_a': Decimal('5975')}, {'design_a': 'Yes', 'design_b': 'No', 'wage_b': Decimal('7350'), 'wage_a': Decimal('6750')}, {'design_a': 'Yes', 'design_b': 'No', 'wage_b': Decimal('4825'), 'wage_a': Decimal('4000')}, {'design_a': 'Yes', 'design_b': 'No', 'wage_b': Decimal('6775'), 'wage_a': Decimal('5450')}, {'design_a': 'No', 'design_b': 'Yes', 'wage_b': Decimal('4475'), 'wage_a': Decimal('5400')}]",5000,0.145437713,0.133559597,5.881929322,2.808403934
10/30/24 10:03,4acb1240-2b7e-43db-99d7-fc210a780264,Hindi,Saki Naka,33,Female,Informal,Other,Domestic ,local,,,No,Monthly,,14000,"['0', '0', '0', '1', '0', '0', '1', '0', '1', '1']","[{'design_a': 'Yes', 'design_b': 'No', 'wage_b': Decimal('20800'), 'wage_a': Decimal('11800')}, {'design_a': 'No', 'design_b': 'Yes', 'wage_b': Decimal('10800'), 'wage_a': Decimal('20200')}, {'design_a': 'No', 'design_b': 'Yes', 'wage_b': Decimal('7000'), 'wage_a': Decimal('12600')}, {'design_a': 'Yes', 'design_b': 'No', 'wage_b': Decimal('20700'), 'wage_a': Decimal('13800')}, {'design_a': 'Yes', 'design_b': 'No', 'wage_b': Decimal('10700'), 'wage_a': Decimal('8100')}, {'design_a': 'Yes', 'design_b': 'No', 'wage_b': Decimal('19700'), 'wage_a': Decimal('13800')}, {'design_a': 'No', 'design_b': 'Yes', 'wage_b': Decimal('11700'), 'wage_a': Decimal('17300')}, {'design_a': 'No', 'design_b': 'Yes', 'wage_b': Decimal('7000'), 'wage_a': Decimal('13200')}, {'design_a': 'No', 'design_b': 'Yes', 'wage_b': Decimal('10500'), 'wage_a': Decimal('15600')}, {'design_a': 'Yes', 'design_b': 'No', 'wage_b': Decimal('14900'), 'wage_a': Decimal('8700')}]",14000,0.48507204,0.167407337,5.32027755,2.899346088
11/7/24 16:02,82613e71-c4aa-4024-b9eb-27a57a6887e9,Hindi,Dahej,27,Male,Informal,Construction,,migrant,family,Chhattisgarh,No,Monthly,,13500,"['1', '0', '0', '0', '1', '0', '0', '1', '0', '1']","[{'design_a': 'Yes', 'design_b': 'No', 'wage_b': Decimal('12200'), 'wage_a': Decimal('7500')}, {'design_a': 'Yes', 'design_b': 'No', 'wage_b': Decimal('17900'), 'wage_a': Decimal('14100')}, {'design_a': 'No', 'design_b': 'Yes', 'wage_b': Decimal('10000'), 'wage_a': Decimal('14900')}, {'design_a': 'Yes', 'design_b': 'No', 'wage_b': Decimal('11900'), 'wage_a': Decimal('9300')}, {'design_a': 'No', 'design_b': 'Yes', 'wage_b': Decimal('7900'), 'wage_a': Decimal('10600')}, {'design_a': 'No', 'design_b': 'Yes', 'wage_b': Decimal('13500'), 'wage_a': Decimal('19800')}, {'design_a': 'No', 'design_b': 'Yes', 'wage_b': Decimal('11900'), 'wage_a': Decimal('18300')}, {'design_a': 'Yes', 'design_b': 'No', 'wage_b': Decimal('17600'), 'wage_a': Decimal('13100')}, {'design_a': 'No', 'design_b': 'Yes', 'wage_b': Decimal('9000'), 'wage_a': Decimal('12400')}, {'design_a': 'No', 'design_b': 'Yes', 'wage_b': Decimal('10800'), 'wage_a': Decimal('13300')}]",13500,0.281374121,0.152988554,5.679624249,2.7854672
11/7/24 16:02,5218f98a-0780-4c38-9731-4d1f37c02336,Hindi,Dahej,36,Male,Informal,Construction,,migrant,family,Gujarat,No,Monthly,,25000,"['1', '0', '1', '0', '0', '0', '0', '0', '1', '1']","[{'design_a': 'Yes', 'design_b': 'No', 'wage_b': Decimal('32200'), 'wage_a': Decimal('18300')}, {'design_a': 'No', 'design_b': 'Yes', 'wage_b': Decimal('22600'), 'wage_a': Decimal('30800')}, {'design_a': 'No', 'design_b': 'Yes', 'wage_b': Decimal('15700'), 'wage_a': Decimal('19000')}, {'design_a': 'Yes', 'design_b': 'No', 'wage_b': Decimal('22900'), 'wage_a': Decimal('17100')}, {'design_a': 'No', 'design_b': 'Yes', 'wage_b': Decimal('21000'), 'wage_a': Decimal('33200')}, {'design_a': 'Yes', 'design_b': 'No', 'wage_b': Decimal('23000'), 'wage_a': Decimal('16800')}, {'design_a': 'No', 'design_b': 'Yes', 'wage_b': Decimal('16800'), 'wage_a': Decimal('32700')}, {'design_a': 'No', 'design_b': 'Yes', 'wage_b': Decimal('23600'), 'wage_a': Decimal('36500')}, {'design_a': 'Yes', 'design_b': 'No', 'wage_b': Decimal('33700'), 'wage_a': Decimal('22500')}, {'design_a': 'Yes', 'design_b': 'No', 'wage_b': Decimal('27100'), 'wage_a': Decimal('22300')}]",25000,0.243125501,0.13792058,5.637487722,2.585983338
11/8/24 7:36,dd7be121-9d15-48a9-ae9a-cc3f960fcb57,Hindi,Dahej,32,Male,Informal,Chemical,,migrant,alone,Odisha,No,Monthly,,20000,"['0', '0', '0', '1', '1', '0', '1', '1', '0', '0']","[{'design_a': 'No', 'design_b': 'Yes', 'wage_b': Decimal('11500'), 'wage_a': Decimal('18700')}, {'design_a': 'No', 'design_b': 'Yes', 'wage_b': Decimal('14100'), 'wage_a': Decimal('19700')}, {'design_a': 'Yes', 'design_b': 'No', 'wage_b': Decimal('14300'), 'wage_a': Decimal('11900')}, {'design_a': 'Yes', 'design_b': 'No', 'wage_b': Decimal('28000'), 'wage_a': Decimal('22300')}, {'design_a': 'No', 'design_b': 'Yes', 'wage_b': Decimal('20800'), 'wage_a': Decimal('25700')}, {'design_a': 'Yes', 'design_b': 'No', 'wage_b': Decimal('14400'), 'wage_a': Decimal('11400')}, {'design_a': 'Yes', 'design_b': 'No', 'wage_b': Decimal('22700'), 'wage_a': Decimal('16900')}, {'design_a': 'Yes', 'design_b': 'No', 'wage_b': Decimal('17900'), 'wage_a': Decimal('11100')}, {'design_a': 'Yes', 'design_b': 'No', 'wage_b': Decimal('15800'), 'wage_a': Decimal('12100')}, {'design_a': 'Yes', 'design_b': 'No', 'wage_b': Decimal('16900'), 'wage_a': Decimal('13300')}]",20000,0.326857723,0.176734868,5.376832106,2.932276217
11/8/24 7:36,06e99cd4-56f1-4c28-b5d1-ddd0cf741b9c,Hindi,Dahej,41,Male,Informal,Chemical,,migrant,alone,Jharkhand,No,Monthly,,21500,"['0', '0', '0', '1', '0', '1', '1', '1', '0', '0']","[{'design_a': 'No', 'design_b': 'Yes', 'wage_b': Decimal('20100'), 'wage_a': Decimal('25300')}, {'design_a': 'Yes', 'design_b': 'No', 'wage_b': Decimal('24100'), 'wage_a': Decimal('20500')}, {'design_a': 'No', 'design_b': 'Yes', 'wage_b': Decimal('12200'), 'wage_a': Decimal('19000')}, {'design_a': 'Yes', 'design_b': 'No', 'wage_b': Decimal('23800'), 'wage_a': Decimal('14000')}, {'design_a': 'Yes', 'design_b': 'No', 'wage_b': Decimal('14600'), 'wage_a': Decimal('12400')}, {'design_a': 'No', 'design_b': 'Yes', 'wage_b': Decimal('20500'), 'wage_a': Decimal('24400')}, {'design_a': 'Yes', 'design_b': 'No', 'wage_b': Decimal('22300'), 'wage_a': Decimal('16700')}, {'design_a': 'Yes', 'design_b': 'No', 'wage_b': Decimal('31100'), 'wage_a': Decimal('17700')}, {'design_a': 'No', 'design_b': 'Yes', 'wage_b': Decimal('23100'), 'wage_a': Decimal('30100')}, {'design_a': 'Yes', 'design_b': 'No', 'wage_b': Decimal('27500'), 'wage_a': Decimal('22800')}]",21500,0.23961202,0.141511608,6.237034607,2.582892983
11/10/24 6:56,eea3d8da-4ec2-42bc-aeb6-5ff959f7253e,Hindi,Navi Mumbai,30,Male,Formal,Other,Ward boy,local,,,No,Monthly,,17000,"['0', '1', '0', '1', '0', '1', '0', '0', '0', '0']","[{'design_a': 'No', 'design_b': 'Yes', 'wage_b': Decimal('13300'), 'wage_a': Decimal('21300')}, {'design_a': 'No', 'design_b': 'Yes', 'wage_b': Decimal('16700'), 'wage_a': Decimal('22200')}, {'design_a': 'Yes', 'design_b': 'No', 'wage_b': Decimal('25300'), 'wage_a': Decimal('15500')}, {'design_a': 'No', 'design_b': 'Yes', 'wage_b': Decimal('13000'), 'wage_a': Decimal('18800')}, {'design_a': 'Yes', 'design_b': 'No', 'wage_b': Decimal('25300'), 'wage_a': Decimal('15900')}, {'design_a': 'No', 'design_b': 'Yes', 'wage_b': Decimal('13000'), 'wage_a': Decimal('25300')}, {'design_a': 'No', 'design_b': 'Yes', 'wage_b': Decimal('9100'), 'wage_a': Decimal('19400')}, {'design_a': 'No', 'design_b': 'Yes', 'wage_b': Decimal('9200'), 'wage_a': Decimal('19000')}, {'design_a': 'No', 'design_b': 'Yes', 'wage_b': Decimal('9500'), 'wage_a': Decimal('19000')}, {'design_a': 'Yes', 'design_b': 'No', 'wage_b': Decimal('22700'), 'wage_a': Decimal('14500')}]",17000,0.615070337,0.157961215,5.62153229,2.660128685
11/10/24 7:42,ce40f227-5ffa-4549-abfb-3ec4a5f652a2,Hindi,Navi Mumbai,45,Male,Informal,Other,Steel company workers ,migrant,alone,Uttar Pradesh,No,Monthly,,12000,"['1', '1', '1', '0', '1', '0', '1', '1', '0', '0']","[{'design_a': 'Yes', 'design_b': 'No', 'wage_b': Decimal('17700'), 'wage_a': Decimal('9200')}, {'design_a': 'Yes', 'design_b': 'No', 'wage_b': Decimal('10300'), 'wage_a': Decimal('7800')}, {'design_a': 'Yes', 'design_b': 'No', 'wage_b': Decimal('8900'), 'wage_a': Decimal('7300')}, {'design_a': 'Yes', 'design_b': 'No', 'wage_b': Decimal('12800'), 'wage_a': Decimal('11200')}, {'design_a': 'Yes', 'design_b': 'No', 'wage_b': Decimal('17300'), 'wage_a': Decimal('14500')}, {'design_a': 'No', 'design_b': 'Yes', 'wage_b': Decimal('13700'), 'wage_a': Decimal('15700')}, {'design_a': 'Yes', 'design_b': 'No', 'wage_b': Decimal('10100'), 'wage_a': Decimal('9200')}, {'design_a': 'Yes', 'design_b': 'No', 'wage_b': Decimal('13900'), 'wage_a': Decimal('12700')}, {'design_a': 'No', 'design_b': 'Yes', 'wage_b': Decimal('13700'), 'wage_a': Decimal('15100')}, {'design_a': 'No', 'design_b': 'Yes', 'wage_b': Decimal('7200'), 'wage_a': Decimal('7400')}]",12000,0.085900722,0.125817892,5.862366332,2.826464716
11/10/24 8:07,eda5ec06-5f11-4f3f-9bd0-12ce804d72ca,Hindi,Navi Mumbai,35,Male,Informal,Construction,,migrant,alone,Uttar Pradesh,No,Monthly,,22000,"['0', '0', '1', '1', '0', '1', '0', '1', '1', '0']","[{'design_a': 'Yes', 'design_b': 'No', 'wage_b': Decimal('18700'), 'wage_a': Decimal('11700')}, {'design_a': 'Yes', 'design_b': 'No', 'wage_b': Decimal('28500'), 'wage_a': Decimal('15100')}, {'design_a': 'No', 'design_b': 'Yes', 'wage_b': Decimal('14400'), 'wage_a': Decimal('30500')}, {'design_a': 'No', 'design_b': 'Yes', 'wage_b': Decimal('12900'), 'wage_a': Decimal('30000')}, {'design_a': 'Yes', 'design_b': 'No', 'wage_b': Decimal('30100'), 'wage_a': Decimal('15100')}, {'design_a': 'No', 'design_b': 'Yes', 'wage_b': Decimal('16800'), 'wage_a': Decimal('27700')}, {'design_a': 'Yes', 'design_b': 'No', 'wage_b': Decimal('23800'), 'wage_a': Decimal('12100')}, {'design_a': 'No', 'design_b': 'Yes', 'wage_b': Decimal('11300'), 'wage_a': Decimal('24500')}, {'design_a': 'No', 'design_b': 'Yes', 'wage_b': Decimal('15000'), 'wage_a': Decimal('32700')}, {'design_a': 'Yes', 'design_b': 'No', 'wage_b': Decimal('28500'), 'wage_a': Decimal('11500')}]",22000,0.937958873,0.06185568,7.329830931,2.012204199
11/10/24 8:09,6ece8a4a-bd95-4bd3-ae9d-b71e5b7d7837,Hindi,Navi Mumbai,22,Female,Formal,Other,Call centre,local,,,Yes,Monthly,,17000,"['1', '0', '1', '0', '0', '0', '0', '1', '0', '1']","[{'design_a': 'Yes', 'design_b': 'No', 'wage_b': Decimal('25200'), 'wage_a': Decimal('14900')}, {'design_a': 'No', 'design_b': 'Yes', 'wage_b': Decimal('10400'), 'wage_a': Decimal('13000')}, {'design_a': 'Yes', 'design_b': 'No', 'wage_b': Decimal('23100'), 'wage_a': Decimal('20300')}, {'design_a': 'No', 'design_b': 'Yes', 'wage_b': Decimal('21600'), 'wage_a': Decimal('23800')}, {'design_a': 'No', 'design_b': 'Yes', 'wage_b': Decimal('20500'), 'wage_a': Decimal('22200')}, {'design_a': 'Yes', 'design_b': 'No', 'wage_b': Decimal('16800'), 'wage_a': Decimal('16700')}, {'design_a': 'Yes', 'design_b': 'No', 'wage_b': Decimal('14000'), 'wage_a': Decimal('13800')}, {'design_a': 'Yes', 'design_b': 'No', 'wage_b': Decimal('23400'), 'wage_a': Decimal('20400')}, {'design_a': 'Yes', 'design_b': 'No', 'wage_b': Decimal('19900'), 'wage_a': Decimal('19600')}, {'design_a': 'No', 'design_b': 'Yes', 'wage_b': Decimal('16200'), 'wage_a': Decimal('16500')}]",17000,0.138969652,0.152755532,6.196459005,2.795752977
11/10/24 8:23,5f1c2220-9d81-4db2-8a10-e2a75613cfd3,Hindi,Navi Mumbai,28,Male,Informal,Construction,,migrant,family,Uttar Pradesh,Yes,Monthly,,40000,"['1', '0', '0', '1', '1', '0', '0', '0', '0', '0']","[{'design_a': 'No', 'design_b': 'Yes', 'wage_b': Decimal('32900'), 'wage_a': Decimal('54700')}, {'design_a': 'Yes', 'design_b': 'No', 'wage_b': Decimal('38900'), 'wage_a': Decimal('21900')}, {'design_a': 'Yes', 'design_b': 'No', 'wage_b': Decimal('39700'), 'wage_a': Decimal('21300')}, {'design_a': 'Yes', 'design_b': 'No', 'wage_b': Decimal('40600'), 'wage_a': Decimal('20700')}, {'design_a': 'Yes', 'design_b': 'No', 'wage_b': Decimal('50900'), 'wage_a': Decimal('25900')}, {'design_a': 'No', 'design_b': 'Yes', 'wage_b': Decimal('31200'), 'wage_a': Decimal('59400')}, {'design_a': 'Yes', 'design_b': 'No', 'wage_b': Decimal('45300'), 'wage_a': Decimal('28200')}, {'design_a': 'No', 'design_b': 'Yes', 'wage_b': Decimal('21800'), 'wage_a': Decimal('38100')}, {'design_a': 'Yes', 'design_b': 'No', 'wage_b': Decimal('37100'), 'wage_a': Decimal('20000')}, {'design_a': 'No', 'design_b': 'Yes', 'wage_b': Decimal('21100'), 'wage_a': Decimal('35500')}]",40000,0.567408413,0.198455272,3.99857944,2.809194422
11/11/24 6:01,405de9c4-5b8f-4d83-8004-3dc30947be6a,Hindi,Bhosari,21,Male,Formal,Automotive,,migrant,alone,Uttar Pradesh,No,Monthly,,18000,"['1', '1', '0', '0', '1', '1', '1', '0', '0', '1']","[{'design_a': 'Yes', 'design_b': 'No', 'wage_b': Decimal('21600'), 'wage_a': Decimal('12800')}, {'design_a': 'No', 'design_b': 'Yes', 'wage_b': Decimal('17000'), 'wage_a': Decimal('24900')}, {'design_a': 'No', 'design_b': 'Yes', 'wage_b': Decimal('15000'), 'wage_a': Decimal('25300')}, {'design_a': 'No', 'design_b': 'Yes', 'wage_b': Decimal('13200'), 'wage_a': Decimal('19900')}, {'design_a': 'No', 'design_b': 'Yes', 'wage_b': Decimal('18000'), 'wage_a': Decimal('23500')}, {'design_a': 'Yes', 'design_b': 'No', 'wage_b': Decimal('17000'), 'wage_a': Decimal('13600')}, {'design_a': 'Yes', 'design_b': 'No', 'wage_b': Decimal('13900'), 'wage_a': Decimal('9700')}, {'design_a': 'Yes', 'design_b': 'No', 'wage_b': Decimal('23500'), 'wage_a': Decimal('19400')}, {'design_a': 'No', 'design_b': 'Yes', 'wage_b': Decimal('12700'), 'wage_a': Decimal('16800')}, {'design_a': 'No', 'design_b': 'Yes', 'wage_b': Decimal('18100'), 'wage_a': Decimal('23200')}]",18000,0.296056564,0.175413686,4.865719864,2.847945319
11/11/24 6:28,dbd71dd0-7615-47c9-a6b6-3bc3e7c0c4a8,Hindi,Bhosari,20,Male,Formal,Automotive,,migrant,alone,Jharkhand,No,Monthly,,21000,"['1', '0', '0', '1', '0', '0', '1', '0', '0', '1']","[{'design_a': 'Yes', 'design_b': 'No', 'wage_b': Decimal('27800'), 'wage_a': Decimal('18800')}, {'design_a': 'No', 'design_b': 'Yes', 'wage_b': Decimal('18900'), 'wage_a': Decimal('24300')}, {'design_a': 'No', 'design_b': 'Yes', 'wage_b': Decimal('14400'), 'wage_a': Decimal('17500')}, {'design_a': 'No', 'design_b': 'Yes', 'wage_b': Decimal('26900'), 'wage_a': Decimal('30600')}, {'design_a': 'Yes', 'design_b': 'No', 'wage_b': Decimal('30300'), 'wage_a': Decimal('21200')}, {'design_a': 'No', 'design_b': 'Yes', 'wage_b': Decimal('19300'), 'wage_a': Decimal('24100')}, {'design_a': 'Yes', 'design_b': 'No', 'wage_b': Decimal('24000'), 'wage_a': Decimal('20200')}, {'design_a': 'Yes', 'design_b': 'No', 'wage_b': Decimal('29800'), 'wage_a': Decimal('20100')}, {'design_a': 'No', 'design_b': 'Yes', 'wage_b': Decimal('11700'), 'wage_a': Decimal('14800')}, {'design_a': 'No', 'design_b': 'Yes', 'wage_b': Decimal('23300'), 'wage_a': Decimal('24800')}]",21000,0.275139567,0.218931377,3.147477254,2.584531976
11/11/24 6:33,c8b19a21-b630-465d-a78c-5a025a4ea69a,Hindi,Bhosari,20,Male,Formal,Automotive,,migrant,alone,Bihar,No,Monthly,,19000,"['1', '0', '0', '0', '0', '1', '0', '0', '1', '1']","[{'design_a': 'Yes', 'design_b': 'No', 'wage_b': Decimal('27800'), 'wage_a': Decimal('16100')}, {'design_a': 'No', 'design_b': 'Yes', 'wage_b': Decimal('18900'), 'wage_a': Decimal('27500')}, {'design_a': 'No', 'design_b': 'Yes', 'wage_b': Decimal('19000'), 'wage_a': Decimal('22300')}, {'design_a': 'No', 'design_b': 'Yes', 'wage_b': Decimal('15400'), 'wage_a': Decimal('17200')}, {'design_a': 'Yes', 'design_b': 'No', 'wage_b': Decimal('25900'), 'wage_a': Decimal('24000')}, {'design_a': 'Yes', 'design_b': 'No', 'wage_b': Decimal('16900'), 'wage_a': Decimal('15400')}, {'design_a': 'No', 'design_b': 'Yes', 'wage_b': Decimal('16400'), 'wage_a': Decimal('17600')}, {'design_a': 'Yes', 'design_b': 'No', 'wage_b': Decimal('24600'), 'wage_a': Decimal('24000')}, {'design_a': 'No', 'design_b': 'Yes', 'wage_b': Decimal('21300'), 'wage_a': Decimal('22800')}, {'design_a': 'Yes', 'design_b': 'No', 'wage_b': Decimal('17500'), 'wage_a': Decimal('16200')}]",19000,0.130587279,0.150992532,5.521995149,2.943842933
11/11/24 6:45,933d207f-e538-4770-9b81-78286e0fa7ff,Hindi,Bhosari,19,Male,Formal,Automotive,,migrant,alone,Chhattisgarh,Yes,Monthly,,17500,"['0', '0', '1', '1', '1', '0', '1', '0', '0', '1']","[{'design_a': 'No', 'design_b': 'Yes', 'wage_b': Decimal('9200'), 'wage_a': Decimal('16000')}, {'design_a': 'No', 'design_b': 'Yes', 'wage_b': Decimal('14400'), 'wage_a': Decimal('21500')}, {'design_a': 'Yes', 'design_b': 'No', 'wage_b': Decimal('14500'), 'wage_a': Decimal('12500')}, {'design_a': 'Yes', 'design_b': 'No', 'wage_b': Decimal('12700'), 'wage_a': Decimal('11700')}, {'design_a': 'No', 'design_b': 'Yes', 'wage_b': Decimal('16600'), 'wage_a': Decimal('17100')}, {'design_a': 'Yes', 'design_b': 'No', 'wage_b': Decimal('20500'), 'wage_a': Decimal('19200')}, {'design_a': 'No', 'design_b': 'Yes', 'wage_b': Decimal('21300'), 'wage_a': Decimal('23600')}, {'design_a': 'Yes', 'design_b': 'No', 'wage_b': Decimal('24100'), 'wage_a': Decimal('19800')}, {'design_a': 'No', 'design_b': 'Yes', 'wage_b': Decimal('14800'), 'wage_a': Decimal('20900')}, {'design_a': 'Yes', 'design_b': 'No', 'wage_b': Decimal('22100'), 'wage_a': Decimal('16900')}]",17500,0.193073856,0.154899658,5.772926295,2.772108381
11/18/24 10:50,8ec9c9b1-c1a1-4506-b3f1-05b8d8d26115,Hindi,Dahej,41,Male,Informal,Construction,,migrant,alone,Chhattisgarh,No,Monthly,,18000,"['1', '1', '1', '0', '0', '1', '0', '0', '1', '0']","[{'design_a': 'Yes', 'design_b': 'No', 'wage_b': Decimal('26400'), 'wage_a': Decimal('16600')}, {'design_a': 'Yes', 'design_b': 'No', 'wage_b': Decimal('16100'), 'wage_a': Decimal('12400')}, {'design_a': 'Yes', 'design_b': 'No', 'wage_b': Decimal('26500'), 'wage_a': Decimal('21200')}, {'design_a': 'Yes', 'design_b': 'No', 'wage_b': Decimal('23000'), 'wage_a': Decimal('20500')}, {'design_a': 'Yes', 'design_b': 'No', 'wage_b': Decimal('15200'), 'wage_a': Decimal('12900')}, {'design_a': 'Yes', 'design_b': 'No', 'wage_b': Decimal('25500'), 'wage_a': Decimal('20700')}, {'design_a': 'Yes', 'design_b': 'No', 'wage_b': Decimal('15100'), 'wage_a': Decimal('12400')}, {'design_a': 'No', 'design_b': 'Yes', 'wage_b': Decimal('20000'), 'wage_a': Decimal('24500')}, {'design_a': 'Yes', 'design_b': 'No', 'wage_b': Decimal('23400'), 'wage_a': Decimal('18600')}, {'design_a': 'Yes', 'design_b': 'No', 'wage_b': Decimal('19700'), 'wage_a': Decimal('18000')}]",18000,0.197607677,0.157961834,5.536501625,2.893737542
11/18/24 10:54,7966950e-fee0-42f1-b50e-48df0d2c8810,Hindi,Dahej,20000,Male,Informal,Chemical,,migrant,alone,Bihar,Yes,Monthly,,22000,"['0', '1', '0', '1', '1', '0', '1', '1', '1', '0']","[{'design_a': 'No', 'design_b': 'Yes', 'wage_b': Decimal('19300'), 'wage_a': Decimal('32100')}, {'design_a': 'Yes', 'design_b': 'No', 'wage_b': Decimal('25700'), 'wage_a': Decimal('19000')}, {'design_a': 'Yes', 'design_b': 'No', 'wage_b': Decimal('26100'), 'wage_a': Decimal('21400')}, {'design_a': 'Yes', 'design_b': 'No', 'wage_b': Decimal('14000'), 'wage_a': Decimal('11100')}, {'design_a': 'No', 'design_b': 'Yes', 'wage_b': Decimal('13400'), 'wage_a': Decimal('16800')}, {'design_a': 'No', 'design_b': 'Yes', 'wage_b': Decimal('21900'), 'wage_a': Decimal('28200')}, {'design_a': 'Yes', 'design_b': 'No', 'wage_b': Decimal('23700'), 'wage_a': Decimal('18000')}, {'design_a': 'No', 'design_b': 'Yes', 'wage_b': Decimal('16900'), 'wage_a': Decimal('21300')}, {'design_a': 'Yes', 'design_b': 'No', 'wage_b': Decimal('22100'), 'wage_a': Decimal('16900')}, {'design_a': 'No', 'design_b': 'Yes', 'wage_b': Decimal('16100'), 'wage_a': Decimal('19600')}]",22000,0.184300951,0.156113068,5.322155627,2.795497069
11/20/24 6:44,02a3ac88-33d4-4ba1-b682-a042fe0b0dc0,Hindi,Dahej,28,Female,Informal,Construction,,local,,,No,Daily,7,350,"['1', '0', '0', '1', '1', '0', '0', '1', '1', '0']","[{'design_a': 'Yes', 'design_b': 'No', 'wage_b': Decimal('470'), 'wage_a': Decimal('335')}, {'design_a': 'Yes', 'design_b': 'No', 'wage_b': Decimal('420'), 'wage_a': Decimal('340')}, {'design_a': 'Yes', 'design_b': 'No', 'wage_b': Decimal('330'), 'wage_a': Decimal('230')}, {'design_a': 'Yes', 'design_b': 'No', 'wage_b': Decimal('495'), 'wage_a': Decimal('255')}, {'design_a': 'Yes', 'design_b': 'No', 'wage_b': Decimal('350'), 'wage_a': Decimal('220')}, {'design_a': 'Yes', 'design_b': 'No', 'wage_b': Decimal('245'), 'wage_a': Decimal('175')}, {'design_a': 'Yes', 'design_b': 'No', 'wage_b': Decimal('380'), 'wage_a': Decimal('280')}, {'design_a': 'Yes', 'design_b': 'No', 'wage_b': Decimal('440'), 'wage_a': Decimal('315')}, {'design_a': 'Yes', 'design_b': 'No', 'wage_b': Decimal('480'), 'wage_a': Decimal('315')}, {'design_a': 'No', 'design_b': 'Yes', 'wage_b': Decimal('375'), 'wage_a': Decimal('485')}]",350,0.315242637,0.168853646,4.856362434,2.862811261
11/20/24 6:45,67d5f370-e865-48e4-9891-dab240b31a49,Hindi,Dahej,32,Female,Informal,Construction,,local,,,No,Monthly,6,12000,"['1', '0', '0', '1', '1', '0', '0', '1', '0', '0']","[{'design_a': 'Yes', 'design_b': 'No', 'wage_b': Decimal('12200'), 'wage_a': Decimal('7700')}, {'design_a': 'Yes', 'design_b': 'No', 'wage_b': Decimal('17100'), 'wage_a': Decimal('14800')}, {'design_a': 'No', 'design_b': 'Yes', 'wage_b': Decimal('9300'), 'wage_a': Decimal('16600')}, {'design_a': 'Yes', 'design_b': 'No', 'wage_b': Decimal('17500'), 'wage_a': Decimal('12700')}, {'design_a': 'Yes', 'design_b': 'No', 'wage_b': Decimal('14100'), 'wage_a': Decimal('11200')}, {'design_a': 'Yes', 'design_b': 'No', 'wage_b': Decimal('14100'), 'wage_a': Decimal('11900')}, {'design_a': 'Yes', 'design_b': 'No', 'wage_b': Decimal('9700'), 'wage_a': Decimal('7900')}, {'design_a': 'Yes', 'design_b': 'No', 'wage_b': Decimal('15200'), 'wage_a': Decimal('12200')}, {'design_a': 'No', 'design_b': 'Yes', 'wage_b': Decimal('11600'), 'wage_a': Decimal('17900')}, {'design_a': 'No', 'design_b': 'Yes', 'wage_b': Decimal('14400'), 'wage_a': Decimal('17900')}]",12000,0.182516308,0.125734602,6.199089858,2.589474219
11/21/24 7:21,7bbc2767-e334-4722-a324-78dc60513066,Hindi,Dahej,31,Male,Informal,Chemical,,migrant,alone,Uttar Pradesh,No,Monthly,5,19500,"['1', '1', '0', '0', '0', '1', '0', '0', '0', '1']","[{'design_a': 'Yes', 'design_b': 'No', 'wage_b': Decimal('17900'), 'wage_a': Decimal('10400')}, {'design_a': 'Yes', 'design_b': 'No', 'wage_b': Decimal('24000'), 'wage_a': Decimal('17300')}, {'design_a': 'No', 'design_b': 'Yes', 'wage_b': Decimal('23600'), 'wage_a': Decimal('28100')}, {'design_a': 'Yes', 'design_b': 'No', 'wage_b': Decimal('23400'), 'wage_a': Decimal('20800')}, {'design_a': 'No', 'design_b': 'Yes', 'wage_b': Decimal('21300'), 'wage_a': Decimal('29100')}, {'design_a': 'Yes', 'design_b': 'No', 'wage_b': Decimal('17000'), 'wage_a': Decimal('14100')}, {'design_a': 'No', 'design_b': 'Yes', 'wage_b': Decimal('14800'), 'wage_a': Decimal('20100')}, {'design_a': 'No', 'design_b': 'Yes', 'wage_b': Decimal('23000'), 'wage_a': Decimal('27600')}, {'design_a': 'Yes', 'design_b': 'No', 'wage_b': Decimal('21000'), 'wage_a': Decimal('20800')}, {'design_a': 'Yes', 'design_b': 'No', 'wage_b': Decimal('27800'), 'wage_a': Decimal('24300')}]",19500,0.098797767,0.090395095,6.794548564,2.42715514
11/21/24 7:23,ad0635d6-5d73-403e-84cf-1a547622d7e3,Hindi,Dahej,36,Male,Informal,Chemical,,migrant,alone,Bihar,Yes,Monthly,6,22000,"['1', '1', '1', '1', '1', '1', '0', '0', '0', '1']","[{'design_a': 'Yes', 'design_b': 'No', 'wage_b': Decimal('26800'), 'wage_a': Decimal('16500')}, {'design_a': 'Yes', 'design_b': 'No', 'wage_b': Decimal('23800'), 'wage_a': Decimal('17900')}, {'design_a': 'No', 'design_b': 'Yes', 'wage_b': Decimal('14100'), 'wage_a': Decimal('16000')}, {'design_a': 'Yes', 'design_b': 'No', 'wage_b': Decimal('31600'), 'wage_a': Decimal('25400')}, {'design_a': 'Yes', 'design_b': 'No', 'wage_b': Decimal('32400'), 'wage_a': Decimal('27200')}, {'design_a': 'Yes', 'design_b': 'No', 'wage_b': Decimal('27800'), 'wage_a': Decimal('25100')}, {'design_a': 'Yes', 'design_b': 'No', 'wage_b': Decimal('23900'), 'wage_a': Decimal('20600')}, {'design_a': 'No', 'design_b': 'Yes', 'wage_b': Decimal('25900'), 'wage_a': Decimal('28100')}, {'design_a': 'Yes', 'design_b': 'No', 'wage_b': Decimal('23700'), 'wage_a': Decimal('21300')}, {'design_a': 'No', 'design_b': 'Yes', 'wage_b': Decimal('16500'), 'wage_a': Decimal('19500')}]",22000,0.21571494,0.19448238,4.761865693,2.977790289
11/22/24 10:56,b792119c-d66a-41dc-9337-74309538f010,Hindi,Navi Mumbai,38,Male,Informal,Other,12000,local,,,Yes,Monthly,5,12000,"['0', '1', '0', '0', '1', '1', '1', '0', '1', '1']","[{'design_a': 'No', 'design_b': 'Yes', 'wage_b': Decimal('7100'), 'wage_a': Decimal('12100')}, {'design_a': 'Yes', 'design_b': 'No', 'wage_b': Decimal('10800'), 'wage_a': Decimal('7900')}, {'design_a': 'No', 'design_b': 'Yes', 'wage_b': Decimal('7400'), 'wage_a': Decimal('9200')}, {'design_a': 'Yes', 'design_b': 'No', 'wage_b': Decimal('11400'), 'wage_a': Decimal('9800')}, {'design_a': 'No', 'design_b': 'Yes', 'wage_b': Decimal('14300'), 'wage_a': Decimal('16700')}, {'design_a': 'No', 'design_b': 'Yes', 'wage_b': Decimal('14200'), 'wage_a': Decimal('17800')}, {'design_a': 'No', 'design_b': 'Yes', 'wage_b': Decimal('13000'), 'wage_a': Decimal('16700')}, {'design_a': 'No', 'design_b': 'Yes', 'wage_b': Decimal('11100'), 'wage_a': Decimal('16500')}, {'design_a': 'Yes', 'design_b': 'No', 'wage_b': Decimal('8600'), 'wage_a': Decimal('6000')}, {'design_a': 'No', 'design_b': 'Yes', 'wage_b': Decimal('6900'), 'wage_a': Decimal('8700')}]",12000,0.319741667,0.171091371,5.595087838,2.859183447
11/22/24 11:03,96a17400-10f1-48a1-b2d1-b39ebfcd66b3,Hindi,Navi Mumbai,32,Female,Informal,Other,Food quality checking ,migrant,family,Uttar Pradesh,No,Monthly,6,7500,"['1', '0', '1', '0', '1', '1', '1', '0', '0', '1']","[{'design_a': 'Yes', 'design_b': 'No', 'wage_b': Decimal('8300'), 'wage_a': Decimal('6000')}, {'design_a': 'No', 'design_b': 'Yes', 'wage_b': Decimal('7100'), 'wage_a': Decimal('9100')}, {'design_a': 'Yes', 'design_b': 'No', 'wage_b': Decimal('10800'), 'wage_a': Decimal('9100')}, {'design_a': 'Yes', 'design_b': 'No', 'wage_b': Decimal('7000'), 'wage_a': Decimal('6500')}, {'design_a': 'Yes', 'design_b': 'No', 'wage_b': Decimal('9000'), 'wage_a': Decimal('7900')}, {'design_a': 'Yes', 'design_b': 'No', 'wage_b': Decimal('6400'), 'wage_a': Decimal('4900')}, {'design_a': 'Yes', 'design_b': 'No', 'wage_b': Decimal('10300'), 'wage_a': Decimal('8800')}, {'design_a': 'No', 'design_b': 'Yes', 'wage_b': Decimal('9700'), 'wage_a': Decimal('10500')}, {'design_a': 'No', 'design_b': 'Yes', 'wage_b': Decimal('5800'), 'wage_a': Decimal('6600')}, {'design_a': 'No', 'design_b': 'Yes', 'wage_b': Decimal('4100'), 'wage_a': Decimal('4500')}]",7500,0.095163916,0.115888898,6.359686522,2.792442395
11/22/24 11:20,8b17c805-6401-4b67-8595-c59a8f54c075,Hindi,Navi Mumbai,35,Female,Informal,Other,Diya making factory,migrant,family,Uttar Pradesh,No,Monthly,6,10000,"['0', '1', '1', '1', '1', '1', '1', '1', '0', '1']","[{'design_a': 'No', 'design_b': 'Yes', 'wage_b': Decimal('6200'), 'wage_a': Decimal('10700')}, {'design_a': 'No', 'design_b': 'Yes', 'wage_b': Decimal('5000'), 'wage_a': Decimal('6500')}, {'design_a': 'No', 'design_b': 'Yes', 'wage_b': Decimal('8900'), 'wage_a': Decimal('13200')}, {'design_a': 'Yes', 'design_b': 'No', 'wage_b': Decimal('10200'), 'wage_a': Decimal('5600')}, {'design_a': 'Yes', 'design_b': 'No', 'wage_b': Decimal('12700'), 'wage_a': Decimal('8500')}, {'design_a': 'Yes', 'design_b': 'No', 'wage_b': Decimal('8500'), 'wage_a': Decimal('6100')}, {'design_a': 'No', 'design_b': 'Yes', 'wage_b': Decimal('5100'), 'wage_a': Decimal('6900')}, {'design_a': 'No', 'design_b': 'Yes', 'wage_b': Decimal('7000'), 'wage_a': Decimal('9500')}, {'design_a': 'Yes', 'design_b': 'No', 'wage_b': Decimal('9000'), 'wage_a': Decimal('6000')}, {'design_a': 'Yes', 'design_b': 'No', 'wage_b': Decimal('10600'), 'wage_a': Decimal('7000')}]",10000,0.413741244,0.175714089,5.018490151,2.901291328
11/22/24 11:36,75a56787-b1d8-4f32-a907-0fb1e5230b02,Hindi,Navi Mumbai,50,Male,Informal,Other,Netbold work ,migrant,alone,Uttar Pradesh,Yes,Monthly,7,16000,"['0', '0', '0', '1', '0', '1', '0', '0', '0', '1']","[{'design_a': 'Yes', 'design_b': 'No', 'wage_b': Decimal('23000'), 'wage_a': Decimal('16900')}, {'design_a': 'No', 'design_b': 'Yes', 'wage_b': Decimal('11100'), 'wage_a': Decimal('23000')}, {'design_a': 'No', 'design_b': 'Yes', 'wage_b': Decimal('9200'), 'wage_a': Decimal('17300')}, {'design_a': 'Yes', 'design_b': 'No', 'wage_b': Decimal('20500'), 'wage_a': Decimal('13900')}, {'design_a': 'No', 'design_b': 'Yes', 'wage_b': Decimal('13800'), 'wage_a': Decimal('21200')}, {'design_a': 'Yes', 'design_b': 'No', 'wage_b': Decimal('16300'), 'wage_a': Decimal('11800')}, {'design_a': 'No', 'design_b': 'Yes', 'wage_b': Decimal('11300'), 'wage_a': Decimal('14700')}, {'design_a': 'Yes', 'design_b': 'No', 'wage_b': Decimal('14500'), 'wage_a': Decimal('12200')}, {'design_a': 'Yes', 'design_b': 'No', 'wage_b': Decimal('15100'), 'wage_a': Decimal('12200')}, {'design_a': 'No', 'design_b': 'Yes', 'wage_b': Decimal('11000'), 'wage_a': Decimal('14800')}]",16000,0.299200976,0.147670781,5.808667988,2.680178321
11/22/24 11:47,e93f4d45-1ad0-4a58-9a7d-7973645cdd55,Hindi,Navi Mumbai,29,Male,Formal,Other,AC repair technician,migrant,family,Uttar Pradesh,Yes,Monthly,6,19000,"['0', '0', '0', '1', '0', '0', '0', '0', '0', '0']","[{'design_a': 'No', 'design_b': 'Yes', 'wage_b': Decimal('10400'), 'wage_a': Decimal('18200')}, {'design_a': 'Yes', 'design_b': 'No', 'wage_b': Decimal('21100'), 'wage_a': Decimal('15100')}, {'design_a': 'No', 'design_b': 'Yes', 'wage_b': Decimal('16200'), 'wage_a': Decimal('24600')}, {'design_a': 'Yes', 'design_b': 'No', 'wage_b': Decimal('16500'), 'wage_a': Decimal('11600')}, {'design_a': 'No', 'design_b': 'Yes', 'wage_b': Decimal('15400'), 'wage_a': Decimal('19000')}, {'design_a': 'No', 'design_b': 'Yes', 'wage_b': Decimal('11400'), 'wage_a': Decimal('13500')}, {'design_a': 'Yes', 'design_b': 'No', 'wage_b': Decimal('25700'), 'wage_a': Decimal('23700')}, {'design_a': 'No', 'design_b': 'Yes', 'wage_b': Decimal('14500'), 'wage_a': Decimal('19600')}, {'design_a': 'Yes', 'design_b': 'No', 'wage_b': Decimal('25700'), 'wage_a': Decimal('21500')}, {'design_a': 'Yes', 'design_b': 'No', 'wage_b': Decimal('19100'), 'wage_a': Decimal('15200')}]",19000,0.262616497,0.179145815,5.051688431,2.863448319
11/22/24 12:08,f00b17e6-ffbb-4bd9-bdaf-d29f4a6a1fb3,Hindi,Navi Mumbai,29,Male,Informal,Other,Electric company ,local,,,Yes,Monthly,7,18000,"['1', '1', '1', '0', '1', '0', '0', '0', '0', '0']","[{'design_a': 'No', 'design_b': 'Yes', 'wage_b': Decimal('16400'), 'wage_a': Decimal('26100')}, {'design_a': 'No', 'design_b': 'Yes', 'wage_b': Decimal('11600'), 'wage_a': Decimal('23500')}, {'design_a': 'No', 'design_b': 'Yes', 'wage_b': Decimal('12300'), 'wage_a': Decimal('25200')}, {'design_a': 'Yes', 'design_b': 'No', 'wage_b': Decimal('26500'), 'wage_a': Decimal('11000')}, {'design_a': 'No', 'design_b': 'Yes', 'wage_b': Decimal('11700'), 'wage_a': Decimal('22100')}, {'design_a': 'Yes', 'design_b': 'No', 'wage_b': Decimal('24000'), 'wage_a': Decimal('9400')}, {'design_a': 'Yes', 'design_b': 'No', 'wage_b': Decimal('26600'), 'wage_a': Decimal('11100')}, {'design_a': 'Yes', 'design_b': 'No', 'wage_b': Decimal('19800'), 'wage_a': Decimal('9000')}, {'design_a': 'Yes', 'design_b': 'No', 'wage_b': Decimal('20200'), 'wage_a': Decimal('9000')}, {'design_a': 'Yes', 'design_b': 'No', 'wage_b': Decimal('22600'), 'wage_a': Decimal('11000')}]",18000,0.941523098,0.064110418,7.315732609,2.197543932
11/22/24 12:28,0a42e078-d604-40c8-9132-623f9d1bdbbc,Hindi,Navi Mumbai,35,Female,Informal,Other,Packaging ,migrant,family,Uttar Pradesh,No,Monthly,4,8000,"['0', '1', '1', '1', '1', '1', '1', '1', '1', '0']","[{'design_a': 'No', 'design_b': 'Yes', 'wage_b': Decimal('6800'), 'wage_a': Decimal('10500')}, {'design_a': 'No', 'design_b': 'Yes', 'wage_b': Decimal('10100'), 'wage_a': Decimal('11300')}, {'design_a': 'Yes', 'design_b': 'No', 'wage_b': Decimal('9400'), 'wage_a': Decimal('6800')}, {'design_a': 'No', 'design_b': 'Yes', 'wage_b': Decimal('6900'), 'wage_a': Decimal('8500')}, {'design_a': 'No', 'design_b': 'Yes', 'wage_b': Decimal('7700'), 'wage_a': Decimal('10100')}, {'design_a': 'No', 'design_b': 'Yes', 'wage_b': Decimal('6000'), 'wage_a': Decimal('8200')}, {'design_a': 'Yes', 'design_b': 'No', 'wage_b': Decimal('7600'), 'wage_a': Decimal('5300')}, {'design_a': 'No', 'design_b': 'Yes', 'wage_b': Decimal('8200'), 'wage_a': Decimal('11800')}, {'design_a': 'Yes', 'design_b': 'No', 'wage_b': Decimal('8500'), 'wage_a': Decimal('5300')}, {'design_a': 'Yes', 'design_b': 'No', 'wage_b': Decimal('9700'), 'wage_a': Decimal('7100')}]",8000,0.429881767,0.176802188,5.415412293,2.868927771
11/22/24 12:41,5a6c36b0-fe46-4da5-a8d0-64ac88e69feb,Hindi,Navi Mumbai,32,Female,Informal,Other,Automotive part making,migrant,family,Maharashtra,No,Monthly,5,11000,"['1', '0', '1', '1', '0', '0', '1', '1', '1', '1']","[{'design_a': 'Yes', 'design_b': 'No', 'wage_b': Decimal('13900'), 'wage_a': Decimal('8400')}, {'design_a': 'Yes', 'design_b': 'No', 'wage_b': Decimal('15300'), 'wage_a': Decimal('11300')}, {'design_a': 'Yes', 'design_b': 'No', 'wage_b': Decimal('16500'), 'wage_a': Decimal('11100')}, {'design_a': 'Yes', 'design_b': 'No', 'wage_b': Decimal('16100'), 'wage_a': Decimal('11500')}, {'design_a': 'No', 'design_b': 'Yes', 'wage_b': Decimal('12100'), 'wage_a': Decimal('15800')}, {'design_a': 'No', 'design_b': 'Yes', 'wage_b': Decimal('9500'), 'wage_a': Decimal('11200')}, {'design_a': 'Yes', 'design_b': 'No', 'wage_b': Decimal('11500'), 'wage_a': Decimal('10600')}, {'design_a': 'Yes', 'design_b': 'No', 'wage_b': Decimal('12100'), 'wage_a': Decimal('11200')}, {'design_a': 'Yes', 'design_b': 'No', 'wage_b': Decimal('10400'), 'wage_a': Decimal('9700')}, {'design_a': 'Yes', 'design_b': 'No', 'wage_b': Decimal('6400'), 'wage_a': Decimal('6200')}]",11000,0.108988543,0.153263734,4.855745286,2.847865104
11/22/24 12:43,8499c64d-c64c-4d25-8e35-496c8b897bc2,Hindi,Navi Mumbai,26,Male,Informal,Other,Product export ,migrant,alone,Madhya Pradesh,Yes,Monthly,8,15000,"['1', '0', '0', '1', '1', '1', '1', '0', '0', '1']","[{'design_a': 'No', 'design_b': 'Yes', 'wage_b': Decimal('11700'), 'wage_a': Decimal('20500')}, {'design_a': 'Yes', 'design_b': 'No', 'wage_b': Decimal('16400'), 'wage_a': Decimal('8900')}, {'design_a': 'Yes', 'design_b': 'No', 'wage_b': Decimal('18000'), 'wage_a': Decimal('9000')}, {'design_a': 'No', 'design_b': 'Yes', 'wage_b': Decimal('10900'), 'wage_a': Decimal('17900')}, {'design_a': 'No', 'design_b': 'Yes', 'wage_b': Decimal('11000'), 'wage_a': Decimal('21300')}, {'design_a': 'No', 'design_b': 'Yes', 'wage_b': Decimal('9400'), 'wage_a': Decimal('20600')}, {'design_a': 'Yes', 'design_b': 'No', 'wage_b': Decimal('21800'), 'wage_a': Decimal('8300')}, {'design_a': 'Yes', 'design_b': 'No', 'wage_b': Decimal('17200'), 'wage_a': Decimal('8000')}, {'design_a': 'Yes', 'design_b': 'No', 'wage_b': Decimal('22100'), 'wage_a': Decimal('8700')}, {'design_a': 'No', 'design_b': 'Yes', 'wage_b': Decimal('10600'), 'wage_a': Decimal('21000')}]",15000,0.921403028,0.073085229,7.267799021,2.12752358
11/22/24 13:26,e04e26cc-db52-42d0-8578-7ad0012b5a05,Hindi,Navi Mumbai,54,Male,Formal,Steel + Cement,,migrant,family,Uttar Pradesh,Yes,Monthly,6,11500,"['0', '0', '1', '1', '1', '1', '1', '1', '0', '1']","[{'design_a': 'Yes', 'design_b': 'No', 'wage_b': Decimal('13700'), 'wage_a': Decimal('8500')}, {'design_a': 'Yes', 'design_b': 'No', 'wage_b': Decimal('15800'), 'wage_a': Decimal('11000')}, {'design_a': 'Yes', 'design_b': 'No', 'wage_b': Decimal('15700'), 'wage_a': Decimal('7400')}, {'design_a': 'Yes', 'design_b': 'No', 'wage_b': Decimal('12900'), 'wage_a': Decimal('7900')}, {'design_a': 'Yes', 'design_b': 'No', 'wage_b': Decimal('10900'), 'wage_a': Decimal('6600')}, {'design_a': 'Yes', 'design_b': 'No', 'wage_b': Decimal('17100'), 'wage_a': Decimal('11100')}, {'design_a': 'No', 'design_b': 'Yes', 'wage_b': Decimal('6500'), 'wage_a': Decimal('8500')}, {'design_a': 'Yes', 'design_b': 'No', 'wage_b': Decimal('9400'), 'wage_a': Decimal('6000')}, {'design_a': 'No', 'design_b': 'Yes', 'wage_b': Decimal('9300'), 'wage_a': Decimal('13800')}, {'design_a': 'Yes', 'design_b': 'No', 'wage_b': Decimal('10800'), 'wage_a': Decimal('8700')}]",11500,0.279974928,0.171982523,4.528862616,2.65339561
11/22/24 13:32,09f6a6a2-c966-4625-ad12-5da78a610d97,Hindi,Navi Mumbai,22,Male,Informal,Other,Electric product company ,migrant,alone,Madhya Pradesh,Yes,Monthly,4,18000,"['0', '0', '0', '0', '0', '0', '0', '0', '0', '0']","[{'design_a': 'No', 'design_b': 'Yes', 'wage_b': Decimal('14100'), 'wage_a': Decimal('23200')}, {'design_a': 'No', 'design_b': 'Yes', 'wage_b': Decimal('12300'), 'wage_a': Decimal('18000')}, {'design_a': 'No', 'design_b': 'Yes', 'wage_b': Decimal('16300'), 'wage_a': Decimal('19900')}, {'design_a': 'Yes', 'design_b': 'No', 'wage_b': Decimal('25900'), 'wage_a': Decimal('22200')}, {'design_a': 'Yes', 'design_b': 'No', 'wage_b': Decimal('22300'), 'wage_a': Decimal('18500')}, {'design_a': 'Yes', 'design_b': 'No', 'wage_b': Decimal('13500'), 'wage_a': Decimal('10600')}, {'design_a': 'Yes', 'design_b': 'No', 'wage_b': Decimal('14800'), 'wage_a': Decimal('11100')}, {'design_a': 'Yes', 'design_b': 'No', 'wage_b': Decimal('15600'), 'wage_a': Decimal('10600')}, {'design_a': 'Yes', 'design_b': 'No', 'wage_b': Decimal('15200'), 'wage_a': Decimal('10100')}, {'design_a': 'No', 'design_b': 'Yes', 'wage_b': Decimal('12300'), 'wage_a': Decimal('19800')}]",18000,0.449606989,0.195201197,4.458884444,2.800304426
11/27/24 6:27,128884d6-ecdd-44de-a1dc-ab4e1f4a971e,English,Savli,45,Male,Formal,Chemical,,local,,,Yes,Monthly,4,17000,"['1', '1', '0', '0', '1', '1', '1', '1', '1', '0']","[{'design_a': 'No', 'design_b': 'Yes', 'wage_b': Decimal('9700'), 'wage_a': Decimal('17000')}, {'design_a': 'No', 'design_b': 'Yes', 'wage_b': Decimal('11400'), 'wage_a': Decimal('22700')}, {'design_a': 'No', 'design_b': 'Yes', 'wage_b': Decimal('9800'), 'wage_a': Decimal('22100')}, {'design_a': 'No', 'design_b': 'Yes', 'wage_b': Decimal('11600'), 'wage_a': Decimal('25200')}, {'design_a': 'Yes', 'design_b': 'No', 'wage_b': Decimal('24600'), 'wage_a': Decimal('11600')}, {'design_a': 'Yes', 'design_b': 'No', 'wage_b': Decimal('24100'), 'wage_a': Decimal('13700')}, {'design_a': 'Yes', 'design_b': 'No', 'wage_b': Decimal('25400'), 'wage_a': Decimal('17200')}, {'design_a': 'Yes', 'design_b': 'No', 'wage_b': Decimal('16300'), 'wage_a': Decimal('13200')}, {'design_a': 'Yes', 'design_b': 'No', 'wage_b': Decimal('19700'), 'wage_a': Decimal('16800')}, {'design_a': 'No', 'design_b': 'Yes', 'wage_b': Decimal('19000'), 'wage_a': Decimal('21800')}]",17000,0.273439066,0.224451002,2.229055031,1.693417512
11/28/24 9:15,6fb521ee-b1ef-49ed-ab3f-e04ae97c13b4,Hindi,Saki Naka,60,Female,Informal,Garment,,local,,,No,Monthly,4,9500,"['1', '1', '0', '0', '0', '0', '0', '1', '1', '0']","[{'design_a': 'Yes', 'design_b': 'No', 'wage_b': Decimal('14200'), 'wage_a': Decimal('8400')}, {'design_a': 'Yes', 'design_b': 'No', 'wage_b': Decimal('13400'), 'wage_a': Decimal('9700')}, {'design_a': 'No', 'design_b': 'Yes', 'wage_b': Decimal('7700'), 'wage_a': Decimal('9100')}, {'design_a': 'Yes', 'design_b': 'No', 'wage_b': Decimal('10800'), 'wage_a': Decimal('9900')}, {'design_a': 'Yes', 'design_b': 'No', 'wage_b': Decimal('12100'), 'wage_a': Decimal('10200')}, {'design_a': 'No', 'design_b': 'Yes', 'wage_b': Decimal('10700'), 'wage_a': Decimal('13600')}, {'design_a': 'No', 'design_b': 'Yes', 'wage_b': Decimal('6000'), 'wage_a': Decimal('7400')}, {'design_a': 'No', 'design_b': 'Yes', 'wage_b': Decimal('10000'), 'wage_a': Decimal('11500')}, {'design_a': 'Yes', 'design_b': 'No', 'wage_b': Decimal('14200'), 'wage_a': Decimal('11900')}, {'design_a': 'No', 'design_b': 'Yes', 'wage_b': Decimal('10300'), 'wage_a': Decimal('12700')}]",9500,0.155342987,0.141796416,5.923380711,2.815908399
11/28/24 9:24,59b14cd5-30e6-4ee8-bbe4-e8aec913aa2a,Hindi,Saki Naka,32,Male,Informal,Garment,,migrant,alone,Uttar Pradesh,No,Monthly,6,17000,"['1', '0', '1', '0', '1', '0', '1', '0', '1', '0']","[{'design_a': 'Yes', 'design_b': 'No', 'wage_b': Decimal('22700'), 'wage_a': Decimal('12900')}, {'design_a': 'No', 'design_b': 'Yes', 'wage_b': Decimal('9700'), 'wage_a': Decimal('13000')}, {'design_a': 'No', 'design_b': 'Yes', 'wage_b': Decimal('20900'), 'wage_a': Decimal('24100')}, {'design_a': 'No', 'design_b': 'Yes', 'wage_b': Decimal('11700'), 'wage_a': Decimal('13700')}, {'design_a': 'Yes', 'design_b': 'No', 'wage_b': Decimal('18400'), 'wage_a': Decimal('15400')}, {'design_a': 'No', 'design_b': 'Yes', 'wage_b': Decimal('11700'), 'wage_a': Decimal('13400')}, {'design_a': 'No', 'design_b': 'Yes', 'wage_b': Decimal('22200'), 'wage_a': Decimal('23700')}, {'design_a': 'Yes', 'design_b': 'No', 'wage_b': Decimal('23800'), 'wage_a': Decimal('21700')}, {'design_a': 'Yes', 'design_b': 'No', 'wage_b': Decimal('13800'), 'wage_a': Decimal('11800')}, {'design_a': 'Yes', 'design_b': 'No', 'wage_b': Decimal('19200'), 'wage_a': Decimal('16100')}]",17000,0.188085228,0.17365279,5.337109314,2.928428736
11/28/24 9:30,06469a45-58e1-41ea-8393-f7ee0b976736,Hindi,Saki Naka,30,Male,Informal,Garment,,migrant,alone,Jharkhand,Yes,Daily,6,800,"['0', '0', '0', '1', '0', '0', '1', '1', '0', '0']","[{'design_a': 'No', 'design_b': 'Yes', 'wage_b': Decimal('580'), 'wage_a': Decimal('965')}, {'design_a': 'No', 'design_b': 'Yes', 'wage_b': Decimal('460'), 'wage_a': Decimal('625')}, {'design_a': 'No', 'design_b': 'Yes', 'wage_b': Decimal('870'), 'wage_a': Decimal('1060')}, {'design_a': 'No', 'design_b': 'Yes', 'wage_b': Decimal('1065'), 'wage_a': Decimal('1175')}, {'design_a': 'Yes', 'design_b': 'No', 'wage_b': Decimal('1090'), 'wage_a': Decimal('910')}, {'design_a': 'Yes', 'design_b': 'No', 'wage_b': Decimal('1040'), 'wage_a': Decimal('835')}, {'design_a': 'No', 'design_b': 'Yes', 'wage_b': Decimal('825'), 'wage_a': Decimal('1095')}, {'design_a': 'Yes', 'design_b': 'No', 'wage_b': Decimal('940'), 'wage_a': Decimal('665')}, {'design_a': 'No', 'design_b': 'Yes', 'wage_b': Decimal('670'), 'wage_a': Decimal('880')}, {'design_a': 'No', 'design_b': 'Yes', 'wage_b': Decimal('875'), 'wage_a': Decimal('1150')}]",800,0.240433329,0.163491719,5.258684867,2.891433238
11/28/24 9:49,c4ae6ef3-b269-402a-a971-d2f11c6f7aec,Hindi,Saki Naka,22,Male,Informal,Garment,,migrant,alone,Uttar Pradesh,No,Daily,6,1000,"['1', '1', '1', '1', '0', '1', '0', '0', '0', '1']","[{'design_a': 'Yes', 'design_b': 'No', 'wage_b': Decimal('860'), 'wage_a': Decimal('520')}, {'design_a': 'Yes', 'design_b': 'No', 'wage_b': Decimal('1400'), 'wage_a': Decimal('950')}, {'design_a': 'Yes', 'design_b': 'No', 'wage_b': Decimal('655'), 'wage_a': Decimal('545')}, {'design_a': 'No', 'design_b': 'Yes', 'wage_b': Decimal('995'), 'wage_a': Decimal('1095')}, {'design_a': 'No', 'design_b': 'Yes', 'wage_b': Decimal('575'), 'wage_a': Decimal('660')}, {'design_a': 'Yes', 'design_b': 'No', 'wage_b': Decimal('770'), 'wage_a': Decimal('665')}, {'design_a': 'Yes', 'design_b': 'No', 'wage_b': Decimal('1150'), 'wage_a': Decimal('1055')}, {'design_a': 'No', 'design_b': 'Yes', 'wage_b': Decimal('665'), 'wage_a': Decimal('760')}, {'design_a': 'Yes', 'design_b': 'No', 'wage_b': Decimal('805'), 'wage_a': Decimal('760')}, {'design_a': 'No', 'design_b': 'Yes', 'wage_b': Decimal('1000'), 'wage_a': Decimal('1115')}]",1000,0.179690418,0.1612579,5.628485179,2.85201084
11/28/24 9:57,1ae17010-91dc-4b85-bee1-607daef9dfcf,Hindi,Saki Naka,17,Male,Informal,Garment,,migrant,alone,Uttar Pradesh,Yes,Daily,10,1000,"['1', '0', '1', '1', '0', '0', '1', '0', '0', '1']","[{'design_a': 'Yes', 'design_b': 'No', 'wage_b': Decimal('790'), 'wage_a': Decimal('500')}, {'design_a': 'No', 'design_b': 'Yes', 'wage_b': Decimal('875'), 'wage_a': Decimal('1185')}, {'design_a': 'Yes', 'design_b': 'No', 'wage_b': Decimal('1160'), 'wage_a': Decimal('960')}, {'design_a': 'No', 'design_b': 'Yes', 'wage_b': Decimal('980'), 'wage_a': Decimal('1065')}, {'design_a': 'No', 'design_b': 'Yes', 'wage_b': Decimal('1010'), 'wage_a': Decimal('1215')}, {'design_a': 'Yes', 'design_b': 'No', 'wage_b': Decimal('1495'), 'wage_a': Decimal('1350')}, {'design_a': 'Yes', 'design_b': 'No', 'wage_b': Decimal('1385'), 'wage_a': Decimal('1205')}, {'design_a': 'Yes', 'design_b': 'No', 'wage_b': Decimal('820'), 'wage_a': Decimal('720')}, {'design_a': 'No', 'design_b': 'Yes', 'wage_b': Decimal('595'), 'wage_a': Decimal('740')}, {'design_a': 'Yes', 'design_b': 'No', 'wage_b': Decimal('820'), 'wage_a': Decimal('720')}]",1000,0.144448733,0.148573367,5.953193636,2.870627723
11/28/24 10:05,49772245-0594-4f01-9334-12cac717ae75,Hindi,Saki Naka,21,Male,Informal,Garment,,migrant,alone,Uttar Pradesh,No,Weekly,5,5000,"['0', '0', '0', '1', '1', '0', '1', '1', '1', '1']","[{'design_a': 'No', 'design_b': 'Yes', 'wage_b': Decimal('4500'), 'wage_a': Decimal('7225')}, {'design_a': 'No', 'design_b': 'Yes', 'wage_b': Decimal('3200'), 'wage_a': Decimal('4425')}, {'design_a': 'Yes', 'design_b': 'No', 'wage_b': Decimal('7000'), 'wage_a': Decimal('5950')}, {'design_a': 'Yes', 'design_b': 'No', 'wage_b': Decimal('5775'), 'wage_a': Decimal('4800')}, {'design_a': 'No', 'design_b': 'Yes', 'wage_b': Decimal('3625'), 'wage_a': Decimal('4500')}, {'design_a': 'No', 'design_b': 'Yes', 'wage_b': Decimal('4475'), 'wage_a': Decimal('5825')}, {'design_a': 'No', 'design_b': 'Yes', 'wage_b': Decimal('5125'), 'wage_a': Decimal('6125')}, {'design_a': 'No', 'design_b': 'Yes', 'wage_b': Decimal('4700'), 'wage_a': Decimal('6075')}, {'design_a': 'Yes', 'design_b': 'No', 'wage_b': Decimal('3700'), 'wage_a': Decimal('2825')}, {'design_a': 'Yes', 'design_b': 'No', 'wage_b': Decimal('5575'), 'wage_a': Decimal('4050')}]",5000,0.242934056,0.168272914,5.358497919,2.905215801
12/5/24 11:06,d6b9cb54-5e46-42fe-87a3-f44ba6efefd6,Hindi,Dahej,28,Male,Informal,Chemical,,migrant,alone,Chhattisgarh,No,Monthly,6,18000,"['1', '0', '0', '0', '0', '1', '0', '1', '0', '1']","[{'design_a': 'No', 'design_b': 'Yes', 'wage_b': Decimal('10000'), 'wage_a': Decimal('13500')}, {'design_a': 'No', 'design_b': 'Yes', 'wage_b': Decimal('9100'), 'wage_a': Decimal('16500')}, {'design_a': 'No', 'design_b': 'Yes', 'wage_b': Decimal('17100'), 'wage_a': Decimal('25800')}, {'design_a': 'Yes', 'design_b': 'No', 'wage_b': Decimal('14700'), 'wage_a': Decimal('11200')}, {'design_a': 'No', 'design_b': 'Yes', 'wage_b': Decimal('17800'), 'wage_a': Decimal('26200')}, {'design_a': 'Yes', 'design_b': 'No', 'wage_b': Decimal('16300'), 'wage_a': Decimal('11800')}, {'design_a': 'Yes', 'design_b': 'No', 'wage_b': Decimal('20600'), 'wage_a': Decimal('15800')}, {'design_a': 'Yes', 'design_b': 'No', 'wage_b': Decimal('17500'), 'wage_a': Decimal('13000')}, {'design_a': 'No', 'design_b': 'Yes', 'wage_b': Decimal('18100'), 'wage_a': Decimal('23800')}, {'design_a': 'No', 'design_b': 'Yes', 'wage_b': Decimal('15100'), 'wage_a': Decimal('18300')}]",18000,0.286836802,0.168839321,5.325828863,2.817946063
12/5/24 11:07,3c139b27-ae9a-47f9-961b-1ce1357e37c4,Hindi,Dahej,31,Male,Informal,Chemical,,migrant,alone,Uttar Pradesh,No,Monthly,3,15200,"['0', '0', '1', '1', '0', '1', '1', '0', '1', '1']","[{'design_a': 'No', 'design_b': 'Yes', 'wage_b': Decimal('8200'), 'wage_a': Decimal('13100')}, {'design_a': 'No', 'design_b': 'Yes', 'wage_b': Decimal('12500'), 'wage_a': Decimal('16900')}, {'design_a': 'No', 'design_b': 'Yes', 'wage_b': Decimal('9400'), 'wage_a': Decimal('10600')}, {'design_a': 'No', 'design_b': 'Yes', 'wage_b': Decimal('8200'), 'wage_a': Decimal('10400')}, {'design_a': 'No', 'design_b': 'Yes', 'wage_b': Decimal('10700'), 'wage_a': Decimal('14400')}, {'design_a': 'Yes', 'design_b': 'No', 'wage_b': Decimal('19200'), 'wage_a': Decimal('14600')}, {'design_a': 'Yes', 'design_b': 'No', 'wage_b': Decimal('17200'), 'wage_a': Decimal('13300')}, {'design_a': 'Yes', 'design_b': 'No', 'wage_b': Decimal('13000'), 'wage_a': Decimal('10800')}, {'design_a': 'Yes', 'design_b': 'No', 'wage_b': Decimal('21400'), 'wage_a': Decimal('16700')}, {'design_a': 'No', 'design_b': 'Yes', 'wage_b': Decimal('9000'), 'wage_a': Decimal('9500')}]",15200,0.21678365,0.149225509,5.992972717,2.758594203
12/5/24 11:27,d0e9205a-6617-4f61-bf05-33f7d3cf22a5,Hindi,Dahej,26,Male,Informal,Chemical,,migrant,alone,Bihar,Yes,Monthly,4,19000,"['1', '1', '1', '1', '0', '0', '0', '1', '1', '1']","[{'design_a': 'Yes', 'design_b': 'No', 'wage_b': Decimal('16100'), 'wage_a': Decimal('9600')}, {'design_a': 'Yes', 'design_b': 'No', 'wage_b': Decimal('21200'), 'wage_a': Decimal('14400')}, {'design_a': 'No', 'design_b': 'Yes', 'wage_b': Decimal('23200'), 'wage_a': Decimal('27900')}, {'design_a': 'Yes', 'design_b': 'No', 'wage_b': Decimal('20300'), 'wage_a': Decimal('12500')}, {'design_a': 'No', 'design_b': 'Yes', 'wage_b': Decimal('17200'), 'wage_a': Decimal('24000')}, {'design_a': 'Yes', 'design_b': 'No', 'wage_b': Decimal('25600'), 'wage_a': Decimal('22900')}, {'design_a': 'No', 'design_b': 'Yes', 'wage_b': Decimal('14000'), 'wage_a': Decimal('18500')}, {'design_a': 'Yes', 'design_b': 'No', 'wage_b': Decimal('15300'), 'wage_a': Decimal('12100')}, {'design_a': 'Yes', 'design_b': 'No', 'wage_b': Decimal('26900'), 'wage_a': Decimal('23600')}, {'design_a': 'Yes', 'design_b': 'No', 'wage_b': Decimal('25400'), 'wage_a': Decimal('20900')}]",19000,0.128393198,0.111908845,6.683761404,2.46813848
12/5/24 11:29,7e9ebf37-bf46-4f1d-bbde-290c26afa263,Hindi,Dahej,25,Male,Informal,Chemical,,migrant,alone,Uttar Pradesh,Yes,Monthly,6,17000,"['0', '1', '1', '1', '0', '1', '0', '0', '1', '1']","[{'design_a': 'No', 'design_b': 'Yes', 'wage_b': Decimal('11900'), 'wage_a': Decimal('20900')}, {'design_a': 'Yes', 'design_b': 'No', 'wage_b': Decimal('22100'), 'wage_a': Decimal('15300')}, {'design_a': 'Yes', 'design_b': 'No', 'wage_b': Decimal('21600'), 'wage_a': Decimal('16900')}, {'design_a': 'No', 'design_b': 'Yes', 'wage_b': Decimal('9400'), 'wage_a': Decimal('10700')}, {'design_a': 'No', 'design_b': 'Yes', 'wage_b': Decimal('14500'), 'wage_a': Decimal('18900')}, {'design_a': 'Yes', 'design_b': 'No', 'wage_b': Decimal('25200'), 'wage_a': Decimal('21100')}, {'design_a': 'Yes', 'design_b': 'No', 'wage_b': Decimal('25000'), 'wage_a': Decimal('21500')}, {'design_a': 'No', 'design_b': 'Yes', 'wage_b': Decimal('21000'), 'wage_a': Decimal('25000')}, {'design_a': 'No', 'design_b': 'Yes', 'wage_b': Decimal('14800'), 'wage_a': Decimal('17400')}, {'design_a': 'Yes', 'design_b': 'No', 'wage_b': Decimal('21900'), 'wage_a': Decimal('17400')}]",17000,0.158313133,0.138624268,6.084528269,2.722329861
12/5/24 11:38,e63db58b-c0c2-4d91-959d-61bde5b8aaa1,Hindi,Dahej,35,Male,Informal,Construction,,migrant,family,Gujarat,No,Weekly,4,6750,"['1', '1', '0', '0', '0', '0', '1', '1', '1', '0']","[{'design_a': 'Yes', 'design_b': 'No', 'wage_b': Decimal('5875'), 'wage_a': Decimal('3625')}, {'design_a': 'Yes', 'design_b': 'No', 'wage_b': Decimal('8925'), 'wage_a': Decimal('6900')}, {'design_a': 'Yes', 'design_b': 'No', 'wage_b': Decimal('9775'), 'wage_a': Decimal('8050')}, {'design_a': 'Yes', 'design_b': 'No', 'wage_b': Decimal('8350'), 'wage_a': Decimal('6650')}, {'design_a': 'No', 'design_b': 'Yes', 'wage_b': Decimal('4550'), 'wage_a': Decimal('6850')}, {'design_a': 'Yes', 'design_b': 'No', 'wage_b': Decimal('8825'), 'wage_a': Decimal('6950')}, {'design_a': 'Yes', 'design_b': 'No', 'wage_b': Decimal('9700'), 'wage_a': Decimal('7600')}, {'design_a': 'Yes', 'design_b': 'No', 'wage_b': Decimal('7550'), 'wage_a': Decimal('5600')}, {'design_a': 'Yes', 'design_b': 'No', 'wage_b': Decimal('9850'), 'wage_a': Decimal('6400')}, {'design_a': 'No', 'design_b': 'Yes', 'wage_b': Decimal('7725'), 'wage_a': Decimal('9800')}]",6750,0.195397575,0.141095604,5.805955179,2.767780046
12/5/24 11:39,1ea70cca-8d24-4e5c-b8e2-4175c5e9dfe6,Hindi,Dahej,35,Male,Informal,Chemical,,migrant,alone,Bihar,Yes,Monthly,3,21000,"['1', '1', '0', '0', '1', '1', '0', '0', '0', '0']","[{'design_a': 'Yes', 'design_b': 'No', 'wage_b': Decimal('26500'), 'wage_a': Decimal('16000')}, {'design_a': 'Yes', 'design_b': 'No', 'wage_b': Decimal('15900'), 'wage_a': Decimal('12200')}, {'design_a': 'No', 'design_b': 'Yes', 'wage_b': Decimal('25600'), 'wage_a': Decimal('31200')}, {'design_a': 'No', 'design_b': 'Yes', 'wage_b': Decimal('26500'), 'wage_a': Decimal('29900')}, {'design_a': 'Yes', 'design_b': 'No', 'wage_b': Decimal('29100'), 'wage_a': Decimal('26900')}, {'design_a': 'No', 'design_b': 'Yes', 'wage_b': Decimal('27900'), 'wage_a': Decimal('29400')}, {'design_a': 'No', 'design_b': 'Yes', 'wage_b': Decimal('15100'), 'wage_a': Decimal('17400')}, {'design_a': 'No', 'design_b': 'Yes', 'wage_b': Decimal('28600'), 'wage_a': Decimal('30700')}, {'design_a': 'Yes', 'design_b': 'No', 'wage_b': Decimal('24000'), 'wage_a': Decimal('22700')}, {'design_a': 'Yes', 'design_b': 'No', 'wage_b': Decimal('18000'), 'wage_a': Decimal('17000')}]",21000,0.121880217,0.13792063,5.775867266,2.88232377
12/12/24 12:13,1ac9f5de-9632-44af-84ae-8585d17ee921,Hindi,Dahej,28,Male,Informal,Chemical,,migrant,alone,Madhya Pradesh,Yes,Monthly,6,20000,"['1', '0', '0', '0', '0', '1', '1', '0', '1', '0']","[{'design_a': 'Yes', 'design_b': 'No', 'wage_b': Decimal('21300'), 'wage_a': Decimal('12200')}, {'design_a': 'No', 'design_b': 'Yes', 'wage_b': Decimal('18500'), 'wage_a': Decimal('29300')}, {'design_a': 'Yes', 'design_b': 'No', 'wage_b': Decimal('21900'), 'wage_a': Decimal('17100')}, {'design_a': 'No', 'design_b': 'Yes', 'wage_b': Decimal('12000'), 'wage_a': Decimal('16800')}, {'design_a': 'No', 'design_b': 'Yes', 'wage_b': Decimal('18700'), 'wage_a': Decimal('25600')}, {'design_a': 'Yes', 'design_b': 'No', 'wage_b': Decimal('29900'), 'wage_a': Decimal('22400')}, {'design_a': 'No', 'design_b': 'Yes', 'wage_b': Decimal('14200'), 'wage_a': Decimal('18000')}, {'design_a': 'No', 'design_b': 'Yes', 'wage_b': Decimal('23000'), 'wage_a': Decimal('29800')}, {'design_a': 'No', 'design_b': 'Yes', 'wage_b': Decimal('11100'), 'wage_a': Decimal('12700')}, {'design_a': 'No', 'design_b': 'Yes', 'wage_b': Decimal('17300'), 'wage_a': Decimal('22200')}]",20000,0.195739528,0.130900293,6.019930893,2.68295919
12/13/24 6:36,7c24008c-86ab-4d5d-a9f4-ee445505d766,English,Ahmedabad,19,Male,Formal,Gig Worker,,migrant,alone,Bihar,No,Weekly,4,5000,"['0', '0', '0', '0', '0', '0', '0', '0', '0', '0']","[{'design_a': 'No', 'design_b': 'Yes', 'wage_b': Decimal('4125'), 'wage_a': Decimal('6625')}, {'design_a': 'No', 'design_b': 'Yes', 'wage_b': Decimal('2625'), 'wage_a': Decimal('3550')}, {'design_a': 'No', 'design_b': 'Yes', 'wage_b': Decimal('2850'), 'wage_a': Decimal('3425')}, {'design_a': 'No', 'design_b': 'Yes', 'wage_b': Decimal('5375'), 'wage_a': Decimal('5925')}, {'design_a': 'No', 'design_b': 'Yes', 'wage_b': Decimal('5375'), 'wage_a': Decimal('5650')}, {'design_a': 'Yes', 'design_b': 'No', 'wage_b': Decimal('5400'), 'wage_a': Decimal('5275')}, {'design_a': 'Yes', 'design_b': 'No', 'wage_b': Decimal('6675'), 'wage_a': Decimal('6375')}, {'design_a': 'No', 'design_b': 'Yes', 'wage_b': Decimal('6250'), 'wage_a': Decimal('6850')}, {'design_a': 'No', 'design_b': 'Yes', 'wage_b': Decimal('4200'), 'wage_a': Decimal('4325')}, {'design_a': 'Yes', 'design_b': 'No', 'wage_b': Decimal('7050'), 'wage_a': Decimal('6675')}]",5000,0.132717311,0.1705569,5.280483617,2.99743989
12/13/24 6:41,a32bf5cf-809d-4b9d-bf0c-fad7afcb607a,English,Ahmedabad,31,Male,Informal,Other,Pan shop ,local,,,Yes,Daily,5,6000,"['0', '1', '1', '0', '0', '1', '0', '0', '0', '1']","[{'design_a': 'Yes', 'design_b': 'No', 'wage_b': Decimal('7615'), 'wage_a': Decimal('5230')}, {'design_a': 'No', 'design_b': 'Yes', 'wage_b': Decimal('4210'), 'wage_a': Decimal('7820')}, {'design_a': 'Yes', 'design_b': 'No', 'wage_b': Decimal('7985'), 'wage_a': Decimal('3430')}, {'design_a': 'No', 'design_b': 'Yes', 'wage_b': Decimal('3955'), 'wage_a': Decimal('8200')}, {'design_a': 'Yes', 'design_b': 'No', 'wage_b': Decimal('7150'), 'wage_a': Decimal('3830')}, {'design_a': 'No', 'design_b': 'Yes', 'wage_b': Decimal('4000'), 'wage_a': Decimal('8070')}, {'design_a': 'No', 'design_b': 'Yes', 'wage_b': Decimal('3640'), 'wage_a': Decimal('8385')}, {'design_a': 'Yes', 'design_b': 'No', 'wage_b': Decimal('8620'), 'wage_a': Decimal('4280')}, {'design_a': 'No', 'design_b': 'Yes', 'wage_b': Decimal('3445'), 'wage_a': Decimal('6850')}, {'design_a': 'No', 'design_b': 'Yes', 'wage_b': Decimal('3325'), 'wage_a': Decimal('7190')}]",6000,0.732847217,0.164360415,5.293077653,2.820992362
12/13/24 6:47,d2b591ac-fb23-4515-8ac2-2f7dd3613625,English,Ahmedabad,24,Male,Informal,Other,AC repair ,local,,,Yes,Weekly,2,1000,"['1', '1', '1', '0', '0', '0', '0', '0', '1', '1']","[{'design_a': 'No', 'design_b': 'Yes', 'wage_b': Decimal('625'), 'wage_a': Decimal('1125')}, {'design_a': 'No', 'design_b': 'Yes', 'wage_b': Decimal('675'), 'wage_a': Decimal('1275')}, {'design_a': 'No', 'design_b': 'Yes', 'wage_b': Decimal('725'), 'wage_a': Decimal('1425')}, {'design_a': 'Yes', 'design_b': 'No', 'wage_b': Decimal('1450'), 'wage_a': Decimal('650')}, {'design_a': 'Yes', 'design_b': 'No', 'wage_b': Decimal('1325'), 'wage_a': Decimal('625')}, {'design_a': 'Yes', 'design_b': 'No', 'wage_b': Decimal('1350'), 'wage_a': Decimal('600')}, {'design_a': 'Yes', 'design_b': 'No', 'wage_b': Decimal('1100'), 'wage_a': Decimal('525')}, {'design_a': 'Yes', 'design_b': 'No', 'wage_b': Decimal('1475'), 'wage_a': Decimal('600')}, {'design_a': 'No', 'design_b': 'Yes', 'wage_b': Decimal('675'), 'wage_a': Decimal('1325')}, {'design_a': 'No', 'design_b': 'Yes', 'wage_b': Decimal('675'), 'wage_a': Decimal('1475')}]",1000,0.939374663,0.058537718,7.537498161,2.005812625
12/13/24 7:00,b19ff7a3-54c8-4ca2-a183-9956bbfbf147,English,Ahmedabad,36,Male,Formal,Other,Tanishq jewellery ,local,,,Yes,Monthly,7,45000,"['0', '0', '1', '1', '0', '0', '0', '1', '1', '0']","[{'design_a': 'Yes', 'design_b': 'No', 'wage_b': Decimal('60400'), 'wage_a': Decimal('33500')}, {'design_a': 'No', 'design_b': 'Yes', 'wage_b': Decimal('28600'), 'wage_a': Decimal('54500')}, {'design_a': 'Yes', 'design_b': 'No', 'wage_b': Decimal('49700'), 'wage_a': Decimal('23900')}, {'design_a': 'Yes', 'design_b': 'No', 'wage_b': Decimal('62300'), 'wage_a': Decimal('34300')}, {'design_a': 'No', 'design_b': 'Yes', 'wage_b': Decimal('46000'), 'wage_a': Decimal('65200')}, {'design_a': 'No', 'design_b': 'Yes', 'wage_b': Decimal('50300'), 'wage_a': Decimal('60300')}, {'design_a': 'No', 'design_b': 'Yes', 'wage_b': Decimal('39200'), 'wage_a': Decimal('49600')}, {'design_a': 'No', 'design_b': 'Yes', 'wage_b': Decimal('56500'), 'wage_a': Decimal('61900')}, {'design_a': 'No', 'design_b': 'Yes', 'wage_b': Decimal('23200'), 'wage_a': Decimal('26700')}, {'design_a': 'Yes', 'design_b': 'No', 'wage_b': Decimal('39300'), 'wage_a': Decimal('32800')}]",45000,0.304356603,0.187734449,4.12179916,2.499088393
12/13/24 7:53,93e780c3-fb09-4c69-9b23-a37fe3f764f6,English,Ahmedabad,25,Female,Informal,Gig Worker,,local,,,Yes,Weekly,4,7000,"['1', '0', '1', '1', '0', '0', '1', '1', '1', '1']","[{'design_a': 'Yes', 'design_b': 'No', 'wage_b': Decimal('8000'), 'wage_a': Decimal('4825')}, {'design_a': 'Yes', 'design_b': 'No', 'wage_b': Decimal('10475'), 'wage_a': Decimal('7775')}, {'design_a': 'No', 'design_b': 'Yes', 'wage_b': Decimal('6550'), 'wage_a': Decimal('9300')}, {'design_a': 'No', 'design_b': 'Yes', 'wage_b': Decimal('5725'), 'wage_a': Decimal('8950')}, {'design_a': 'No', 'design_b': 'Yes', 'wage_b': Decimal('3625'), 'wage_a': Decimal('7925')}, {'design_a': 'Yes', 'design_b': 'No', 'wage_b': Decimal('6850'), 'wage_a': Decimal('4075')}, {'design_a': 'No', 'design_b': 'Yes', 'wage_b': Decimal('6200'), 'wage_a': Decimal('9950')}, {'design_a': 'No', 'design_b': 'Yes', 'wage_b': Decimal('6350'), 'wage_a': Decimal('10450')}, {'design_a': 'Yes', 'design_b': 'No', 'wage_b': Decimal('5600'), 'wage_a': Decimal('3675')}, {'design_a': 'Yes', 'design_b': 'No', 'wage_b': Decimal('8600'), 'wage_a': Decimal('4775')}]",7000,0.570144135,0.180600206,4.997280733,2.840853641
12/13/24 8:01,bdccbd59-603c-4448-8a84-b838c0be6e46,English,Ahmedabad,28,Male,Informal,Automotive,,migrant,family,Uttar Pradesh,Yes,Monthly,6,25000,"['0', '0', '0', '1', '0', '1', '0', '0', '0', '0']","[{'design_a': 'No', 'design_b': 'Yes', 'wage_b': Decimal('19000'), 'wage_a': Decimal('30900')}, {'design_a': 'No', 'design_b': 'Yes', 'wage_b': Decimal('13800'), 'wage_a': Decimal('18900')}, {'design_a': 'No', 'design_b': 'Yes', 'wage_b': Decimal('18900'), 'wage_a': Decimal('24000')}, {'design_a': 'Yes', 'design_b': 'No', 'wage_b': Decimal('21300'), 'wage_a': Decimal('17600')}, {'design_a': 'Yes', 'design_b': 'No', 'wage_b': Decimal('24200'), 'wage_a': Decimal('21400')}, {'design_a': 'No', 'design_b': 'Yes', 'wage_b': Decimal('26300'), 'wage_a': Decimal('33200')}, {'design_a': 'No', 'design_b': 'Yes', 'wage_b': Decimal('14600'), 'wage_a': Decimal('19000')}, {'design_a': 'No', 'design_b': 'Yes', 'wage_b': Decimal('14100'), 'wage_a': Decimal('16700')}, {'design_a': 'Yes', 'design_b': 'No', 'wage_b': Decimal('34900'), 'wage_a': Decimal('31400')}, {'design_a': 'No', 'design_b': 'Yes', 'wage_b': Decimal('19900'), 'wage_a': Decimal('23600')}]",25000,0.155578925,0.142395185,5.872576789,2.817219574
12/13/24 8:13,3c05d215-d067-49ff-8b9c-1cb702c70c4f,English,Ahmedabad,20,Male,Informal,Steel + Cement,,local,,,No,Daily,3,450,"['1', '1', '0', '0', '0', '0', '0', '1', '1', '0']","[{'design_a': 'Yes', 'design_b': 'No', 'wage_b': Decimal('570'), 'wage_a': Decimal('340')}, {'design_a': 'No', 'design_b': 'Yes', 'wage_b': Decimal('430'), 'wage_a': Decimal('565')}, {'design_a': 'No', 'design_b': 'Yes', 'wage_b': Decimal('340'), 'wage_a': Decimal('550')}, {'design_a': 'No', 'design_b': 'Yes', 'wage_b': Decimal('280'), 'wage_a': Decimal('405')}, {'design_a': 'Yes', 'design_b': 'No', 'wage_b': Decimal('670'), 'wage_a': Decimal('490')}, {'design_a': 'Yes', 'design_b': 'No', 'wage_b': Decimal('610'), 'wage_a': Decimal('435')}, {'design_a': 'Yes', 'design_b': 'No', 'wage_b': Decimal('455'), 'wage_a': Decimal('320')}, {'design_a': 'No', 'design_b': 'Yes', 'wage_b': Decimal('430'), 'wage_a': Decimal('665')}, {'design_a': 'No', 'design_b': 'Yes', 'wage_b': Decimal('420'), 'wage_a': Decimal('635')}, {'design_a': 'No', 'design_b': 'Yes', 'wage_b': Decimal('280'), 'wage_a': Decimal('530')}]",450,0.508192156,0.16672691,5.386883673,2.845883682
12/13/24 8:28,5d4bcc0c-9b7a-485e-9eb6-983e07fad483,English,Ahmedabad,29,Male,Informal,Construction,,local,,,Yes,Monthly,4,15000,"['1', '1', '1', '1', '0', '1', '1', '1', '1', '0']","[{'design_a': 'Yes', 'design_b': 'No', 'wage_b': Decimal('18400'), 'wage_a': Decimal('11000')}, {'design_a': 'Yes', 'design_b': 'No', 'wage_b': Decimal('20700'), 'wage_a': Decimal('15300')}, {'design_a': 'Yes', 'design_b': 'No', 'wage_b': Decimal('9500'), 'wage_a': Decimal('7900')}, {'design_a': 'No', 'design_b': 'Yes', 'wage_b': Decimal('13300'), 'wage_a': Decimal('14800')}, {'design_a': 'No', 'design_b': 'Yes', 'wage_b': Decimal('11600'), 'wage_a': Decimal('13200')}, {'design_a': 'No', 'design_b': 'Yes', 'wage_b': Decimal('16600'), 'wage_a': Decimal('20200')}, {'design_a': 'No', 'design_b': 'Yes', 'wage_b': Decimal('14100'), 'wage_a': Decimal('17000')}, {'design_a': 'Yes', 'design_b': 'No', 'wage_b': Decimal('18800'), 'wage_a': Decimal('14100')}, {'design_a': 'Yes', 'design_b': 'No', 'wage_b': Decimal('11900'), 'wage_a': Decimal('8900')}, {'design_a': 'Yes', 'design_b': 'No', 'wage_b': Decimal('19200'), 'wage_a': Decimal('16100')}]",15000,0.222777528,0.166136404,5.299615664,2.892390222
12/13/24 8:45,62ae946f-c798-4650-8d2a-0534c103a1d5,English,Ahmedabad,28,Female,Formal,Pharmecutical,,local,,,No,Monthly,4,15000,"['1', '1', '1', '1', '1', '0', '1', '0', '0', '1']","[{'design_a': 'Yes', 'design_b': 'No', 'wage_b': Decimal('14200'), 'wage_a': Decimal('9200')}, {'design_a': 'No', 'design_b': 'Yes', 'wage_b': Decimal('14700'), 'wage_a': Decimal('19000')}, {'design_a': 'Yes', 'design_b': 'No', 'wage_b': Decimal('12600'), 'wage_a': Decimal('8200')}, {'design_a': 'Yes', 'design_b': 'No', 'wage_b': Decimal('20500'), 'wage_a': Decimal('15700')}, {'design_a': 'Yes', 'design_b': 'No', 'wage_b': Decimal('14100'), 'wage_a': Decimal('11000')}, {'design_a': 'No', 'design_b': 'Yes', 'wage_b': Decimal('8800'), 'wage_a': Decimal('11600')}, {'design_a': 'No', 'design_b': 'Yes', 'wage_b': Decimal('18700'), 'wage_a': Decimal('20500')}, {'design_a': 'No', 'design_b': 'Yes', 'wage_b': Decimal('8700'), 'wage_a': Decimal('10400')}, {'design_a': 'No', 'design_b': 'Yes', 'wage_b': Decimal('15100'), 'wage_a': Decimal('17600')}, {'design_a': 'No', 'design_b': 'Yes', 'wage_b': Decimal('17600'), 'wage_a': Decimal('19900')}]",15000,0.172043199,0.14682569,5.70636801,2.791042272
12/13/24 9:14,25cf67d8-8115-4ce3-9d3e-94e4a4f652e5,English,Ahmedabad,31,Male,Formal,Power Generation,,migrant,family,Rajasthan,Yes,Monthly,4,30000,"['1', '1', '0', '0', '0', '1', '1', '0', '1', '0']","[{'design_a': 'Yes', 'design_b': 'No', 'wage_b': Decimal('40700'), 'wage_a': Decimal('22400')}, {'design_a': 'Yes', 'design_b': 'No', 'wage_b': Decimal('29000'), 'wage_a': Decimal('22700')}, {'design_a': 'Yes', 'design_b': 'No', 'wage_b': Decimal('40300'), 'wage_a': Decimal('34000')}, {'design_a': 'No', 'design_b': 'Yes', 'wage_b': Decimal('27600'), 'wage_a': Decimal('37600')}, {'design_a': 'No', 'design_b': 'Yes', 'wage_b': Decimal('27500'), 'wage_a': Decimal('35000')}, {'design_a': 'Yes', 'design_b': 'No', 'wage_b': Decimal('31800'), 'wage_a': Decimal('26200')}, {'design_a': 'No', 'design_b': 'Yes', 'wage_b': Decimal('34100'), 'wage_a': Decimal('41000')}, {'design_a': 'No', 'design_b': 'Yes', 'wage_b': Decimal('25800'), 'wage_a': Decimal('28600')}, {'design_a': 'Yes', 'design_b': 'No', 'wage_b': Decimal('24500'), 'wage_a': Decimal('21200')}, {'design_a': 'Yes', 'design_b': 'No', 'wage_b': Decimal('41900'), 'wage_a': Decimal('38300')}]",30000,0.157563396,0.150330151,5.373190966,2.779476456
12/13/24 10:14,870ca4b4-aa76-435c-8805-e5e512e538ea,English,Ahmedabad,26,Male,Informal,Construction,,local,,,No,Daily,3,1250,"['1', '1', '0', '0', '1', '0', '1', '1', '0', '0']","[{'design_a': 'Yes', 'design_b': 'No', 'wage_b': Decimal('1435'), 'wage_a': Decimal('875')}, {'design_a': 'Yes', 'design_b': 'No', 'wage_b': Decimal('1250'), 'wage_a': Decimal('880')}, {'design_a': 'No', 'design_b': 'Yes', 'wage_b': Decimal('835'), 'wage_a': Decimal('1025')}, {'design_a': 'Yes', 'design_b': 'No', 'wage_b': Decimal('1735'), 'wage_a': Decimal('1620')}, {'design_a': 'No', 'design_b': 'Yes', 'wage_b': Decimal('1585'), 'wage_a': Decimal('1810')}, {'design_a': 'No', 'design_b': 'Yes', 'wage_b': Decimal('1100'), 'wage_a': Decimal('1310')}, {'design_a': 'No', 'design_b': 'Yes', 'wage_b': Decimal('1475'), 'wage_a': Decimal('1715')}, {'design_a': 'Yes', 'design_b': 'No', 'wage_b': Decimal('1345'), 'wage_a': Decimal('1045')}, {'design_a': 'Yes', 'design_b': 'No', 'wage_b': Decimal('1825'), 'wage_a': Decimal('1560')}, {'design_a': 'No', 'design_b': 'Yes', 'wage_b': Decimal('1105'), 'wage_a': Decimal('1325')}]",1250,0.198285959,0.158584733,5.778556822,2.823535722
12/20/24 6:54,2409bea6-3534-4a05-9454-2c15a053a8c9,English,Ahmedabad,38,Male,Informal,Other,Tea stole ,local,,,No,Daily,5,1500,"['1', '1', '0', '0', '0', '1', '1', '1', '1', '0']","[{'design_a': 'No', 'design_b': 'Yes', 'wage_b': Decimal('1190'), 'wage_a': Decimal('2005')}, {'design_a': 'No', 'design_b': 'Yes', 'wage_b': Decimal('1000'), 'wage_a': Decimal('2065')}, {'design_a': 'No', 'design_b': 'Yes', 'wage_b': Decimal('920'), 'wage_a': Decimal('2155')}, {'design_a': 'No', 'design_b': 'Yes', 'wage_b': Decimal('980'), 'wage_a': Decimal('2120')}, {'design_a': 'No', 'design_b': 'Yes', 'wage_b': Decimal('1030'), 'wage_a': Decimal('1550')}, {'design_a': 'Yes', 'design_b': 'No', 'wage_b': Decimal('2245'), 'wage_a': Decimal('1230')}, {'design_a': 'Yes', 'design_b': 'No', 'wage_b': Decimal('1125'), 'wage_a': Decimal('775')}, {'design_a': 'No', 'design_b': 'Yes', 'wage_b': Decimal('1630'), 'wage_a': Decimal('2055')}, {'design_a': 'Yes', 'design_b': 'No', 'wage_b': Decimal('1550'), 'wage_a': Decimal('1070')}, {'design_a': 'Yes', 'design_b': 'No', 'wage_b': Decimal('1980'), 'wage_a': Decimal('1495')}]",1500,0.411959635,0.210590319,3.247284365,2.321855466
12/20/24 6:56,e16d72d4-57fe-4125-a81c-f0c349aba33c,Hindi,Dahej,42,Male,Informal,Construction,,migrant,alone,West Bengal,Yes,Monthly,6,25000,"['0', '1', '1', '0', '1', '0', '1', '0', '0', '0']","[{'design_a': 'No', 'design_b': 'Yes', 'wage_b': Decimal('18500'), 'wage_a': Decimal('32300')}, {'design_a': 'Yes', 'design_b': 'No', 'wage_b': Decimal('28200'), 'wage_a': Decimal('20400')}, {'design_a': 'No', 'design_b': 'Yes', 'wage_b': Decimal('20100'), 'wage_a': Decimal('24200')}, {'design_a': 'Yes', 'design_b': 'No', 'wage_b': Decimal('21900'), 'wage_a': Decimal('17000')}, {'design_a': 'Yes', 'design_b': 'No', 'wage_b': Decimal('21500'), 'wage_a': Decimal('15500')}, {'design_a': 'No', 'design_b': 'Yes', 'wage_b': Decimal('15600'), 'wage_a': Decimal('22600')}, {'design_a': 'Yes', 'design_b': 'No', 'wage_b': Decimal('26900'), 'wage_a': Decimal('20200')}, {'design_a': 'Yes', 'design_b': 'No', 'wage_b': Decimal('36100'), 'wage_a': Decimal('31500')}, {'design_a': 'No', 'design_b': 'Yes', 'wage_b': Decimal('26700'), 'wage_a': Decimal('34000')}, {'design_a': 'No', 'design_b': 'Yes', 'wage_b': Decimal('28100'), 'wage_a': Decimal('35000')}]",25000,0.18912147,0.134779975,6.017227602,2.653879551
12/20/24 7:01,090a16ab-64d2-4fc3-94e3-bc603ec717ed,English,Ahmedabad,27,Male,Formal,Automotive,,local,,,No,Monthly,3,20000,"['0', '0', '0', '0', '0', '0', '0', '0', '0', '1']","[{'design_a': 'No', 'design_b': 'Yes', 'wage_b': Decimal('17500'), 'wage_a': Decimal('27100')}, {'design_a': 'No', 'design_b': 'Yes', 'wage_b': Decimal('12200'), 'wage_a': Decimal('17800')}, {'design_a': 'No', 'design_b': 'Yes', 'wage_b': Decimal('17000'), 'wage_a': Decimal('21100')}, {'design_a': 'No', 'design_b': 'Yes', 'wage_b': Decimal('19900'), 'wage_a': Decimal('23100')}, {'design_a': 'No', 'design_b': 'Yes', 'wage_b': Decimal('16400'), 'wage_a': Decimal('20900')}, {'design_a': 'No', 'design_b': 'Yes', 'wage_b': Decimal('16100'), 'wage_a': Decimal('16900')}, {'design_a': 'No', 'design_b': 'Yes', 'wage_b': Decimal('19800'), 'wage_a': Decimal('22300')}, {'design_a': 'No', 'design_b': 'Yes', 'wage_b': Decimal('21100'), 'wage_a': Decimal('22400')}, {'design_a': 'No', 'design_b': 'Yes', 'wage_b': Decimal('11600'), 'wage_a': Decimal('12400')}, {'design_a': 'Yes', 'design_b': 'No', 'wage_b': Decimal('12800'), 'wage_a': Decimal('12600')}]",20000,0.062013352,0.105782421,6.381591437,2.716312165
12/20/24 7:31,eb8d50a8-1559-4018-8ea7-ec3d8874067b,English,Ahmedabad,28,Male,Formal,Steel + Cement,,migrant,alone,Madhya Pradesh,Yes,Monthly,4,14500,"['1', '0', '0', '1', '0', '1', '0', '1', '0', '0']","[{'design_a': 'Yes', 'design_b': 'No', 'wage_b': Decimal('19800'), 'wage_a': Decimal('12500')}, {'design_a': 'No', 'design_b': 'Yes', 'wage_b': Decimal('8200'), 'wage_a': Decimal('10700')}, {'design_a': 'No', 'design_b': 'Yes', 'wage_b': Decimal('9000'), 'wage_a': Decimal('10500')}, {'design_a': 'No', 'design_b': 'Yes', 'wage_b': Decimal('18100'), 'wage_a': Decimal('19700')}, {'design_a': 'Yes', 'design_b': 'No', 'wage_b': Decimal('17600'), 'wage_a': Decimal('15500')}, {'design_a': 'No', 'design_b': 'Yes', 'wage_b': Decimal('17000'), 'wage_a': Decimal('20400')}, {'design_a': 'No', 'design_b': 'Yes', 'wage_b': Decimal('14800'), 'wage_a': Decimal('21100')}, {'design_a': 'No', 'design_b': 'Yes', 'wage_b': Decimal('15900'), 'wage_a': Decimal('18600')}, {'design_a': 'No', 'design_b': 'Yes', 'wage_b': Decimal('7500'), 'wage_a': Decimal('9600')}, {'design_a': 'No', 'design_b': 'Yes', 'wage_b': Decimal('11200'), 'wage_a': Decimal('13600')}]",14500,0.195739396,0.149406946,5.72006619,2.808541651
12/20/24 7:58,e9278eb0-2396-4483-897d-0fb395dbf25e,English,Ahmedabad,26,Male,Informal,Garment,,local,,,No,Monthly,3,15000,"['0', '0', '0', '0', '0', '0', '0', '0', '0', '1']","[{'design_a': 'No', 'design_b': 'Yes', 'wage_b': Decimal('9800'), 'wage_a': Decimal('17900')}, {'design_a': 'No', 'design_b': 'Yes', 'wage_b': Decimal('8600'), 'wage_a': Decimal('12900')}, {'design_a': 'No', 'design_b': 'Yes', 'wage_b': Decimal('10900'), 'wage_a': Decimal('14800')}, {'design_a': 'No', 'design_b': 'Yes', 'wage_b': Decimal('10100'), 'wage_a': Decimal('12200')}, {'design_a': 'No', 'design_b': 'Yes', 'wage_b': Decimal('9800'), 'wage_a': Decimal('11200')}, {'design_a': 'No', 'design_b': 'Yes', 'wage_b': Decimal('9300'), 'wage_a': Decimal('9700')}, {'design_a': 'No', 'design_b': 'Yes', 'wage_b': Decimal('8400'), 'wage_a': Decimal('8900')}, {'design_a': 'No', 'design_b': 'Yes', 'wage_b': Decimal('9000'), 'wage_a': Decimal('9300')}, {'design_a': 'Yes', 'design_b': 'No', 'wage_b': Decimal('20200'), 'wage_a': Decimal('20100')}, {'design_a': 'No', 'design_b': 'Yes', 'wage_b': Decimal('20900'), 'wage_a': Decimal('21400')}]",15000,0.090755817,0.12455413,6.089252014,2.667016143
12/20/24 11:59,3defd639-ac2c-4741-b688-4433b0a15c63,English,Ahmedabad,35,Male,Formal,Pharmecutical,,local,,,Partly,Monthly,5,32000,"['1', '0', '1', '0', '0', '0', '1', '1', '0', '0']","[{'design_a': 'Yes', 'design_b': 'No', 'wage_b': Decimal('47100'), 'wage_a': Decimal('21900')}, {'design_a': 'No', 'design_b': 'Yes', 'wage_b': Decimal('20400'), 'wage_a': Decimal('30200')}, {'design_a': 'Yes', 'design_b': 'No', 'wage_b': Decimal('19300'), 'wage_a': Decimal('16100')}, {'design_a': 'No', 'design_b': 'Yes', 'wage_b': Decimal('22400'), 'wage_a': Decimal('26200')}, {'design_a': 'Yes', 'design_b': 'No', 'wage_b': Decimal('46200'), 'wage_a': Decimal('44500')}, {'design_a': 'Yes', 'design_b': 'No', 'wage_b': Decimal('46700'), 'wage_a': Decimal('41600')}, {'design_a': 'Yes', 'design_b': 'No', 'wage_b': Decimal('28300'), 'wage_a': Decimal('23200')}, {'design_a': 'Yes', 'design_b': 'No', 'wage_b': Decimal('33200'), 'wage_a': Decimal('28700')}, {'design_a': 'Yes', 'design_b': 'No', 'wage_b': Decimal('46100'), 'wage_a': Decimal('41000')}, {'design_a': 'No', 'design_b': 'Yes', 'wage_b': Decimal('29700'), 'wage_a': Decimal('35500')}]",32000,0.141822833,0.138516726,6.200980302,2.766494136
12/20/24 12:44,f1bcd954-b7a1-4200-be56-e76145fe437b,English,Ahmedabad,29,Male,Informal,Construction,,local,,,Yes,Daily,5,600,"['0', '1', '0', '1', '1', '0', '1', '0', '1', '0']","[{'design_a': 'No', 'design_b': 'Yes', 'wage_b': Decimal('420'), 'wage_a': Decimal('730')}, {'design_a': 'Yes', 'design_b': 'No', 'wage_b': Decimal('860'), 'wage_a': Decimal('595')}, {'design_a': 'Yes', 'design_b': 'No', 'wage_b': Decimal('715'), 'wage_a': Decimal('605')}, {'design_a': 'Yes', 'design_b': 'No', 'wage_b': Decimal('465'), 'wage_a': Decimal('330')}, {'design_a': 'No', 'design_b': 'Yes', 'wage_b': Decimal('705'), 'wage_a': Decimal('900')}, {'design_a': 'No', 'design_b': 'Yes', 'wage_b': Decimal('500'), 'wage_a': Decimal('670')}, {'design_a': 'No', 'design_b': 'Yes', 'wage_b': Decimal('620'), 'wage_a': Decimal('795')}, {'design_a': 'No', 'design_b': 'Yes', 'wage_b': Decimal('465'), 'wage_a': Decimal('605')}, {'design_a': 'Yes', 'design_b': 'No', 'wage_b': Decimal('525'), 'wage_a': Decimal('390')}, {'design_a': 'No', 'design_b': 'Yes', 'wage_b': Decimal('450'), 'wage_a': Decimal('595')}]",600,0.195103694,0.137867485,5.912123947,2.754008407
12/21/24 5:43,dbd802e3-3bd3-4458-a686-65a1e384209d,English,Ahmedabad,37,Male,Informal,Construction,,migrant,family,Bihar,No,Daily,4,1250,"['0', '1', '0', '0', '0', '1', '0', '0', '1', '0']","[{'design_a': 'No', 'design_b': 'Yes', 'wage_b': Decimal('1005'), 'wage_a': Decimal('1550')}, {'design_a': 'Yes', 'design_b': 'No', 'wage_b': Decimal('1525'), 'wage_a': Decimal('1190')}, {'design_a': 'No', 'design_b': 'Yes', 'wage_b': Decimal('920'), 'wage_a': Decimal('1065')}, {'design_a': 'Yes', 'design_b': 'No', 'wage_b': Decimal('1705'), 'wage_a': Decimal('1535')}, {'design_a': 'Yes', 'design_b': 'No', 'wage_b': Decimal('1620'), 'wage_a': Decimal('1450')}, {'design_a': 'Yes', 'design_b': 'No', 'wage_b': Decimal('1005'), 'wage_a': Decimal('755')}, {'design_a': 'Yes', 'design_b': 'No', 'wage_b': Decimal('1855'), 'wage_a': Decimal('1610')}, {'design_a': 'No', 'design_b': 'Yes', 'wage_b': Decimal('665'), 'wage_a': Decimal('790')}, {'design_a': 'No', 'design_b': 'Yes', 'wage_b': Decimal('1515'), 'wage_a': Decimal('1815')}, {'design_a': 'No', 'design_b': 'Yes', 'wage_b': Decimal('625'), 'wage_a': Decimal('735')}]",1250,0.206095245,0.170504299,5.171368339,3.019032597
12/21/24 7:27,279b5b5b-af0e-4584-9863-ff5297092bb3,English,Ahmedabad,31,Female,Informal,Gig Worker,,local,,,No,Daily,5,1500,"['1', '1', '0', '0', '1', '0', '0', '0', '0', '0']","[{'design_a': 'Yes', 'design_b': 'No', 'wage_b': Decimal('1485'), 'wage_a': Decimal('825')}, {'design_a': 'Yes', 'design_b': 'No', 'wage_b': Decimal('1780'), 'wage_a': Decimal('1075')}, {'design_a': 'No', 'design_b': 'Yes', 'wage_b': Decimal('950'), 'wage_a': Decimal('1225')}, {'design_a': 'No', 'design_b': 'Yes', 'wage_b': Decimal('1500'), 'wage_a': Decimal('1780')}, {'design_a': 'Yes', 'design_b': 'No', 'wage_b': Decimal('960'), 'wage_a': Decimal('920')}, {'design_a': 'No', 'design_b': 'Yes', 'wage_b': Decimal('1425'), 'wage_a': Decimal('1575')}, {'design_a': 'No', 'design_b': 'Yes', 'wage_b': Decimal('850'), 'wage_a': Decimal('890')}, {'design_a': 'No', 'design_b': 'Yes', 'wage_b': Decimal('1515'), 'wage_a': Decimal('1575')}, {'design_a': 'No', 'design_b': 'Yes', 'wage_b': Decimal('1285'), 'wage_a': Decimal('1315')}, {'design_a': 'No', 'design_b': 'Yes', 'wage_b': Decimal('1375'), 'wage_a': Decimal('1640')}]",1500,0.070269283,0.108306945,5.954180354,2.808259307
12/21/24 8:17,ab07eade-0aab-4357-92c5-75e06f07a43d,English,Ahmedabad,28,Male,Informal,Automotive,,local,,,Yes,Monthly,6,25000,"['1', '0', '0', '0', '1', '1', '1', '1', '0', '0']","[{'design_a': 'Yes', 'design_b': 'No', 'wage_b': Decimal('29300'), 'wage_a': Decimal('15600')}, {'design_a': 'No', 'design_b': 'Yes', 'wage_b': Decimal('18500'), 'wage_a': Decimal('26200')}, {'design_a': 'No', 'design_b': 'Yes', 'wage_b': Decimal('27300'), 'wage_a': Decimal('33200')}, {'design_a': 'No', 'design_b': 'Yes', 'wage_b': Decimal('15400'), 'wage_a': Decimal('17200')}, {'design_a': 'No', 'design_b': 'Yes', 'wage_b': Decimal('14100'), 'wage_a': Decimal('15000')}, {'design_a': 'No', 'design_b': 'Yes', 'wage_b': Decimal('29100'), 'wage_a': Decimal('32100')}, {'design_a': 'No', 'design_b': 'Yes', 'wage_b': Decimal('28200'), 'wage_a': Decimal('33400')}, {'design_a': 'Yes', 'design_b': 'No', 'wage_b': Decimal('21400'), 'wage_a': Decimal('17200')}, {'design_a': 'Yes', 'design_b': 'No', 'wage_b': Decimal('34500'), 'wage_a': Decimal('28900')}, {'design_a': 'Yes', 'design_b': 'No', 'wage_b': Decimal('36900'), 'wage_a': Decimal('30600')}]",25000,0.271662853,0.187466935,4.855687793,2.785509628
12/21/24 8:24,a1760078-f2d3-4d0c-bf6d-5e3e763b9c5f,English,Ahmedabad,23,Male,Informal,Automotive,,local,,,Yes,Daily,4,300,"['0', '1', '0', '1', '0', '1', '0', '0', '1', '0']","[{'design_a': 'No', 'design_b': 'Yes', 'wage_b': Decimal('215'), 'wage_a': Decimal('345')}, {'design_a': 'Yes', 'design_b': 'No', 'wage_b': Decimal('205'), 'wage_a': Decimal('155')}, {'design_a': 'No', 'design_b': 'Yes', 'wage_b': Decimal('285'), 'wage_a': Decimal('350')}, {'design_a': 'No', 'design_b': 'Yes', 'wage_b': Decimal('305'), 'wage_a': Decimal('335')}, {'design_a': 'Yes', 'design_b': 'No', 'wage_b': Decimal('345'), 'wage_a': Decimal('310')}, {'design_a': 'No', 'design_b': 'Yes', 'wage_b': Decimal('205'), 'wage_a': Decimal('240')}, {'design_a': 'No', 'design_b': 'Yes', 'wage_b': Decimal('155'), 'wage_a': Decimal('195')}, {'design_a': 'No', 'design_b': 'Yes', 'wage_b': Decimal('345'), 'wage_a': Decimal('445')}, {'design_a': 'Yes', 'design_b': 'No', 'wage_b': Decimal('425'), 'wage_a': Decimal('350')}, {'design_a': 'No', 'design_b': 'Yes', 'wage_b': Decimal('350'), 'wage_a': Decimal('430')}]",300,0.144984336,0.12921908,6.259873556,2.653273876
12/21/24 9:13,34c53e02-e145-4eeb-b81f-7375e0cf3f81,English,Ahmedabad,34,Male,Formal,Pharmecutical,,local,,,Partly,Monthly,5,35000,"['1', '0', '0', '1', '0', '1', '0', '0', '1', '1']","[{'design_a': 'Yes', 'design_b': 'No', 'wage_b': Decimal('38000'), 'wage_a': Decimal('25700')}, {'design_a': 'Yes', 'design_b': 'No', 'wage_b': Decimal('50700'), 'wage_a': Decimal('40300')}, {'design_a': 'Yes', 'design_b': 'No', 'wage_b': Decimal('49500'), 'wage_a': Decimal('34000')}, {'design_a': 'Yes', 'design_b': 'No', 'wage_b': Decimal('30400'), 'wage_a': Decimal('19200')}, {'design_a': 'No', 'design_b': 'Yes', 'wage_b': Decimal('22100'), 'wage_a': Decimal('32500')}, {'design_a': 'Yes', 'design_b': 'No', 'wage_b': Decimal('52000'), 'wage_a': Decimal('34300')}, {'design_a': 'Yes', 'design_b': 'No', 'wage_b': Decimal('34900'), 'wage_a': Decimal('26400')}, {'design_a': 'No', 'design_b': 'Yes', 'wage_b': Decimal('19200'), 'wage_a': Decimal('28300')}, {'design_a': 'Yes', 'design_b': 'No', 'wage_b': Decimal('47800'), 'wage_a': Decimal('34700')}, {'design_a': 'Yes', 'design_b': 'No', 'wage_b': Decimal('52500'), 'wage_a': Decimal('37800')}]",35000,0.238709305,0.147230081,5.555852255,2.74434497
12/21/24 12:26,27ed374a-b826-41be-8af5-b01c9d7c36c4,English,Ahmedabad,34,Male,Informal,Steel + Cement,,local,,,No,Daily,4,400,"['1', '1', '1', '1', '1', '1', '1', '0', '1', '0']","[{'design_a': 'Yes', 'design_b': 'No', 'wage_b': Decimal('430'), 'wage_a': Decimal('255')}, {'design_a': 'Yes', 'design_b': 'No', 'wage_b': Decimal('350'), 'wage_a': Decimal('270')}, {'design_a': 'Yes', 'design_b': 'No', 'wage_b': Decimal('565'), 'wage_a': Decimal('500')}, {'design_a': 'Yes', 'design_b': 'No', 'wage_b': Decimal('510'), 'wage_a': Decimal('475')}, {'design_a': 'No', 'design_b': 'Yes', 'wage_b': Decimal('590'), 'wage_a': Decimal('600')}, {'design_a': 'No', 'design_b': 'Yes', 'wage_b': Decimal('245'), 'wage_a': Decimal('275')}, {'design_a': 'Yes', 'design_b': 'No', 'wage_b': Decimal('320'), 'wage_a': Decimal('285')}, {'design_a': 'No', 'design_b': 'Yes', 'wage_b': Decimal('510'), 'wage_a': Decimal('545')}, {'design_a': 'No', 'design_b': 'Yes', 'wage_b': Decimal('420'), 'wage_a': Decimal('455')}, {'design_a': 'No', 'design_b': 'Yes', 'wage_b': Decimal('330'), 'wage_a': Decimal('400')}]",400,0.135418595,0.15840501,5.288509835,2.917641454
12/22/24 3:52,0f05ca6c-b9ad-4cf7-a524-94b72a6cbe3c,Hindi,Saki Naka,35,Male,Informal,Construction,,migrant,family,Karnataka,No,Weekly,5,40000,"['1', '0', '0', '1', '0', '0', '0', '1', '1', '0']","[{'design_a': 'No', 'design_b': 'Yes', 'wage_b': Decimal('21475'), 'wage_a': Decimal('36750')}, {'design_a': 'Yes', 'design_b': 'No', 'wage_b': Decimal('52500'), 'wage_a': Decimal('24825')}, {'design_a': 'Yes', 'design_b': 'No', 'wage_b': Decimal('48375'), 'wage_a': Decimal('20475')}, {'design_a': 'No', 'design_b': 'Yes', 'wage_b': Decimal('20300'), 'wage_a': Decimal('53750')}, {'design_a': 'Yes', 'design_b': 'No', 'wage_b': Decimal('54225'), 'wage_a': Decimal('20475')}, {'design_a': 'Yes', 'design_b': 'No', 'wage_b': Decimal('59675'), 'wage_a': Decimal('23150')}, {'design_a': 'Yes', 'design_b': 'No', 'wage_b': Decimal('55125'), 'wage_a': Decimal('24325')}, {'design_a': 'No', 'design_b': 'Yes', 'wage_b': Decimal('33150'), 'wage_a': Decimal('51100')}, {'design_a': 'No', 'design_b': 'Yes', 'wage_b': Decimal('21475'), 'wage_a': Decimal('57900')}, {'design_a': 'Yes', 'design_b': 'No', 'wage_b': Decimal('39475'), 'wage_a': Decimal('24500')}]",40000,0.938815118,0.097074943,6.400331265,2.577992308
12/23/24 5:17,adfa2cb7-73a3-4d68-82d6-2a346e62035d,English,Ahmedabad,28,Male,Informal,Automotive,,local,,,No,Daily,5,3500,"['1', '0', '1', '0', '1', '1', '1', '0', '1', '0']","[{'design_a': 'No', 'design_b': 'Yes', 'wage_b': Decimal('2465'), 'wage_a': Decimal('3710')}, {'design_a': 'Yes', 'design_b': 'No', 'wage_b': Decimal('5105'), 'wage_a': Decimal('2840')}, {'design_a': 'Yes', 'design_b': 'No', 'wage_b': Decimal('4515'), 'wage_a': Decimal('1975')}, {'design_a': 'No', 'design_b': 'Yes', 'wage_b': Decimal('2330'), 'wage_a': Decimal('4665')}, {'design_a': 'Yes', 'design_b': 'No', 'wage_b': Decimal('4380'), 'wage_a': Decimal('2330')}, {'design_a': 'No', 'design_b': 'Yes', 'wage_b': Decimal('2585'), 'wage_a': Decimal('2920')}, {'design_a': 'No', 'design_b': 'Yes', 'wage_b': Decimal('2940'), 'wage_a': Decimal('4160')}, {'design_a': 'No', 'design_b': 'Yes', 'wage_b': Decimal('2150'), 'wage_a': Decimal('4190')}, {'design_a': 'Yes', 'design_b': 'No', 'wage_b': Decimal('4140'), 'wage_a': Decimal('2440')}, {'design_a': 'Yes', 'design_b': 'No', 'wage_b': Decimal('5190'), 'wage_a': Decimal('3210')}]",3500,0.532632469,0.14696425,6.282323299,2.590541008
12/23/24 6:14,0ad36381-c61a-4095-a5e5-85ed75a3081d,English,Ahmedabad,34,Male,Informal,Steel + Cement,,local,,,No,Daily,5,500,"['0', '1', '1', '0', '1', '0', '0', '0', '0', '1']","[{'design_a': 'No', 'design_b': 'Yes', 'wage_b': Decimal('340'), 'wage_a': Decimal('595')}, {'design_a': 'Yes', 'design_b': 'No', 'wage_b': Decimal('515'), 'wage_a': Decimal('380')}, {'design_a': 'Yes', 'design_b': 'No', 'wage_b': Decimal('465'), 'wage_a': Decimal('390')}, {'design_a': 'No', 'design_b': 'Yes', 'wage_b': Decimal('375'), 'wage_a': Decimal('515')}, {'design_a': 'No', 'design_b': 'Yes', 'wage_b': Decimal('630'), 'wage_a': Decimal('670')}, {'design_a': 'No', 'design_b': 'Yes', 'wage_b': Decimal('250'), 'wage_a': Decimal('380')}, {'design_a': 'Yes', 'design_b': 'No', 'wage_b': Decimal('680'), 'wage_a': Decimal('595')}, {'design_a': 'Yes', 'design_b': 'No', 'wage_b': Decimal('600'), 'wage_a': Decimal('475')}, {'design_a': 'Yes', 'design_b': 'No', 'wage_b': Decimal('715'), 'wage_a': Decimal('575')}, {'design_a': 'No', 'design_b': 'Yes', 'wage_b': Decimal('440'), 'wage_a': Decimal('545')}]",500,0.296563842,0.162467101,5.636995045,2.780562166
12/27/24 4:07,e0319804-e327-4824-9ec3-ec7a6e568982,English,Ahmedabad,36,Male,Informal,Steel + Cement,,migrant,family,Bihar,No,Daily,5,750,"['1', '1', '0', '0', '1', '0', '1', '0', '0', '0']","[{'design_a': 'Yes', 'design_b': 'No', 'wage_b': Decimal('805'), 'wage_a': Decimal('490')}, {'design_a': 'Yes', 'design_b': 'No', 'wage_b': Decimal('930'), 'wage_a': Decimal('640')}, {'design_a': 'Yes', 'design_b': 'No', 'wage_b': Decimal('570'), 'wage_a': Decimal('465')}, {'design_a': 'No', 'design_b': 'Yes', 'wage_b': Decimal('675'), 'wage_a': Decimal('980')}, {'design_a': 'No', 'design_b': 'Yes', 'wage_b': Decimal('805'), 'wage_a': Decimal('1075')}, {'design_a': 'No', 'design_b': 'Yes', 'wage_b': Decimal('590'), 'wage_a': Decimal('860')}, {'design_a': 'No', 'design_b': 'Yes', 'wage_b': Decimal('735'), 'wage_a': Decimal('995')}, {'design_a': 'No', 'design_b': 'Yes', 'wage_b': Decimal('770'), 'wage_a': Decimal('1080')}, {'design_a': 'Yes', 'design_b': 'No', 'wage_b': Decimal('1010'), 'wage_a': Decimal('775')}, {'design_a': 'Yes', 'design_b': 'No', 'wage_b': Decimal('1050'), 'wage_a': Decimal('785')}]",750,0.351600997,0.165769064,5.535217855,2.921463296
12/27/24 4:09,f3249a7a-0e0a-4b94-9992-fd398e682140,English,Ahmedabad,32,Female,Informal,Garment,,local,,,No,Weekly,5,1500,"['1', '1', '0', '0', '1', '0', '0', '0', '1', '1']","[{'design_a': 'Yes', 'design_b': 'No', 'wage_b': Decimal('1525'), 'wage_a': Decimal('925')}, {'design_a': 'No', 'design_b': 'Yes', 'wage_b': Decimal('1250'), 'wage_a': Decimal('1600')}, {'design_a': 'No', 'design_b': 'Yes', 'wage_b': Decimal('775'), 'wage_a': Decimal('1225')}, {'design_a': 'No', 'design_b': 'Yes', 'wage_b': Decimal('825'), 'wage_a': Decimal('1125')}, {'design_a': 'Yes', 'design_b': 'No', 'wage_b': Decimal('1675'), 'wage_a': Decimal('1275')}, {'design_a': 'Yes', 'design_b': 'No', 'wage_b': Decimal('925'), 'wage_a': Decimal('775')}, {'design_a': 'Yes', 'design_b': 'No', 'wage_b': Decimal('1600'), 'wage_a': Decimal('1300')}, {'design_a': 'No', 'design_b': 'Yes', 'wage_b': Decimal('1350'), 'wage_a': Decimal('1925')}, {'design_a': 'Yes', 'design_b': 'No', 'wage_b': Decimal('1925'), 'wage_a': Decimal('1425')}, {'design_a': 'No', 'design_b': 'Yes', 'wage_b': Decimal('975'), 'wage_a': Decimal('1200')}]",1500,0.25588872,0.1456992,5.968005368,2.761291553
12/27/24 4:12,e34e3b98-7206-48ad-b3d9-9e50c56038ce,English,Ahmedabad,26,Male,Informal,Automotive,,local,,,No,Monthly,4,25000,"['1', '1', '1', '0', '0', '1', '0', '0', '1', '0']","[{'design_a': 'Yes', 'design_b': 'No', 'wage_b': Decimal('28400'), 'wage_a': Decimal('15100')}, {'design_a': 'No', 'design_b': 'Yes', 'wage_b': Decimal('26900'), 'wage_a': Decimal('35900')}, {'design_a': 'Yes', 'design_b': 'No', 'wage_b': Decimal('20400'), 'wage_a': Decimal('13100')}, {'design_a': 'Yes', 'design_b': 'No', 'wage_b': Decimal('29100'), 'wage_a': Decimal('23000')}, {'design_a': 'No', 'design_b': 'Yes', 'wage_b': Decimal('16800'), 'wage_a': Decimal('29000')}, {'design_a': 'Yes', 'design_b': 'No', 'wage_b': Decimal('31800'), 'wage_a': Decimal('22500')}, {'design_a': 'No', 'design_b': 'Yes', 'wage_b': Decimal('24300'), 'wage_a': Decimal('32700')}, {'design_a': 'No', 'design_b': 'Yes', 'wage_b': Decimal('26400'), 'wage_a': Decimal('33400')}, {'design_a': 'Yes', 'design_b': 'No', 'wage_b': Decimal('24600'), 'wage_a': Decimal('20400')}, {'design_a': 'Yes', 'design_b': 'No', 'wage_b': Decimal('32600'), 'wage_a': Decimal('30400')}]",25000,0.200291418,0.134401587,5.89402355,2.668121157
12/27/24 4:16,aa0654d2-1bbf-4915-907c-1fd03be5fc47,English,Ahmedabad,32,Male,Informal,Other,Tuitions teacher ,local,,,Yes,Monthly,3,20000,"['0', '0', '0', '0', '0', '1', '0', '1', '0', '1']","[{'design_a': 'No', 'design_b': 'Yes', 'wage_b': Decimal('17500'), 'wage_a': Decimal('28500')}, {'design_a': 'No', 'design_b': 'Yes', 'wage_b': Decimal('22300'), 'wage_a': Decimal('29200')}, {'design_a': 'Yes', 'design_b': 'No', 'wage_b': Decimal('17100'), 'wage_a': Decimal('15100')}, {'design_a': 'No', 'design_b': 'Yes', 'wage_b': Decimal('20300'), 'wage_a': Decimal('24100')}, {'design_a': 'No', 'design_b': 'Yes', 'wage_b': Decimal('17400'), 'wage_a': Decimal('21000')}, {'design_a': 'Yes', 'design_b': 'No', 'wage_b': Decimal('19500'), 'wage_a': Decimal('17000')}, {'design_a': 'No', 'design_b': 'Yes', 'wage_b': Decimal('19700'), 'wage_a': Decimal('26600')}, {'design_a': 'Yes', 'design_b': 'No', 'wage_b': Decimal('25300'), 'wage_a': Decimal('22300')}, {'design_a': 'No', 'design_b': 'Yes', 'wage_b': Decimal('19300'), 'wage_a': Decimal('21400')}, {'design_a': 'Yes', 'design_b': 'No', 'wage_b': Decimal('23400'), 'wage_a': Decimal('22000')}]",20000,0.076326795,0.106392394,6.374510028,2.59617577
12/27/24 5:31,26c34a4c-47fb-407d-875c-e826e41c654c,English,Ahmedabad,24,Male,Formal,Pharmecutical,,local,,,No,Monthly,4,20000,"['1', '1', '1', '1', '0', '0', '0', '1', '0', '1']","[{'design_a': 'Yes', 'design_b': 'No', 'wage_b': Decimal('18900'), 'wage_a': Decimal('11200')}, {'design_a': 'Yes', 'design_b': 'No', 'wage_b': Decimal('15000'), 'wage_a': Decimal('11300')}, {'design_a': 'No', 'design_b': 'Yes', 'wage_b': Decimal('21400'), 'wage_a': Decimal('23700')}, {'design_a': 'No', 'design_b': 'Yes', 'wage_b': Decimal('15600'), 'wage_a': Decimal('19100')}, {'design_a': 'Yes', 'design_b': 'No', 'wage_b': Decimal('26600'), 'wage_a': Decimal('20700')}, {'design_a': 'No', 'design_b': 'Yes', 'wage_b': Decimal('18300'), 'wage_a': Decimal('25600')}, {'design_a': 'No', 'design_b': 'Yes', 'wage_b': Decimal('20200'), 'wage_a': Decimal('27700')}, {'design_a': 'Yes', 'design_b': 'No', 'wage_b': Decimal('29300'), 'wage_a': Decimal('20500')}, {'design_a': 'No', 'design_b': 'Yes', 'wage_b': Decimal('11700'), 'wage_a': Decimal('14900')}, {'design_a': 'Yes', 'design_b': 'No', 'wage_b': Decimal('17500'), 'wage_a': Decimal('14400')}]",20000,0.179517424,0.134260331,5.98064202,2.704621182
12/27/24 6:00,5d214075-0f0f-42bf-bb2d-8409a404dcd3,English,Ahmedabad,23,Male,Formal,Other,Bank ,local,,,Yes,Monthly,4,15000,"['0', '0', '1', '0', '0', '1', '1', '1', '1', '1']","[{'design_a': 'No', 'design_b': 'Yes', 'wage_b': Decimal('11900'), 'wage_a': Decimal('19400')}, {'design_a': 'No', 'design_b': 'Yes', 'wage_b': Decimal('11500'), 'wage_a': Decimal('15600')}, {'design_a': 'Yes', 'design_b': 'No', 'wage_b': Decimal('11800'), 'wage_a': Decimal('9700')}, {'design_a': 'No', 'design_b': 'Yes', 'wage_b': Decimal('11600'), 'wage_a': Decimal('13400')}, {'design_a': 'Yes', 'design_b': 'No', 'wage_b': Decimal('11800'), 'wage_a': Decimal('10800')}, {'design_a': 'No', 'design_b': 'Yes', 'wage_b': Decimal('7500'), 'wage_a': Decimal('8200')}, {'design_a': 'No', 'design_b': 'Yes', 'wage_b': Decimal('15500'), 'wage_a': Decimal('18100')}, {'design_a': 'No', 'design_b': 'Yes', 'wage_b': Decimal('11700'), 'wage_a': Decimal('14500')}, {'design_a': 'Yes', 'design_b': 'No', 'wage_b': Decimal('20900'), 'wage_a': Decimal('15500')}, {'design_a': 'Yes', 'design_b': 'No', 'wage_b': Decimal('12300'), 'wage_a': Decimal('9400')}]",15000,0.205567806,0.162000085,5.718611503,2.797202864
12/31/24 6:01,a1dc6f77-fdbc-4e72-a84c-89b98dde7f9f,Hindi,Bhosari,54,Male,Formal,Automotive,,migrant,family,Bihar,Yes,Monthly,5,25350,"['0', '0', '0', '1', '0', '1', '1', '1', '0', '0']","[{'design_a': 'No', 'design_b': 'Yes', 'wage_b': Decimal('13400'), 'wage_a': Decimal('22600')}, {'design_a': 'No', 'design_b': 'Yes', 'wage_b': Decimal('18400'), 'wage_a': Decimal('24600')}, {'design_a': 'Yes', 'design_b': 'No', 'wage_b': Decimal('34200'), 'wage_a': Decimal('28500')}, {'design_a': 'No', 'design_b': 'Yes', 'wage_b': Decimal('30000'), 'wage_a': Decimal('37200')}, {'design_a': 'Yes', 'design_b': 'No', 'wage_b': Decimal('31800'), 'wage_a': Decimal('24400')}, {'design_a': 'No', 'design_b': 'Yes', 'wage_b': Decimal('24000'), 'wage_a': Decimal('36400')}, {'design_a': 'Yes', 'design_b': 'No', 'wage_b': Decimal('36800'), 'wage_a': Decimal('22600')}, {'design_a': 'Yes', 'design_b': 'No', 'wage_b': Decimal('33400'), 'wage_a': Decimal('21900')}, {'design_a': 'No', 'design_b': 'Yes', 'wage_b': Decimal('19600'), 'wage_a': Decimal('27600')}, {'design_a': 'No', 'design_b': 'Yes', 'wage_b': Decimal('15400'), 'wage_a': Decimal('20900')}]",25350,0.300061028,0.165908854,5.174555889,2.86400904
12/31/24 6:15,487e0b49-0c94-4bbe-bb8e-1caf65bcc917,Hindi,Bhosari,20,Male,Informal,Automotive,,migrant,alone,Uttar Pradesh,Yes,Monthly,5,24000,"['1', '0', '1', '1', '0', '0', '1', '1', '1', '1']","[{'design_a': 'Yes', 'design_b': 'No', 'wage_b': Decimal('22500'), 'wage_a': Decimal('12400')}, {'design_a': 'Yes', 'design_b': 'No', 'wage_b': Decimal('35000'), 'wage_a': Decimal('24400')}, {'design_a': 'Yes', 'design_b': 'No', 'wage_b': Decimal('26600'), 'wage_a': Decimal('15800')}, {'design_a': 'Yes', 'design_b': 'No', 'wage_b': Decimal('28800'), 'wage_a': Decimal('18100')}, {'design_a': 'No', 'design_b': 'Yes', 'wage_b': Decimal('18600'), 'wage_a': Decimal('21100')}, {'design_a': 'No', 'design_b': 'Yes', 'wage_b': Decimal('20400'), 'wage_a': Decimal('27200')}, {'design_a': 'Yes', 'design_b': 'No', 'wage_b': Decimal('28400'), 'wage_a': Decimal('23900')}, {'design_a': 'No', 'design_b': 'Yes', 'wage_b': Decimal('32100'), 'wage_a': Decimal('34500')}, {'design_a': 'Yes', 'design_b': 'No', 'wage_b': Decimal('17100'), 'wage_a': Decimal('14900')}, {'design_a': 'No', 'design_b': 'Yes', 'wage_b': Decimal('31600'), 'wage_a': Decimal('34200')}]",24000,0.183589553,0.158058181,5.066110354,2.704549203
12/31/24 6:32,ce07654a-4113-4d40-b453-b0f91c9353f6,Hindi,Bhosari,50,Female,Informal,Automotive,,migrant,family,Uttar Pradesh,Yes,Monthly,8,15000,"['0', '1', '0', '0', '0', '1', '0', '1', '0', '0']","[{'design_a': 'No', 'design_b': 'Yes', 'wage_b': Decimal('11900'), 'wage_a': Decimal('19300')}, {'design_a': 'Yes', 'design_b': 'No', 'wage_b': Decimal('20600'), 'wage_a': Decimal('13700')}, {'design_a': 'No', 'design_b': 'Yes', 'wage_b': Decimal('16700'), 'wage_a': Decimal('21700')}, {'design_a': 'No', 'design_b': 'Yes', 'wage_b': Decimal('18500'), 'wage_a': Decimal('21100')}, {'design_a': 'No', 'design_b': 'Yes', 'wage_b': Decimal('16200'), 'wage_a': Decimal('20100')}, {'design_a': 'Yes', 'design_b': 'No', 'wage_b': Decimal('10800'), 'wage_a': Decimal('10000')}, {'design_a': 'No', 'design_b': 'Yes', 'wage_b': Decimal('16900'), 'wage_a': Decimal('17800')}, {'design_a': 'Yes', 'design_b': 'No', 'wage_b': Decimal('11000'), 'wage_a': Decimal('10300')}, {'design_a': 'No', 'design_b': 'Yes', 'wage_b': Decimal('19700'), 'wage_a': Decimal('20000')}, {'design_a': 'No', 'design_b': 'Yes', 'wage_b': Decimal('15100'), 'wage_a': Decimal('15600')}]",15000,0.068808385,0.11669064,6.030480512,2.731195828
12/31/24 6:48,680c41e6-c311-42b9-b14c-f4475d60bb14,Hindi,Bhosari,25,Male,Informal,Automotive,,migrant,alone,Uttar Pradesh,Yes,Monthly,6,27000,"['1', '0', '0', '1', '0', '0', '1', '1', '1', '1']","[{'design_a': 'Yes', 'design_b': 'No', 'wage_b': Decimal('26500'), 'wage_a': Decimal('14700')}, {'design_a': 'No', 'design_b': 'Yes', 'wage_b': Decimal('20000'), 'wage_a': Decimal('27000')}, {'design_a': 'Yes', 'design_b': 'No', 'wage_b': Decimal('22700'), 'wage_a': Decimal('20700')}, {'design_a': 'Yes', 'design_b': 'No', 'wage_b': Decimal('25000'), 'wage_a': Decimal('17200')}, {'design_a': 'No', 'design_b': 'Yes', 'wage_b': Decimal('17600'), 'wage_a': Decimal('21600')}, {'design_a': 'No', 'design_b': 'Yes', 'wage_b': Decimal('14200'), 'wage_a': Decimal('16900')}, {'design_a': 'Yes', 'design_b': 'No', 'wage_b': Decimal('22600'), 'wage_a': Decimal('20300')}, {'design_a': 'No', 'design_b': 'Yes', 'wage_b': Decimal('26500'), 'wage_a': Decimal('28100')}, {'design_a': 'No', 'design_b': 'Yes', 'wage_b': Decimal('28700'), 'wage_a': Decimal('32100')}, {'design_a': 'No', 'design_b': 'Yes', 'wage_b': Decimal('31000'), 'wage_a': Decimal('37400')}]",27000,0.202230322,0.163579441,5.645432653,2.866922582
1/6/25 6:11,97b79221-bd26-40a3-b488-aba6f80b0cf7,Hindi,Bhosari,25,Male,Informal,Automotive,,migrant,alone,Uttar Pradesh,Partly,Monthly,5,22000,"['1', '0', '0', '0', '1', '0', '1', '1', '0', '0']","[{'design_a': 'Yes', 'design_b': 'No', 'wage_b': Decimal('28800'), 'wage_a': Decimal('21700')}, {'design_a': 'No', 'design_b': 'Yes', 'wage_b': Decimal('21900'), 'wage_a': Decimal('25600')}, {'design_a': 'No', 'design_b': 'Yes', 'wage_b': Decimal('21900'), 'wage_a': Decimal('27700')}, {'design_a': 'Yes', 'design_b': 'No', 'wage_b': Decimal('29700'), 'wage_a': Decimal('28000')}, {'design_a': 'Yes', 'design_b': 'No', 'wage_b': Decimal('13200'), 'wage_a': Decimal('11800')}, {'design_a': 'No', 'design_b': 'Yes', 'wage_b': Decimal('27900'), 'wage_a': Decimal('32400')}, {'design_a': 'No', 'design_b': 'Yes', 'wage_b': Decimal('27100'), 'wage_a': Decimal('30300')}, {'design_a': 'Yes', 'design_b': 'No', 'wage_b': Decimal('25600'), 'wage_a': Decimal('21800')}, {'design_a': 'Yes', 'design_b': 'No', 'wage_b': Decimal('16000'), 'wage_a': Decimal('13900')}, {'design_a': 'No', 'design_b': 'Yes', 'wage_b': Decimal('23500'), 'wage_a': Decimal('25600')}]",22000,0.148518804,0.166914649,5.272295726,3.132684942
1/6/25 6:31,a3ffe989-5d4a-4358-adb1-18377a4ac076,Hindi,Bhosari,46,Male,Informal,Automotive,,migrant,alone,Uttar Pradesh,Yes,Monthly,5,22000,"['1', '0', '0', '1', '1', '0', '0', '0', '1', '1']","[{'design_a': 'Yes', 'design_b': 'No', 'wage_b': Decimal('32600'), 'wage_a': Decimal('19800')}, {'design_a': 'No', 'design_b': 'Yes', 'wage_b': Decimal('19000'), 'wage_a': Decimal('26300')}, {'design_a': 'No', 'design_b': 'Yes', 'wage_b': Decimal('16200'), 'wage_a': Decimal('20200')}, {'design_a': 'Yes', 'design_b': 'No', 'wage_b': Decimal('24800'), 'wage_a': Decimal('20800')}, {'design_a': 'No', 'design_b': 'Yes', 'wage_b': Decimal('29800'), 'wage_a': Decimal('32700')}, {'design_a': 'No', 'design_b': 'Yes', 'wage_b': Decimal('16200'), 'wage_a': Decimal('19100')}, {'design_a': 'Yes', 'design_b': 'No', 'wage_b': Decimal('27600'), 'wage_a': Decimal('25200')}, {'design_a': 'No', 'design_b': 'Yes', 'wage_b': Decimal('27300'), 'wage_a': Decimal('31000')}, {'design_a': 'No', 'design_b': 'Yes', 'wage_b': Decimal('28100'), 'wage_a': Decimal('31500')}, {'design_a': 'Yes', 'design_b': 'No', 'wage_b': Decimal('21700'), 'wage_a': Decimal('19100')}]",22000,0.137165793,0.141399877,6.087704153,2.816348207
1/6/25 6:37,9320d6ef-24b3-4914-94d6-938008c59a28,Hindi,Bhosari,19,Male,Informal,Automotive,,migrant,alone,Uttar Pradesh,Partly,Monthly,6,19000,"['0', '0', '1', '0', '0', '1', '0', '1', '0', '1']","[{'design_a': 'No', 'design_b': 'Yes', 'wage_b': Decimal('13600'), 'wage_a': Decimal('20500')}, {'design_a': 'No', 'design_b': 'Yes', 'wage_b': Decimal('11700'), 'wage_a': Decimal('14800')}, {'design_a': 'Yes', 'design_b': 'No', 'wage_b': Decimal('20900'), 'wage_a': Decimal('16200')}, {'design_a': 'No', 'design_b': 'Yes', 'wage_b': Decimal('17900'), 'wage_a': Decimal('20200')}, {'design_a': 'Yes', 'design_b': 'No', 'wage_b': Decimal('27200'), 'wage_a': Decimal('25200')}, {'design_a': 'No', 'design_b': 'Yes', 'wage_b': Decimal('22800'), 'wage_a': Decimal('25700')}, {'design_a': 'No', 'design_b': 'Yes', 'wage_b': Decimal('17700'), 'wage_a': Decimal('20000')}, {'design_a': 'Yes', 'design_b': 'No', 'wage_b': Decimal('18400'), 'wage_a': Decimal('17000')}, {'design_a': 'No', 'design_b': 'Yes', 'wage_b': Decimal('20700'), 'wage_a': Decimal('22800')}, {'design_a': 'Yes', 'design_b': 'No', 'wage_b': Decimal('12700'), 'wage_a': Decimal('11500')}]",19000,0.112151728,0.147059899,5.753573276,2.914452966
1/6/25 7:06,06ec7e63-fe1c-453d-827c-2eeb1b84a5fd,Hindi,Bhosari,21,Male,Informal,Automotive,,local,,,Yes,Monthly,3,19000,"['1', '1', '0', '0', '1', '1', '1', '0', '1', '1']","[{'design_a': 'Yes', 'design_b': 'No', 'wage_b': Decimal('19100'), 'wage_a': Decimal('10300')}, {'design_a': 'No', 'design_b': 'Yes', 'wage_b': Decimal('18400'), 'wage_a': Decimal('26600')}, {'design_a': 'No', 'design_b': 'Yes', 'wage_b': Decimal('16700'), 'wage_a': Decimal('25700')}, {'design_a': 'No', 'design_b': 'Yes', 'wage_b': Decimal('16900'), 'wage_a': Decimal('24900')}, {'design_a': 'Yes', 'design_b': 'No', 'wage_b': Decimal('21500'), 'wage_a': Decimal('16800')}, {'design_a': 'No', 'design_b': 'Yes', 'wage_b': Decimal('21200'), 'wage_a': Decimal('25400')}, {'design_a': 'Yes', 'design_b': 'No', 'wage_b': Decimal('19700'), 'wage_a': Decimal('13900')}, {'design_a': 'Yes', 'design_b': 'No', 'wage_b': Decimal('17600'), 'wage_a': Decimal('15200')}, {'design_a': 'No', 'design_b': 'Yes', 'wage_b': Decimal('20200'), 'wage_a': Decimal('25000')}, {'design_a': 'Yes', 'design_b': 'No', 'wage_b': Decimal('19700'), 'wage_a': Decimal('13900')}]",19000,0.275165713,0.149522001,5.741722396,2.703581042
1/6/25 7:30,57e2eb1f-b0b9-41c2-8918-319225c6b73e,Hindi,Bhosari,25,Female,Informal,Automotive,,migrant,family,Karnataka,Yes,Monthly,3,9000,"['0', '1', '0', '0', '0', '1', '0', '0', '0', '1']","[{'design_a': 'No', 'design_b': 'Yes', 'wage_b': Decimal('7300'), 'wage_a': Decimal('12000')}, {'design_a': 'Yes', 'design_b': 'No', 'wage_b': Decimal('10000'), 'wage_a': Decimal('7500')}, {'design_a': 'No', 'design_b': 'Yes', 'wage_b': Decimal('9500'), 'wage_a': Decimal('11400')}, {'design_a': 'Yes', 'design_b': 'No', 'wage_b': Decimal('11700'), 'wage_a': Decimal('10000')}, {'design_a': 'No', 'design_b': 'Yes', 'wage_b': Decimal('9600'), 'wage_a': Decimal('11200')}, {'design_a': 'Yes', 'design_b': 'No', 'wage_b': Decimal('9300'), 'wage_a': Decimal('8400')}, {'design_a': 'No', 'design_b': 'Yes', 'wage_b': Decimal('6700'), 'wage_a': Decimal('7000')}, {'design_a': 'No', 'design_b': 'Yes', 'wage_b': Decimal('7000'), 'wage_a': Decimal('8100')}, {'design_a': 'No', 'design_b': 'Yes', 'wage_b': Decimal('9000'), 'wage_a': Decimal('9800')}, {'design_a': 'Yes', 'design_b': 'No', 'wage_b': Decimal('11400'), 'wage_a': Decimal('9000')}]",9000,0.083524308,0.12119318,6.097291808,2.763950128
1/8/25 3:14,e3f0b37b-5c3f-47c0-8081-739d41fcee40,Hindi,Saki Naka,30,Male,Informal,Construction,,migrant,alone,West Bengal,No,Daily,4,800,"['1', '0', '1', '0', '1', '0', '0', '1', '0', '0']","[{'design_a': 'Yes', 'design_b': 'No', 'wage_b': Decimal('1110'), 'wage_a': Decimal('690')}, {'design_a': 'No', 'design_b': 'Yes', 'wage_b': Decimal('465'), 'wage_a': Decimal('660')}, {'design_a': 'Yes', 'design_b': 'No', 'wage_b': Decimal('755'), 'wage_a': Decimal('605')}, {'design_a': 'Yes', 'design_b': 'No', 'wage_b': Decimal('800'), 'wage_a': Decimal('715')}, {'design_a': 'No', 'design_b': 'Yes', 'wage_b': Decimal('855'), 'wage_a': Decimal('1025')}, {'design_a': 'No', 'design_b': 'Yes', 'wage_b': Decimal('680'), 'wage_a': Decimal('925')}, {'design_a': 'Yes', 'design_b': 'No', 'wage_b': Decimal('1185'), 'wage_a': Decimal('960')}, {'design_a': 'No', 'design_b': 'Yes', 'wage_b': Decimal('850'), 'wage_a': Decimal('1020')}, {'design_a': 'Yes', 'design_b': 'No', 'wage_b': Decimal('1010'), 'wage_a': Decimal('755')}, {'design_a': 'No', 'design_b': 'Yes', 'wage_b': Decimal('515'), 'wage_a': Decimal('585')}]",800,0.303911563,0.193105471,4.565073332,2.900915618
1/8/25 3:33,c61f0986-787e-43de-a9b6-f3afd76c35ef,Hindi,Saki Naka,22,Male,Informal,Construction,,migrant,alone,Bihar,Yes,Daily,4,1200,"['1', '0', '0', '1', '0', '0', '1', '0', '1', '0']","[{'design_a': 'Yes', 'design_b': 'No', 'wage_b': Decimal('1490'), 'wage_a': Decimal('880')}, {'design_a': 'Yes', 'design_b': 'No', 'wage_b': Decimal('1440'), 'wage_a': Decimal('1105')}, {'design_a': 'No', 'design_b': 'Yes', 'wage_b': Decimal('1020'), 'wage_a': Decimal('1570')}, {'design_a': 'Yes', 'design_b': 'No', 'wage_b': Decimal('1540'), 'wage_a': Decimal('1075')}, {'design_a': 'Yes', 'design_b': 'No', 'wage_b': Decimal('1085'), 'wage_a': Decimal('800')}, {'design_a': 'No', 'design_b': 'Yes', 'wage_b': Decimal('1050'), 'wage_a': Decimal('1505')}, {'design_a': 'Yes', 'design_b': 'No', 'wage_b': Decimal('1455'), 'wage_a': Decimal('1050')}, {'design_a': 'No', 'design_b': 'Yes', 'wage_b': Decimal('740'), 'wage_a': Decimal('1020')}, {'design_a': 'Yes', 'design_b': 'No', 'wage_b': Decimal('1735'), 'wage_a': Decimal('1310')}, {'design_a': 'No', 'design_b': 'Yes', 'wage_b': Decimal('855'), 'wage_a': Decimal('1165')}]",1200,0.169449921,0.125417017,6.123124744,2.627210232
1/8/25 3:38,a1438de0-6bde-4c7d-bcfc-a5a089e76b42,Hindi,Saki Naka,30,Male,Informal,Other,Naka worker,migrant,alone,Bihar,No,Daily,3,700,"['0', '1', '1', '1', '0', '1', '1', '0', '0', '0']","[{'design_a': 'No', 'design_b': 'Yes', 'wage_b': Decimal('605'), 'wage_a': Decimal('955')}, {'design_a': 'Yes', 'design_b': 'No', 'wage_b': Decimal('765'), 'wage_a': Decimal('575')}, {'design_a': 'No', 'design_b': 'Yes', 'wage_b': Decimal('850'), 'wage_a': Decimal('1010')}, {'design_a': 'Yes', 'design_b': 'No', 'wage_b': Decimal('925'), 'wage_a': Decimal('655')}, {'design_a': 'No', 'design_b': 'Yes', 'wage_b': Decimal('790'), 'wage_a': Decimal('925')}, {'design_a': 'No', 'design_b': 'Yes', 'wage_b': Decimal('900'), 'wage_a': Decimal('1030')}, {'design_a': 'No', 'design_b': 'Yes', 'wage_b': Decimal('860'), 'wage_a': Decimal('1030')}, {'design_a': 'No', 'design_b': 'Yes', 'wage_b': Decimal('610'), 'wage_a': Decimal('760')}, {'design_a': 'No', 'design_b': 'Yes', 'wage_b': Decimal('790'), 'wage_a': Decimal('965')}, {'design_a': 'No', 'design_b': 'Yes', 'wage_b': Decimal('560'), 'wage_a': Decimal('670')}]",700,0.162730666,0.143841906,5.602615241,2.829358487
1/8/25 4:09,aa68afc5-192d-4bb2-b621-65dd00756ebe,Hindi,Saki Naka,28,Male,Informal,Other,Stylish ka kaam ,migrant,alone,Bihar,Yes,Daily,4,700,"['0', '0', '0', '0', '0', '0', '0', '1', '1', '0']","[{'design_a': 'No', 'design_b': 'Yes', 'wage_b': Decimal('505'), 'wage_a': Decimal('755')}, {'design_a': 'Yes', 'design_b': 'No', 'wage_b': Decimal('1040'), 'wage_a': Decimal('790')}, {'design_a': 'Yes', 'design_b': 'No', 'wage_b': Decimal('1035'), 'wage_a': Decimal('740')}, {'design_a': 'No', 'design_b': 'Yes', 'wage_b': Decimal('635'), 'wage_a': Decimal('955')}, {'design_a': 'No', 'design_b': 'Yes', 'wage_b': Decimal('470'), 'wage_a': Decimal('865')}, {'design_a': 'No', 'design_b': 'Yes', 'wage_b': Decimal('715'), 'wage_a': Decimal('1025')}, {'design_a': 'Yes', 'design_b': 'No', 'wage_b': Decimal('745'), 'wage_a': Decimal('485')}, {'design_a': 'No', 'design_b': 'Yes', 'wage_b': Decimal('715'), 'wage_a': Decimal('1010')}, {'design_a': 'No', 'design_b': 'Yes', 'wage_b': Decimal('450'), 'wage_a': Decimal('735')}, {'design_a': 'Yes', 'design_b': 'No', 'wage_b': Decimal('920'), 'wage_a': Decimal('570')}]",700,0.524574693,0.207359901,3.851645987,2.656348383
1/8/25 4:21,1bef0e50-8167-46e4-8fe9-5e490d250086,Hindi,Saki Naka,20,Male,Informal,Other,Part time work to student ,migrant,alone,Bihar,No,Daily,6,700,"['0', '0', '1', '0', '0', '0', '0', '0', '1', '1']","[{'design_a': 'No', 'design_b': 'Yes', 'wage_b': Decimal('480'), 'wage_a': Decimal('810')}, {'design_a': 'No', 'design_b': 'Yes', 'wage_b': Decimal('585'), 'wage_a': Decimal('755')}, {'design_a': 'Yes', 'design_b': 'No', 'wage_b': Decimal('930'), 'wage_a': Decimal('795')}, {'design_a': 'No', 'design_b': 'Yes', 'wage_b': Decimal('580'), 'wage_a': Decimal('640')}, {'design_a': 'Yes', 'design_b': 'No', 'wage_b': Decimal('600'), 'wage_a': Decimal('560')}, {'design_a': 'Yes', 'design_b': 'No', 'wage_b': Decimal('830'), 'wage_a': Decimal('760')}, {'design_a': 'No', 'design_b': 'Yes', 'wage_b': Decimal('360'), 'wage_a': Decimal('590')}, {'design_a': 'Yes', 'design_b': 'No', 'wage_b': Decimal('820'), 'wage_a': Decimal('745')}, {'design_a': 'Yes', 'design_b': 'No', 'wage_b': Decimal('1010'), 'wage_a': Decimal('905')}, {'design_a': 'No', 'design_b': 'Yes', 'wage_b': Decimal('465'), 'wage_a': Decimal('520')}]",700,0.185937278,0.165104037,5.590446379,2.864290608
1/8/25 4:34,a6d8f1c9-f242-4111-8d8d-f3b6cbaaa987,Hindi,Saki Naka,50,Male,Informal,Other,Tiles,migrant,family,Rajasthan,No,Daily,4,800,"['1', '1', '1', '1', '1', '0', '0', '0', '0', '1']","[{'design_a': 'Yes', 'design_b': 'No', 'wage_b': Decimal('1085'), 'wage_a': Decimal('705')}, {'design_a': 'Yes', 'design_b': 'No', 'wage_b': Decimal('1070'), 'wage_a': Decimal('790')}, {'design_a': 'Yes', 'design_b': 'No', 'wage_b': Decimal('1140'), 'wage_a': Decimal('975')}, {'design_a': 'Yes', 'design_b': 'No', 'wage_b': Decimal('745'), 'wage_a': Decimal('595')}, {'design_a': 'Yes', 'design_b': 'No', 'wage_b': Decimal('1175'), 'wage_a': Decimal('1065')}, {'design_a': 'Yes', 'design_b': 'No', 'wage_b': Decimal('970'), 'wage_a': Decimal('915')}, {'design_a': 'Yes', 'design_b': 'No', 'wage_b': Decimal('610'), 'wage_a': Decimal('560')}, {'design_a': 'Yes', 'design_b': 'No', 'wage_b': Decimal('855'), 'wage_a': Decimal('795')}, {'design_a': 'No', 'design_b': 'Yes', 'wage_b': Decimal('490'), 'wage_a': Decimal('565')}, {'design_a': 'No', 'design_b': 'Yes', 'wage_b': Decimal('415'), 'wage_a': Decimal('465')}]",800,0.173324114,0.156577735,5.717711404,2.842485171
1/8/25 4:59,9e69cfb0-6336-430c-ab8b-14eb7783640f,Hindi,Saki Naka,42,Male,Informal,Other,Loding and unloading ,migrant,alone,Bihar,No,Daily,5,800,"['0', '1', '1', '1', '0', '0', '0', '1', '0', '0']","[{'design_a': 'Yes', 'design_b': 'No', 'wage_b': Decimal('1190'), 'wage_a': Decimal('730')}, {'design_a': 'Yes', 'design_b': 'No', 'wage_b': Decimal('925'), 'wage_a': Decimal('435')}, {'design_a': 'Yes', 'design_b': 'No', 'wage_b': Decimal('1065'), 'wage_a': Decimal('535')}, {'design_a': 'No', 'design_b': 'Yes', 'wage_b': Decimal('710'), 'wage_a': Decimal('1185')}, {'design_a': 'No', 'design_b': 'Yes', 'wage_b': Decimal('485'), 'wage_a': Decimal('885')}, {'design_a': 'No', 'design_b': 'Yes', 'wage_b': Decimal('475'), 'wage_a': Decimal('715')}, {'design_a': 'Yes', 'design_b': 'No', 'wage_b': Decimal('1170'), 'wage_a': Decimal('760')}, {'design_a': 'Yes', 'design_b': 'No', 'wage_b': Decimal('1030'), 'wage_a': Decimal('560')}, {'design_a': 'Yes', 'design_b': 'No', 'wage_b': Decimal('1185'), 'wage_a': Decimal('800')}, {'design_a': 'No', 'design_b': 'Yes', 'wage_b': Decimal('485'), 'wage_a': Decimal('745')}]",800,0.432790268,0.176246056,4.864788197,2.820250247
1/20/25 3:27,ead576f6-1c3c-4bf4-8260-889a6d3bf94c,Hindi,Saki Naka,32,Male,Informal,Other,Painting ,migrant,alone,Uttar Pradesh,No,Daily,10,700,"['1', '1', '1', '1', '1', '1', '1', '1', '1', '0']","[{'design_a': 'Yes', 'design_b': 'No', 'wage_b': Decimal('765'), 'wage_a': Decimal('465')}, {'design_a': 'Yes', 'design_b': 'No', 'wage_b': Decimal('520'), 'wage_a': Decimal('390')}, {'design_a': 'Yes', 'design_b': 'No', 'wage_b': Decimal('720'), 'wage_a': Decimal('445')}, {'design_a': 'No', 'design_b': 'Yes', 'wage_b': Decimal('515'), 'wage_a': Decimal('635')}, {'design_a': 'No', 'design_b': 'Yes', 'wage_b': Decimal('530'), 'wage_a': Decimal('680')}, {'design_a': 'Yes', 'design_b': 'No', 'wage_b': Decimal('795'), 'wage_a': Decimal('595')}, {'design_a': 'Yes', 'design_b': 'No', 'wage_b': Decimal('905'), 'wage_a': Decimal('605')}, {'design_a': 'Yes', 'design_b': 'No', 'wage_b': Decimal('635'), 'wage_a': Decimal('480')}, {'design_a': 'No', 'design_b': 'Yes', 'wage_b': Decimal('475'), 'wage_a': Decimal('590')}, {'design_a': 'No', 'design_b': 'Yes', 'wage_b': Decimal('640'), 'wage_a': Decimal('845')}]",700,0.202411904,0.13463988,5.972290568,2.690643146
1/20/25 3:42,94878db0-8706-4d15-879f-3101021de9d5,Hindi,Saki Naka,32,Male,Informal,Other,Daily wages nakha workers ,migrant,family,Uttar Pradesh,No,Daily,10,1000,"['1', '0', '0', '1', '1', '0', '1', '1', '0', '1']","[{'design_a': 'No', 'design_b': 'Yes', 'wage_b': Decimal('835'), 'wage_a': Decimal('1335')}, {'design_a': 'Yes', 'design_b': 'No', 'wage_b': Decimal('1495'), 'wage_a': Decimal('875')}, {'design_a': 'No', 'design_b': 'Yes', 'wage_b': Decimal('530'), 'wage_a': Decimal('1090')}, {'design_a': 'Yes', 'design_b': 'No', 'wage_b': Decimal('1010'), 'wage_a': Decimal('650')}, {'design_a': 'Yes', 'design_b': 'No', 'wage_b': Decimal('1295'), 'wage_a': Decimal('665')}, {'design_a': 'Yes', 'design_b': 'No', 'wage_b': Decimal('1425'), 'wage_a': Decimal('940')}, {'design_a': 'Yes', 'design_b': 'No', 'wage_b': Decimal('1065'), 'wage_a': Decimal('590')}, {'design_a': 'Yes', 'design_b': 'No', 'wage_b': Decimal('1010'), 'wage_a': Decimal('705')}, {'design_a': 'Yes', 'design_b': 'No', 'wage_b': Decimal('1070'), 'wage_a': Decimal('730')}, {'design_a': 'Yes', 'design_b': 'No', 'wage_b': Decimal('960'), 'wage_a': Decimal('545')}]",1000,0.425024948,0.18385155,4.545847416,2.834015603
1/20/25 3:44,1a1f04bc-a190-47bd-90a3-e50daa834633,Hindi,Saki Naka,35,Male,Informal,Construction,,migrant,alone,Uttar Pradesh,No,Daily,5,700,"['1', '0', '0', '1', '0', '0', '1', '0', '0', '1']","[{'design_a': 'Yes', 'design_b': 'No', 'wage_b': Decimal('960'), 'wage_a': Decimal('515')}, {'design_a': 'No', 'design_b': 'Yes', 'wage_b': Decimal('550'), 'wage_a': Decimal('730')}, {'design_a': 'Yes', 'design_b': 'No', 'wage_b': Decimal('1030'), 'wage_a': Decimal('895')}, {'design_a': 'No', 'design_b': 'Yes', 'wage_b': Decimal('665'), 'wage_a': Decimal('880')}, {'design_a': 'No', 'design_b': 'Yes', 'wage_b': Decimal('525'), 'wage_a': Decimal('765')}, {'design_a': 'Yes', 'design_b': 'No', 'wage_b': Decimal('915'), 'wage_a': Decimal('735')}, {'design_a': 'Yes', 'design_b': 'No', 'wage_b': Decimal('495'), 'wage_a': Decimal('370')}, {'design_a': 'Yes', 'design_b': 'No', 'wage_b': Decimal('695'), 'wage_a': Decimal('530')}, {'design_a': 'Yes', 'design_b': 'No', 'wage_b': Decimal('1015'), 'wage_a': Decimal('755')}, {'design_a': 'Yes', 'design_b': 'No', 'wage_b': Decimal('860'), 'wage_a': Decimal('505')}]",700,0.352957825,0.165823543,5.547752239,2.816102587
1/20/25 3:59,ab105316-d5cd-4777-9974-7340e54f5d7d,Hindi,Saki Naka,19,Male,Informal,Construction,,migrant,alone,Uttar Pradesh,No,Daily,700,700,"['0', '1', '0', '1', '0', '1', '1', '0', '1', '0']","[{'design_a': 'No', 'design_b': 'Yes', 'wage_b': Decimal('435'), 'wage_a': Decimal('690')}, {'design_a': 'Yes', 'design_b': 'No', 'wage_b': Decimal('1045'), 'wage_a': Decimal('720')}, {'design_a': 'No', 'design_b': 'Yes', 'wage_b': Decimal('575'), 'wage_a': Decimal('720')}, {'design_a': 'Yes', 'design_b': 'No', 'wage_b': Decimal('520'), 'wage_a': Decimal('475')}, {'design_a': 'Yes', 'design_b': 'No', 'wage_b': Decimal('865'), 'wage_a': Decimal('800')}, {'design_a': 'No', 'design_b': 'Yes', 'wage_b': Decimal('960'), 'wage_a': Decimal('1045')}, {'design_a': 'Yes', 'design_b': 'No', 'wage_b': Decimal('955'), 'wage_a': Decimal('845')}, {'design_a': 'No', 'design_b': 'Yes', 'wage_b': Decimal('725'), 'wage_a': Decimal('830')}, {'design_a': 'No', 'design_b': 'Yes', 'wage_b': Decimal('960'), 'wage_a': Decimal('1050')}, {'design_a': 'No', 'design_b': 'Yes', 'wage_b': Decimal('910'), 'wage_a': Decimal('1030')}]",700,0.137241431,0.149273003,5.614962917,2.854291706
1/20/25 4:03,d9b94156-beb5-4a7f-b2ad-da7a7c07cab8,Hindi,Saki Naka,24,Male,Informal,Other,Daily wages nakha workers ,migrant,alone,Uttar Pradesh,No,Daily,7,700,"['0', '1', '1', '1', '0', '0', '1', '0', '1', '1']","[{'design_a': 'No', 'design_b': 'Yes', 'wage_b': Decimal('650'), 'wage_a': Decimal('1020')}, {'design_a': 'Yes', 'design_b': 'No', 'wage_b': Decimal('865'), 'wage_a': Decimal('715')}, {'design_a': 'Yes', 'design_b': 'No', 'wage_b': Decimal('905'), 'wage_a': Decimal('745')}, {'design_a': 'No', 'design_b': 'Yes', 'wage_b': Decimal('735'), 'wage_a': Decimal('775')}, {'design_a': 'Yes', 'design_b': 'No', 'wage_b': Decimal('1005'), 'wage_a': Decimal('900')}, {'design_a': 'Yes', 'design_b': 'No', 'wage_b': Decimal('815'), 'wage_a': Decimal('660')}, {'design_a': 'Yes', 'design_b': 'No', 'wage_b': Decimal('670'), 'wage_a': Decimal('560')}, {'design_a': 'No', 'design_b': 'Yes', 'wage_b': Decimal('350'), 'wage_a': Decimal('405')}, {'design_a': 'No', 'design_b': 'Yes', 'wage_b': Decimal('845'), 'wage_a': Decimal('960')}, {'design_a': 'No', 'design_b': 'Yes', 'wage_b': Decimal('875'), 'wage_a': Decimal('1040')}]",700,0.266483917,0.201452791,4.62619014,2.87776727
1/20/25 4:20,e76751c8-5448-4fee-b8a2-d3d6d33f610d,Hindi,Saki Naka,27,Male,Informal,Other,Painting daily wages nakha ,migrant,family,Uttar Pradesh,No,Daily,5,40,"['1', '0', '1', '1', '0', '0', '0', '1', '0', '1']","[{'design_a': 'No', 'design_b': 'Yes', 'wage_b': Decimal('25'), 'wage_a': Decimal('40')}, {'design_a': 'No', 'design_b': 'Yes', 'wage_b': Decimal('20'), 'wage_a': Decimal('40')}, {'design_a': 'Yes', 'design_b': 'No', 'wage_b': Decimal('35'), 'wage_a': Decimal('20')}, {'design_a': 'Yes', 'design_b': 'No', 'wage_b': Decimal('30'), 'wage_a': Decimal('20')}, {'design_a': 'No', 'design_b': 'Yes', 'wage_b': Decimal('45'), 'wage_a': Decimal('60')}, {'design_a': 'No', 'design_b': 'Yes', 'wage_b': Decimal('55'), 'wage_a': Decimal('60')}, {'design_a': 'Yes', 'design_b': 'No', 'wage_b': Decimal('60'), 'wage_a': Decimal('55')}, {'design_a': 'Yes', 'design_b': 'No', 'wage_b': Decimal('35'), 'wage_a': Decimal('30')}, {'design_a': 'No', 'design_b': 'Yes', 'wage_b': Decimal('45'), 'wage_a': Decimal('55')}, {'design_a': 'Yes', 'design_b': 'No', 'wage_b': Decimal('30'), 'wage_a': Decimal('25')}]",40,0.168528173,0.175922641,4.286183627,2.58845664
1/20/25 4:21,4aec9c3e-00c1-4cbd-83cb-66594cede398,Hindi,Saki Naka,20,Male,Informal,Other,Painting,migrant,alone,Uttar Pradesh,No,Daily,8,1000,"['1', '0', '0', '0', '1', '0', '1', '0', '0', '1']","[{'design_a': 'Yes', 'design_b': 'No', 'wage_b': Decimal('1155'), 'wage_a': Decimal('715')}, {'design_a': 'Yes', 'design_b': 'No', 'wage_b': Decimal('1500'), 'wage_a': Decimal('1100')}, {'design_a': 'No', 'design_b': 'Yes', 'wage_b': Decimal('590'), 'wage_a': Decimal('1015')}, {'design_a': 'Yes', 'design_b': 'No', 'wage_b': Decimal('815'), 'wage_a': Decimal('550')}, {'design_a': 'No', 'design_b': 'Yes', 'wage_b': Decimal('795'), 'wage_a': Decimal('1225')}, {'design_a': 'Yes', 'design_b': 'No', 'wage_b': Decimal('1075'), 'wage_a': Decimal('610')}, {'design_a': 'Yes', 'design_b': 'No', 'wage_b': Decimal('965'), 'wage_a': Decimal('540')}, {'design_a': 'Yes', 'design_b': 'No', 'wage_b': Decimal('1380'), 'wage_a': Decimal('880')}, {'design_a': 'Yes', 'design_b': 'No', 'wage_b': Decimal('1025'), 'wage_a': Decimal('600')}, {'design_a': 'No', 'design_b': 'Yes', 'wage_b': Decimal('760'), 'wage_a': Decimal('1375')}]",1000,0.657264345,0.177091524,4.628739428,2.766836311
1/20/25 4:28,5326ca2a-2dd2-48c6-8681-8ea44b1bef90,Hindi,Saki Naka,40,Male,Informal,Other,Loding workers ,migrant,alone,Uttar Pradesh,No,Daily,5,600,"['1', '1', '1', '1', '1', '1', '0', '0', '0', '1']","[{'design_a': 'Yes', 'design_b': 'No', 'wage_b': Decimal('770'), 'wage_a': Decimal('510')}, {'design_a': 'No', 'design_b': 'Yes', 'wage_b': Decimal('705'), 'wage_a': Decimal('860')}, {'design_a': 'Yes', 'design_b': 'No', 'wage_b': Decimal('725'), 'wage_a': Decimal('510')}, {'design_a': 'Yes', 'design_b': 'No', 'wage_b': Decimal('540'), 'wage_a': Decimal('375')}, {'design_a': 'No', 'design_b': 'Yes', 'wage_b': Decimal('640'), 'wage_a': Decimal('890')}, {'design_a': 'No', 'design_b': 'Yes', 'wage_b': Decimal('635'), 'wage_a': Decimal('890')}, {'design_a': 'No', 'design_b': 'Yes', 'wage_b': Decimal('340'), 'wage_a': Decimal('480')}, {'design_a': 'Yes', 'design_b': 'No', 'wage_b': Decimal('805'), 'wage_a': Decimal('600')}, {'design_a': 'No', 'design_b': 'Yes', 'wage_b': Decimal('375'), 'wage_a': Decimal('525')}, {'design_a': 'Yes', 'design_b': 'No', 'wage_b': Decimal('450'), 'wage_a': Decimal('325')}]",600,0.297876633,0.177095573,4.729392469,2.869106779
1/29/25 5:26,4e34d140-453a-459a-9497-9178bc075cad,English,Savli,50,Male,Informal,Other, Truck Driver ,local,,,Yes,Daily,4,500,"['0', '0', '1', '1', '0', '1', '0', '0', '1', '1']","[{'design_a': 'Yes', 'design_b': 'No', 'wage_b': Decimal('595'), 'wage_a': Decimal('330')}, {'design_a': 'Yes', 'design_b': 'No', 'wage_b': Decimal('680'), 'wage_a': Decimal('330')}, {'design_a': 'No', 'design_b': 'Yes', 'wage_b': Decimal('370'), 'wage_a': Decimal('725')}, {'design_a': 'No', 'design_b': 'Yes', 'wage_b': Decimal('265'), 'wage_a': Decimal('520')}, {'design_a': 'Yes', 'design_b': 'No', 'wage_b': Decimal('665'), 'wage_a': Decimal('285')}, {'design_a': 'No', 'design_b': 'Yes', 'wage_b': Decimal('325'), 'wage_a': Decimal('685')}, {'design_a': 'Yes', 'design_b': 'No', 'wage_b': Decimal('720'), 'wage_a': Decimal('315')}, {'design_a': 'Yes', 'design_b': 'No', 'wage_b': Decimal('650'), 'wage_a': Decimal('360')}, {'design_a': 'No', 'design_b': 'Yes', 'wage_b': Decimal('260'), 'wage_a': Decimal('630')}, {'design_a': 'No', 'design_b': 'Yes', 'wage_b': Decimal('320'), 'wage_a': Decimal('710')}]",500,0.938343371,0.062323295,7.510872004,2.011051154
1/29/25 5:30,29877734-c76d-4fe2-9d02-4d90f026dfe8,Hindi,Vatva,33,Male,Formal,Chemical,,migrant,family,Uttar Pradesh,Yes,Monthly,4,17000,"['1', '1', '1', '1', '0', '0', '1', '0', '1', '0']","[{'design_a': 'Yes', 'design_b': 'No', 'wage_b': Decimal('23300'), 'wage_a': Decimal('14800')}, {'design_a': 'Yes', 'design_b': 'No', 'wage_b': Decimal('21300'), 'wage_a': Decimal('16200')}, {'design_a': 'Yes', 'design_b': 'No', 'wage_b': Decimal('20200'), 'wage_a': Decimal('16000')}, {'design_a': 'Yes', 'design_b': 'No', 'wage_b': Decimal('12700'), 'wage_a': Decimal('11600')}, {'design_a': 'No', 'design_b': 'Yes', 'wage_b': Decimal('22000'), 'wage_a': Decimal('23300')}, {'design_a': 'Yes', 'design_b': 'No', 'wage_b': Decimal('17900'), 'wage_a': Decimal('17500')}, {'design_a': 'Yes', 'design_b': 'No', 'wage_b': Decimal('14700'), 'wage_a': Decimal('13600')}, {'design_a': 'No', 'design_b': 'Yes', 'wage_b': Decimal('10600'), 'wage_a': Decimal('11900')}, {'design_a': 'Yes', 'design_b': 'No', 'wage_b': Decimal('19800'), 'wage_a': Decimal('18700')}, {'design_a': 'Yes', 'design_b': 'No', 'wage_b': Decimal('11700'), 'wage_a': Decimal('11500')}]",17000,0.094791071,0.129548337,5.968614986,2.868478363
1/29/25 5:36,748675f9-1623-447e-ae56-a55bafe237b1,English,Savli,36,Male,Informal,Other,Truck Dirver,migrant,alone,Uttar Pradesh,Yes,Monthly,6,15000,"['1', '1', '0', '0', '1', '0', '1', '1', '0', '0']","[{'design_a': 'Yes', 'design_b': 'No', 'wage_b': Decimal('22100'), 'wage_a': Decimal('13500')}, {'design_a': 'No', 'design_b': 'Yes', 'wage_b': Decimal('15000'), 'wage_a': Decimal('20100')}, {'design_a': 'Yes', 'design_b': 'No', 'wage_b': Decimal('22000'), 'wage_a': Decimal('11800')}, {'design_a': 'No', 'design_b': 'Yes', 'wage_b': Decimal('8300'), 'wage_a': Decimal('14300')}, {'design_a': 'No', 'design_b': 'Yes', 'wage_b': Decimal('13600'), 'wage_a': Decimal('19800')}, {'design_a': 'Yes', 'design_b': 'No', 'wage_b': Decimal('20000'), 'wage_a': Decimal('12800')}, {'design_a': 'Yes', 'design_b': 'No', 'wage_b': Decimal('18300'), 'wage_a': Decimal('9500')}, {'design_a': 'Yes', 'design_b': 'No', 'wage_b': Decimal('17000'), 'wage_a': Decimal('10200')}, {'design_a': 'Yes', 'design_b': 'No', 'wage_b': Decimal('20900'), 'wage_a': Decimal('11200')}, {'design_a': 'No', 'design_b': 'Yes', 'wage_b': Decimal('9800'), 'wage_a': Decimal('17900')}]",15000,0.512745471,0.203124427,4.089751773,2.752808085
1/29/25 5:37,357fa334-4331-4a11-9eda-fcaff67ff303,English,Savli,20,Male,Informal,Other,Truck Driver ,migrant,alone,Uttar Pradesh,No,Monthly,8,15000,"['1', '1', '1', '1', '1', '1', '0', '1', '1', '0']","[{'design_a': 'No', 'design_b': 'Yes', 'wage_b': Decimal('12900'), 'wage_a': Decimal('22200')}, {'design_a': 'Yes', 'design_b': 'No', 'wage_b': Decimal('18500'), 'wage_a': Decimal('11800')}, {'design_a': 'Yes', 'design_b': 'No', 'wage_b': Decimal('21400'), 'wage_a': Decimal('12600')}, {'design_a': 'Yes', 'design_b': 'No', 'wage_b': Decimal('18300'), 'wage_a': Decimal('12100')}, {'design_a': 'No', 'design_b': 'Yes', 'wage_b': Decimal('10200'), 'wage_a': Decimal('12900')}, {'design_a': 'No', 'design_b': 'Yes', 'wage_b': Decimal('16000'), 'wage_a': Decimal('21900')}, {'design_a': 'No', 'design_b': 'Yes', 'wage_b': Decimal('9100'), 'wage_a': Decimal('15500')}, {'design_a': 'Yes', 'design_b': 'No', 'wage_b': Decimal('18300'), 'wage_a': Decimal('10900')}, {'design_a': 'Yes', 'design_b': 'No', 'wage_b': Decimal('22300'), 'wage_a': Decimal('15600')}, {'design_a': 'No', 'design_b': 'Yes', 'wage_b': Decimal('14700'), 'wage_a': Decimal('20800')}]",15000,0.279474747,0.162284476,4.855884001,2.723295147
1/29/25 5:47,60f87722-4dbf-4cf1-91a4-251761ad2744,English,Savli,35,Male,Informal,Other,Tycoon boiler industry ,local,,,Yes,Monthly,3,15000,"['1', '0', '0', '0', '0', '0', '0', '0', '1', '1']","[{'design_a': 'No', 'design_b': 'Yes', 'wage_b': Decimal('11300'), 'wage_a': Decimal('19200')}, {'design_a': 'No', 'design_b': 'Yes', 'wage_b': Decimal('13000'), 'wage_a': Decimal('21700')}, {'design_a': 'No', 'design_b': 'Yes', 'wage_b': Decimal('12700'), 'wage_a': Decimal('20500')}, {'design_a': 'No', 'design_b': 'Yes', 'wage_b': Decimal('13100'), 'wage_a': Decimal('18300')}, {'design_a': 'No', 'design_b': 'Yes', 'wage_b': Decimal('12900'), 'wage_a': Decimal('18400')}, {'design_a': 'Yes', 'design_b': 'No', 'wage_b': Decimal('17700'), 'wage_a': Decimal('14200')}, {'design_a': 'Yes', 'design_b': 'No', 'wage_b': Decimal('21900'), 'wage_a': Decimal('16900')}, {'design_a': 'No', 'design_b': 'Yes', 'wage_b': Decimal('7900'), 'wage_a': Decimal('11600')}, {'design_a': 'Yes', 'design_b': 'No', 'wage_b': Decimal('13800'), 'wage_a': Decimal('10300')}, {'design_a': 'Yes', 'design_b': 'No', 'wage_b': Decimal('11200'), 'wage_a': Decimal('8400')}]",15000,0.247575365,0.177636162,4.184338817,2.660955773
1/29/25 5:49,43a1b65d-76b0-4761-b9ca-16133a5a3e6f,English,Savli,46,Male,Informal,Steel + Cement,,migrant,alone,Bihar,Yes,Monthly,6,20000,"['0', '0', '1', '0', '1', '1', '0', '1', '1', '0']","[{'design_a': 'No', 'design_b': 'Yes', 'wage_b': Decimal('10000'), 'wage_a': Decimal('19700')}, {'design_a': 'No', 'design_b': 'Yes', 'wage_b': Decimal('13800'), 'wage_a': Decimal('19400')}, {'design_a': 'No', 'design_b': 'Yes', 'wage_b': Decimal('20900'), 'wage_a': Decimal('26500')}, {'design_a': 'Yes', 'design_b': 'No', 'wage_b': Decimal('25700'), 'wage_a': Decimal('19300')}, {'design_a': 'Yes', 'design_b': 'No', 'wage_b': Decimal('20600'), 'wage_a': Decimal('14200')}, {'design_a': 'No', 'design_b': 'Yes', 'wage_b': Decimal('19000'), 'wage_a': Decimal('28100')}, {'design_a': 'No', 'design_b': 'Yes', 'wage_b': Decimal('11000'), 'wage_a': Decimal('17400')}, {'design_a': 'Yes', 'design_b': 'No', 'wage_b': Decimal('22600'), 'wage_a': Decimal('16200')}, {'design_a': 'No', 'design_b': 'Yes', 'wage_b': Decimal('20100'), 'wage_a': Decimal('22700')}, {'design_a': 'No', 'design_b': 'Yes', 'wage_b': Decimal('11200'), 'wage_a': Decimal('15400')}]",20000,0.292980322,0.164345836,5.403196711,2.815922076
1/29/25 6:02,1d5319ff-e3f6-4269-b9b7-418fc02c19e1,English,Savli,24,Male,Informal,Other,Valided,local,,,No,Monthly,7,15000,"['1', '1', '1', '0', '1', '0', '1', '0', '0', '1']","[{'design_a': 'Yes', 'design_b': 'No', 'wage_b': Decimal('20700'), 'wage_a': Decimal('13500')}, {'design_a': 'Yes', 'design_b': 'No', 'wage_b': Decimal('15500'), 'wage_a': Decimal('11700')}, {'design_a': 'Yes', 'design_b': 'No', 'wage_b': Decimal('20200'), 'wage_a': Decimal('18000')}, {'design_a': 'Yes', 'design_b': 'No', 'wage_b': Decimal('12900'), 'wage_a': Decimal('11800')}, {'design_a': 'No', 'design_b': 'Yes', 'wage_b': Decimal('13800'), 'wage_a': Decimal('15400')}, {'design_a': 'No', 'design_b': 'Yes', 'wage_b': Decimal('16800'), 'wage_a': Decimal('19800')}, {'design_a': 'Yes', 'design_b': 'No', 'wage_b': Decimal('19200'), 'wage_a': Decimal('16200')}, {'design_a': 'No', 'design_b': 'Yes', 'wage_b': Decimal('18800'), 'wage_a': Decimal('21500')}, {'design_a': 'No', 'design_b': 'Yes', 'wage_b': Decimal('15800'), 'wage_a': Decimal('17600')}, {'design_a': 'No', 'design_b': 'Yes', 'wage_b': Decimal('17600'), 'wage_a': Decimal('18600')}]",15000,0.133814262,0.146128632,5.704120753,2.884390462
1/29/25 6:02,97256986-0145-48fd-8914-7402045b2b94,English,Savli,30,Male,Informal,Steel + Cement,,local,,,No,Monthly,2,10000,"['1', '0', '1', '1', '1', '0', '1', '0', '0', '0']","[{'design_a': 'Yes', 'design_b': 'No', 'wage_b': Decimal('13200'), 'wage_a': Decimal('8200')}, {'design_a': 'No', 'design_b': 'Yes', 'wage_b': Decimal('6300'), 'wage_a': Decimal('8400')}, {'design_a': 'No', 'design_b': 'Yes', 'wage_b': Decimal('10800'), 'wage_a': Decimal('13000')}, {'design_a': 'Yes', 'design_b': 'No', 'wage_b': Decimal('7900'), 'wage_a': Decimal('6400')}, {'design_a': 'Yes', 'design_b': 'No', 'wage_b': Decimal('8400'), 'wage_a': Decimal('6900')}, {'design_a': 'No', 'design_b': 'Yes', 'wage_b': Decimal('5500'), 'wage_a': Decimal('6300')}, {'design_a': 'Yes', 'design_b': 'No', 'wage_b': Decimal('7300'), 'wage_a': Decimal('6300')}, {'design_a': 'No', 'design_b': 'Yes', 'wage_b': Decimal('13500'), 'wage_a': Decimal('15000')}, {'design_a': 'Yes', 'design_b': 'No', 'wage_b': Decimal('14800'), 'wage_a': Decimal('14700')}, {'design_a': 'No', 'design_b': 'Yes', 'wage_b': Decimal('11100'), 'wage_a': Decimal('14700')}]",10000,0.104173826,0.123916823,6.274918917,2.712001643
1/29/25 6:10,ba80521f-0a85-4cb1-9598-b2897c0d9ec7,English,Savli,28,Male,Formal,Steel + Cement,,migrant,family,Uttar Pradesh,Yes,Monthly,2,30000,"['1', '1', '1', '1', '0', '0', '0', '1', '0', '0']","[{'design_a': 'No', 'design_b': 'Yes', 'wage_b': Decimal('27100'), 'wage_a': Decimal('39900')}, {'design_a': 'Yes', 'design_b': 'No', 'wage_b': Decimal('32900'), 'wage_a': Decimal('17000')}, {'design_a': 'Yes', 'design_b': 'No', 'wage_b': Decimal('34100'), 'wage_a': Decimal('23900')}, {'design_a': 'Yes', 'design_b': 'No', 'wage_b': Decimal('39900'), 'wage_a': Decimal('25900')}, {'design_a': 'No', 'design_b': 'Yes', 'wage_b': Decimal('19800'), 'wage_a': Decimal('24300')}, {'design_a': 'Yes', 'design_b': 'No', 'wage_b': Decimal('35500'), 'wage_a': Decimal('29800')}, {'design_a': 'No', 'design_b': 'Yes', 'wage_b': Decimal('20500'), 'wage_a': Decimal('25400')}, {'design_a': 'No', 'design_b': 'Yes', 'wage_b': Decimal('36700'), 'wage_a': Decimal('42900')}, {'design_a': 'No', 'design_b': 'Yes', 'wage_b': Decimal('22100'), 'wage_a': Decimal('27700')}, {'design_a': 'Yes', 'design_b': 'No', 'wage_b': Decimal('42100'), 'wage_a': Decimal('34900')}]",30000,0.256474424,0.173213141,4.673104812,2.727184577
1/29/25 6:25,fa22dd57-9ae9-4db6-ac57-b3a579a17652,English,Savli,20,Male,Formal,Automotive,,migrant,alone,Bihar,Yes,Monthly,5,18000,"['1', '0', '1', '0', '0', '0', '0', '0', '1', '0']","[{'design_a': 'Yes', 'design_b': 'No', 'wage_b': Decimal('19900'), 'wage_a': Decimal('11300')}, {'design_a': 'No', 'design_b': 'Yes', 'wage_b': Decimal('13400'), 'wage_a': Decimal('18400')}, {'design_a': 'No', 'design_b': 'Yes', 'wage_b': Decimal('22900'), 'wage_a': Decimal('25500')}, {'design_a': 'No', 'design_b': 'Yes', 'wage_b': Decimal('10100'), 'wage_a': Decimal('13100')}, {'design_a': 'No', 'design_b': 'Yes', 'wage_b': Decimal('19700'), 'wage_a': Decimal('24400')}, {'design_a': 'Yes', 'design_b': 'No', 'wage_b': Decimal('22200'), 'wage_a': Decimal('20500')}, {'design_a': 'No', 'design_b': 'Yes', 'wage_b': Decimal('13600'), 'wage_a': Decimal('18200')}, {'design_a': 'No', 'design_b': 'Yes', 'wage_b': Decimal('10100'), 'wage_a': Decimal('12600')}, {'design_a': 'Yes', 'design_b': 'No', 'wage_b': Decimal('25300'), 'wage_a': Decimal('21600')}, {'design_a': 'No', 'design_b': 'Yes', 'wage_b': Decimal('19900'), 'wage_a': Decimal('20500')}]",18000,0.106654998,0.116313827,6.339845307,2.600694039
1/29/25 6:29,118116a3-b1d1-42e3-a7bd-692ed4596ca8,English,Savli,27,Male,Formal,Chemical,,local,,,Yes,Monthly,5,20000,"['1', '0', '1', '1', '0', '0', '1', '1', '1', '0']","[{'design_a': 'No', 'design_b': 'Yes', 'wage_b': Decimal('18200'), 'wage_a': Decimal('27400')}, {'design_a': 'No', 'design_b': 'Yes', 'wage_b': Decimal('12800'), 'wage_a': Decimal('24700')}, {'design_a': 'Yes', 'design_b': 'No', 'wage_b': Decimal('16900'), 'wage_a': Decimal('10000')}, {'design_a': 'Yes', 'design_b': 'No', 'wage_b': Decimal('18300'), 'wage_a': Decimal('11600')}, {'design_a': 'Yes', 'design_b': 'No', 'wage_b': Decimal('27400'), 'wage_a': Decimal('21800')}, {'design_a': 'No', 'design_b': 'Yes', 'wage_b': Decimal('14900'), 'wage_a': Decimal('22300')}, {'design_a': 'No', 'design_b': 'Yes', 'wage_b': Decimal('18200'), 'wage_a': Decimal('26200')}, {'design_a': 'Yes', 'design_b': 'No', 'wage_b': Decimal('21700'), 'wage_a': Decimal('14000')}, {'design_a': 'No', 'design_b': 'Yes', 'wage_b': Decimal('19100'), 'wage_a': Decimal('28000')}, {'design_a': 'No', 'design_b': 'Yes', 'wage_b': Decimal('17900'), 'wage_a': Decimal('25500')}]",20000,0.356259272,0.164120378,5.18929489,2.854824555
1/29/25 6:45,fc5e0791-82cc-41bd-90f2-433361ddd873,English,Savli,30,Male,Informal,Other,Panchal industries ,local,,,No,Monthly,6,30000,"['0', '0', '0', '0', '1', '0', '1', '0', '1', '0']","[{'design_a': 'No', 'design_b': 'Yes', 'wage_b': Decimal('17600'), 'wage_a': Decimal('29500')}, {'design_a': 'Yes', 'design_b': 'No', 'wage_b': Decimal('39700'), 'wage_a': Decimal('30700')}, {'design_a': 'Yes', 'design_b': 'No', 'wage_b': Decimal('28400'), 'wage_a': Decimal('18500')}, {'design_a': 'Yes', 'design_b': 'No', 'wage_b': Decimal('34200'), 'wage_a': Decimal('17800')}, {'design_a': 'No', 'design_b': 'Yes', 'wage_b': Decimal('16500'), 'wage_a': Decimal('36500')}, {'design_a': 'Yes', 'design_b': 'No', 'wage_b': Decimal('44100'), 'wage_a': Decimal('19200')}, {'design_a': 'No', 'design_b': 'Yes', 'wage_b': Decimal('18100'), 'wage_a': Decimal('23500')}, {'design_a': 'No', 'design_b': 'Yes', 'wage_b': Decimal('27200'), 'wage_a': Decimal('42900')}, {'design_a': 'Yes', 'design_b': 'No', 'wage_b': Decimal('41500'), 'wage_a': Decimal('21400')}, {'design_a': 'No', 'design_b': 'Yes', 'wage_b': Decimal('16300'), 'wage_a': Decimal('35200')}]",30000,0.620318882,0.22459134,2.702296042,2.095480172
1/29/25 6:46,dcc12e34-b50e-4e11-ae07-880704ec6924,English,Savli,21,Male,Formal,Steel + Cement,,local,,,Yes,Monthly,6,12000,"['0', '1', '1', '1', '1', '0', '0', '1', '1', '0']","[{'design_a': 'Yes', 'design_b': 'No', 'wage_b': Decimal('13500'), 'wage_a': Decimal('7900')}, {'design_a': 'No', 'design_b': 'Yes', 'wage_b': Decimal('6400'), 'wage_a': Decimal('11800')}, {'design_a': 'No', 'design_b': 'Yes', 'wage_b': Decimal('6300'), 'wage_a': Decimal('13100')}, {'design_a': 'No', 'design_b': 'Yes', 'wage_b': Decimal('7700'), 'wage_a': Decimal('16200')}, {'design_a': 'No', 'design_b': 'Yes', 'wage_b': Decimal('7300'), 'wage_a': Decimal('15900')}, {'design_a': 'Yes', 'design_b': 'No', 'wage_b': Decimal('16100'), 'wage_a': Decimal('7100')}, {'design_a': 'Yes', 'design_b': 'No', 'wage_b': Decimal('14200'), 'wage_a': Decimal('6200')}, {'design_a': 'No', 'design_b': 'Yes', 'wage_b': Decimal('6700'), 'wage_a': Decimal('15700')}, {'design_a': 'No', 'design_b': 'Yes', 'wage_b': Decimal('8300'), 'wage_a': Decimal('13700')}, {'design_a': 'Yes', 'design_b': 'No', 'wage_b': Decimal('10300'), 'wage_a': Decimal('7000')}]",12000,0.935669346,0.066907496,7.481796,2.00821578
1/29/25 6:50,6a718c24-9313-4967-acdc-df52eb693782,English,Savli,22,Male,Formal,Steel + Cement,,local,,,Yes,Monthly,3,12000,"['1', '1', '1', '1', '1', '0', '0', '1', '1', '1']","[{'design_a': 'No', 'design_b': 'Yes', 'wage_b': Decimal('9300'), 'wage_a': Decimal('16500')}, {'design_a': 'Yes', 'design_b': 'No', 'wage_b': Decimal('16000'), 'wage_a': Decimal('6600')}, {'design_a': 'No', 'design_b': 'Yes', 'wage_b': Decimal('9200'), 'wage_a': Decimal('16100')}, {'design_a': 'Yes', 'design_b': 'No', 'wage_b': Decimal('13900'), 'wage_a': Decimal('7600')}, {'design_a': 'No', 'design_b': 'Yes', 'wage_b': Decimal('8600'), 'wage_a': Decimal('15900')}, {'design_a': 'Yes', 'design_b': 'No', 'wage_b': Decimal('17500'), 'wage_a': Decimal('8400')}, {'design_a': 'No', 'design_b': 'Yes', 'wage_b': Decimal('6900'), 'wage_a': Decimal('15800')}, {'design_a': 'Yes', 'design_b': 'No', 'wage_b': Decimal('12700'), 'wage_a': Decimal('7000')}, {'design_a': 'No', 'design_b': 'Yes', 'wage_b': Decimal('7300'), 'wage_a': Decimal('10600')}, {'design_a': 'Yes', 'design_b': 'No', 'wage_b': Decimal('12900'), 'wage_a': Decimal('6900')}]",12000,0.60614244,0.187236449,4.544963029,2.759406227
1/29/25 7:05,487b304e-14ae-4d23-b656-588958b2f266,English,Savli,30,Male,Formal,Chemical,,local,,,Yes,Monthly,4,9000,"['0', '1', '1', '1', '1', '1', '1', '1', '1', '1']","[{'design_a': 'No', 'design_b': 'Yes', 'wage_b': Decimal('7400'), 'wage_a': Decimal('10200')}, {'design_a': 'Yes', 'design_b': 'No', 'wage_b': Decimal('12900'), 'wage_a': Decimal('10400')}, {'design_a': 'No', 'design_b': 'Yes', 'wage_b': Decimal('10200'), 'wage_a': Decimal('11900')}, {'design_a': 'Yes', 'design_b': 'No', 'wage_b': Decimal('10900'), 'wage_a': Decimal('8600')}, {'design_a': 'Yes', 'design_b': 'No', 'wage_b': Decimal('10400'), 'wage_a': Decimal('8800')}, {'design_a': 'No', 'design_b': 'Yes', 'wage_b': Decimal('7400'), 'wage_a': Decimal('8400')}, {'design_a': 'No', 'design_b': 'Yes', 'wage_b': Decimal('8500'), 'wage_a': Decimal('10000')}, {'design_a': 'Yes', 'design_b': 'No', 'wage_b': Decimal('6800'), 'wage_a': Decimal('5600')}, {'design_a': 'Yes', 'design_b': 'No', 'wage_b': Decimal('5500'), 'wage_a': Decimal('4700')}, {'design_a': 'No', 'design_b': 'Yes', 'wage_b': Decimal('9900'), 'wage_a': Decimal('10900')}]",9000,0.199250987,0.178715295,5.179837539,3.086294346
1/29/25 7:11,e2ab37ae-6c25-449e-ada3-2b0f187c7ce5,English,Savli,27,Male,Informal,Garment,,migrant,alone,Uttar Pradesh,Yes,Monthly,4,12000,"['1', '0', '0', '1', '1', '1', '0', '0', '0', '1']","[{'design_a': 'Yes', 'design_b': 'No', 'wage_b': Decimal('11000'), 'wage_a': Decimal('6500')}, {'design_a': 'No', 'design_b': 'Yes', 'wage_b': Decimal('6900'), 'wage_a': Decimal('10300')}, {'design_a': 'Yes', 'design_b': 'No', 'wage_b': Decimal('12500'), 'wage_a': Decimal('10500')}, {'design_a': 'Yes', 'design_b': 'No', 'wage_b': Decimal('8400'), 'wage_a': Decimal('6400')}, {'design_a': 'No', 'design_b': 'Yes', 'wage_b': Decimal('10500'), 'wage_a': Decimal('13100')}, {'design_a': 'No', 'design_b': 'Yes', 'wage_b': Decimal('12500'), 'wage_a': Decimal('16600')}, {'design_a': 'Yes', 'design_b': 'No', 'wage_b': Decimal('14500'), 'wage_a': Decimal('10400')}, {'design_a': 'Yes', 'design_b': 'No', 'wage_b': Decimal('16800'), 'wage_a': Decimal('10800')}, {'design_a': 'No', 'design_b': 'Yes', 'wage_b': Decimal('7500'), 'wage_a': Decimal('13700')}, {'design_a': 'No', 'design_b': 'Yes', 'wage_b': Decimal('9300'), 'wage_a': Decimal('13400')}]",12000,0.470157004,0.180310724,5.082043331,2.784188895
1/29/25 7:12,f089ca12-8c7b-45fd-83d3-e1b725adcae6,English,Savli,44,Male,Informal,Garment,,migrant,alone,Uttar Pradesh,No,Monthly,8,15000,"['1', '1', '0', '0', '1', '0', '1', '1', '1', '0']","[{'design_a': 'Yes', 'design_b': 'No', 'wage_b': Decimal('19900'), 'wage_a': Decimal('12100')}, {'design_a': 'Yes', 'design_b': 'No', 'wage_b': Decimal('15200'), 'wage_a': Decimal('10900')}, {'design_a': 'No', 'design_b': 'Yes', 'wage_b': Decimal('15500'), 'wage_a': Decimal('20300')}, {'design_a': 'Yes', 'design_b': 'No', 'wage_b': Decimal('13400'), 'wage_a': Decimal('11700')}, {'design_a': 'No', 'design_b': 'Yes', 'wage_b': Decimal('13900'), 'wage_a': Decimal('17900')}, {'design_a': 'Yes', 'design_b': 'No', 'wage_b': Decimal('18900'), 'wage_a': Decimal('13800')}, {'design_a': 'Yes', 'design_b': 'No', 'wage_b': Decimal('18000'), 'wage_a': Decimal('10600')}, {'design_a': 'Yes', 'design_b': 'No', 'wage_b': Decimal('11300'), 'wage_a': Decimal('8400')}, {'design_a': 'Yes', 'design_b': 'No', 'wage_b': Decimal('19700'), 'wage_a': Decimal('15200')}, {'design_a': 'No', 'design_b': 'Yes', 'wage_b': Decimal('13900'), 'wage_a': Decimal('19100')}]",15000,0.206349673,0.1404033,5.805178543,2.727261412
1/29/25 7:18,396e3146-f45a-4949-a288-c9a6ac01a756,English,Savli,30,Male,Informal,Steel + Cement,,local,,,No,Monthly,7,12000,"['1', '0', '1', '0', '0', '0', '0', '0', '1', '0']","[{'design_a': 'No', 'design_b': 'Yes', 'wage_b': Decimal('9100'), 'wage_a': Decimal('16300')}, {'design_a': 'Yes', 'design_b': 'No', 'wage_b': Decimal('14000'), 'wage_a': Decimal('7000')}, {'design_a': 'No', 'design_b': 'Yes', 'wage_b': Decimal('6700'), 'wage_a': Decimal('10800')}, {'design_a': 'Yes', 'design_b': 'No', 'wage_b': Decimal('10600'), 'wage_a': Decimal('7800')}, {'design_a': 'No', 'design_b': 'Yes', 'wage_b': Decimal('6500'), 'wage_a': Decimal('15200')}, {'design_a': 'Yes', 'design_b': 'No', 'wage_b': Decimal('16400'), 'wage_a': Decimal('7600')}, {'design_a': 'Yes', 'design_b': 'No', 'wage_b': Decimal('16500'), 'wage_a': Decimal('8600')}, {'design_a': 'Yes', 'design_b': 'No', 'wage_b': Decimal('16800'), 'wage_a': Decimal('7300')}, {'design_a': 'No', 'design_b': 'Yes', 'wage_b': Decimal('7500'), 'wage_a': Decimal('13500')}, {'design_a': 'Yes', 'design_b': 'No', 'wage_b': Decimal('9500'), 'wage_a': Decimal('6700')}]",12000,0.888914904,0.092256937,7.011435707,2.170357851
1/29/25 7:19,41971a77-3a87-4596-81a5-28bf14f7fdd1,English,Savli,34,Male,Informal,Steel + Cement,,local,,,No,Monthly,5,7000,"['0', '0', '1', '0', '1', '0', '1', '0', '1', '0']","[{'design_a': 'No', 'design_b': 'Yes', 'wage_b': Decimal('6100'), 'wage_a': Decimal('9800')}, {'design_a': 'Yes', 'design_b': 'No', 'wage_b': Decimal('9000'), 'wage_a': Decimal('6900')}, {'design_a': 'No', 'design_b': 'Yes', 'wage_b': Decimal('5900'), 'wage_a': Decimal('7900')}, {'design_a': 'No', 'design_b': 'Yes', 'wage_b': Decimal('4800'), 'wage_a': Decimal('7300')}, {'design_a': 'Yes', 'design_b': 'No', 'wage_b': Decimal('5800'), 'wage_a': Decimal('4300')}, {'design_a': 'No', 'design_b': 'Yes', 'wage_b': Decimal('6100'), 'wage_a': Decimal('8500')}, {'design_a': 'No', 'design_b': 'Yes', 'wage_b': Decimal('8300'), 'wage_a': Decimal('10100')}, {'design_a': 'Yes', 'design_b': 'No', 'wage_b': Decimal('7600'), 'wage_a': Decimal('5600')}, {'design_a': 'No', 'design_b': 'Yes', 'wage_b': Decimal('3800'), 'wage_a': Decimal('4900')}, {'design_a': 'No', 'design_b': 'Yes', 'wage_b': Decimal('5400'), 'wage_a': Decimal('7300')}]",7000,0.356648744,0.184618582,4.945102536,2.904658266
1/29/25 7:23,c5533bb4-8c65-4beb-99e3-ef3550ec3502,English,Savli,31,Male,Informal,Steel + Cement,,local,,,No,Monthly,7,11000,"['1', '1', '0', '1', '0', '0', '1', '0', '0', '1']","[{'design_a': 'Yes', 'design_b': 'No', 'wage_b': Decimal('10600'), 'wage_a': Decimal('6700')}, {'design_a': 'No', 'design_b': 'Yes', 'wage_b': Decimal('12200'), 'wage_a': Decimal('16100')}, {'design_a': 'Yes', 'design_b': 'No', 'wage_b': Decimal('15300'), 'wage_a': Decimal('11200')}, {'design_a': 'No', 'design_b': 'Yes', 'wage_b': Decimal('10000'), 'wage_a': Decimal('14300')}, {'design_a': 'No', 'design_b': 'Yes', 'wage_b': Decimal('7700'), 'wage_a': Decimal('12400')}, {'design_a': 'No', 'design_b': 'Yes', 'wage_b': Decimal('8500'), 'wage_a': Decimal('12700')}, {'design_a': 'No', 'design_b': 'Yes', 'wage_b': Decimal('9500'), 'wage_a': Decimal('15100')}, {'design_a': 'No', 'design_b': 'Yes', 'wage_b': Decimal('7900'), 'wage_a': Decimal('12100')}, {'design_a': 'No', 'design_b': 'Yes', 'wage_b': Decimal('8600'), 'wage_a': Decimal('12100')}, {'design_a': 'Yes', 'design_b': 'No', 'wage_b': Decimal('8500'), 'wage_a': Decimal('6200')}]",11000,0.340009688,0.188747661,4.170710552,2.773580065
1/29/25 7:30,9bf32e17-4b76-4c5b-8015-44a06f4a7069,English,Savli,29,Male,Formal,Steel + Cement,,local,,,Yes,Monthly,3,12000,"['1', '1', '0', '1', '1', '1', '0', '0', '0', '1']","[{'design_a': 'Yes', 'design_b': 'No', 'wage_b': Decimal('13600'), 'wage_a': Decimal('8100')}, {'design_a': 'Yes', 'design_b': 'No', 'wage_b': Decimal('11600'), 'wage_a': Decimal('8700')}, {'design_a': 'Yes', 'design_b': 'No', 'wage_b': Decimal('12400'), 'wage_a': Decimal('11100')}, {'design_a': 'Yes', 'design_b': 'No', 'wage_b': Decimal('8100'), 'wage_a': Decimal('6300')}, {'design_a': 'Yes', 'design_b': 'No', 'wage_b': Decimal('12900'), 'wage_a': Decimal('10800')}, {'design_a': 'Yes', 'design_b': 'No', 'wage_b': Decimal('11900'), 'wage_a': Decimal('10000')}, {'design_a': 'No', 'design_b': 'Yes', 'wage_b': Decimal('6900'), 'wage_a': Decimal('7800')}, {'design_a': 'No', 'design_b': 'Yes', 'wage_b': Decimal('15300'), 'wage_a': Decimal('16100')}, {'design_a': 'Yes', 'design_b': 'No', 'wage_b': Decimal('10900'), 'wage_a': Decimal('10100')}, {'design_a': 'Yes', 'design_b': 'No', 'wage_b': Decimal('16900'), 'wage_a': Decimal('15500')}]",12000,0.100096447,0.127983559,6.179865114,2.844221268
1/29/25 7:30,0e105dd9-1f17-4f68-96b7-bb5cc0ba9707,English,Savli,28,Male,Formal,Steel + Cement,,local,,,Yes,Monthly,8,10000,"['0', '0', '1', '0', '0', '0', '0', '1', '0', '0']","[{'design_a': 'No', 'design_b': 'Yes', 'wage_b': Decimal('7000'), 'wage_a': Decimal('11800')}, {'design_a': 'No', 'design_b': 'Yes', 'wage_b': Decimal('9700'), 'wage_a': Decimal('12900')}, {'design_a': 'No', 'design_b': 'Yes', 'wage_b': Decimal('11900'), 'wage_a': Decimal('14100')}, {'design_a': 'No', 'design_b': 'Yes', 'wage_b': Decimal('7200'), 'wage_a': Decimal('9100')}, {'design_a': 'No', 'design_b': 'Yes', 'wage_b': Decimal('10800'), 'wage_a': Decimal('13200')}, {'design_a': 'Yes', 'design_b': 'No', 'wage_b': Decimal('14100'), 'wage_a': Decimal('12100')}, {'design_a': 'Yes', 'design_b': 'No', 'wage_b': Decimal('14600'), 'wage_a': Decimal('12300')}, {'design_a': 'No', 'design_b': 'Yes', 'wage_b': Decimal('7800'), 'wage_a': Decimal('9800')}, {'design_a': 'Yes', 'design_b': 'No', 'wage_b': Decimal('11100'), 'wage_a': Decimal('9100')}, {'design_a': 'No', 'design_b': 'Yes', 'wage_b': Decimal('6700'), 'wage_a': Decimal('11000')}]",10000,0.294022684,0.171345774,5.3824792,2.817796542
1/29/25 7:37,7d758669-d331-4bef-85d9-11adfd52fdb1,English,Savli,24,Male,Informal,Chemical,,local,,,No,Monthly,5,16000,"['0', '1', '1', '0', '1', '1', '0', '1', '0', '1']","[{'design_a': 'Yes', 'design_b': 'No', 'wage_b': Decimal('23600'), 'wage_a': Decimal('14500')}, {'design_a': 'Yes', 'design_b': 'No', 'wage_b': Decimal('23300'), 'wage_a': Decimal('9400')}, {'design_a': 'Yes', 'design_b': 'No', 'wage_b': Decimal('22600'), 'wage_a': Decimal('12700')}, {'design_a': 'No', 'design_b': 'Yes', 'wage_b': Decimal('9800'), 'wage_a': Decimal('17100')}, {'design_a': 'Yes', 'design_b': 'No', 'wage_b': Decimal('21100'), 'wage_a': Decimal('13100')}, {'design_a': 'Yes', 'design_b': 'No', 'wage_b': Decimal('16900'), 'wage_a': Decimal('12400')}, {'design_a': 'No', 'design_b': 'Yes', 'wage_b': Decimal('11600'), 'wage_a': Decimal('13300')}, {'design_a': 'Yes', 'design_b': 'No', 'wage_b': Decimal('21700'), 'wage_a': Decimal('18900')}, {'design_a': 'No', 'design_b': 'Yes', 'wage_b': Decimal('10500'), 'wage_a': Decimal('12100')}, {'design_a': 'No', 'design_b': 'Yes', 'wage_b': Decimal('17100'), 'wage_a': Decimal('18600')}]",16000,0.168497964,0.154129058,4.397048995,2.49795404
1/29/25 7:39,90782918-8694-4ac9-b965-17c53c95111b,English,Savli,33,Male,Formal,Steel + Cement,,local,,,Yes,Monthly,6,30000,"['0', '1', '0', '0', '1', '1', '0', '0', '0', '1']","[{'design_a': 'Yes', 'design_b': 'No', 'wage_b': Decimal('25500'), 'wage_a': Decimal('15100')}, {'design_a': 'Yes', 'design_b': 'No', 'wage_b': Decimal('43000'), 'wage_a': Decimal('21600')}, {'design_a': 'No', 'design_b': 'Yes', 'wage_b': Decimal('16700'), 'wage_a': Decimal('32000')}, {'design_a': 'No', 'design_b': 'Yes', 'wage_b': Decimal('21900'), 'wage_a': Decimal('32900')}, {'design_a': 'No', 'design_b': 'Yes', 'wage_b': Decimal('16200'), 'wage_a': Decimal('23400')}, {'design_a': 'No', 'design_b': 'Yes', 'wage_b': Decimal('25000'), 'wage_a': Decimal('39400')}, {'design_a': 'No', 'design_b': 'Yes', 'wage_b': Decimal('24000'), 'wage_a': Decimal('44000')}, {'design_a': 'Yes', 'design_b': 'No', 'wage_b': Decimal('42200'), 'wage_a': Decimal('29300')}, {'design_a': 'No', 'design_b': 'Yes', 'wage_b': Decimal('22500'), 'wage_a': Decimal('36700')}, {'design_a': 'No', 'design_b': 'Yes', 'wage_b': Decimal('24400'), 'wage_a': Decimal('31200')}]",30000,0.481997524,0.161526345,5.557209187,2.798814249
1/29/25 7:43,4b27e15b-3133-44c9-ace0-89e47478f14f,English,Savli,34,Male,Informal,Chemical,,local,,,No,Monthly,4,11000,"['1', '1', '0', '1', '0', '1', '1', '0', '1', '0']","[{'design_a': 'No', 'design_b': 'Yes', 'wage_b': Decimal('10100'), 'wage_a': Decimal('15900')}, {'design_a': 'Yes', 'design_b': 'No', 'wage_b': Decimal('13200'), 'wage_a': Decimal('6600')}, {'design_a': 'No', 'design_b': 'Yes', 'wage_b': Decimal('8100'), 'wage_a': Decimal('13800')}, {'design_a': 'Yes', 'design_b': 'No', 'wage_b': Decimal('12100'), 'wage_a': Decimal('7600')}, {'design_a': 'No', 'design_b': 'Yes', 'wage_b': Decimal('8700'), 'wage_a': Decimal('11500')}, {'design_a': 'Yes', 'design_b': 'No', 'wage_b': Decimal('12600'), 'wage_a': Decimal('10400')}, {'design_a': 'Yes', 'design_b': 'No', 'wage_b': Decimal('11300'), 'wage_a': Decimal('10000')}, {'design_a': 'No', 'design_b': 'Yes', 'wage_b': Decimal('6500'), 'wage_a': Decimal('8800')}, {'design_a': 'Yes', 'design_b': 'No', 'wage_b': Decimal('8800'), 'wage_a': Decimal('8100')}, {'design_a': 'Yes', 'design_b': 'No', 'wage_b': Decimal('16000'), 'wage_a': Decimal('15500')}]",11000,0.145980448,0.144568828,4.814308589,2.622874073
1/29/25 8:01,286c5e08-09de-46e8-b325-051336aa8b63,English,Savli,22,Male,Informal,Steel + Cement,,local,,,Yes,Monthly,6,11000,"['1', '1', '1', '0', '1', '1', '0', '1', '0', '0']","[{'design_a': 'No', 'design_b': 'Yes', 'wage_b': Decimal('7800'), 'wage_a': Decimal('12800')}, {'design_a': 'No', 'design_b': 'Yes', 'wage_b': Decimal('6700'), 'wage_a': Decimal('11500')}, {'design_a': 'No', 'design_b': 'Yes', 'wage_b': Decimal('7700'), 'wage_a': Decimal('16300')}, {'design_a': 'Yes', 'design_b': 'No', 'wage_b': Decimal('14000'), 'wage_a': Decimal('8500')}, {'design_a': 'No', 'design_b': 'Yes', 'wage_b': Decimal('7300'), 'wage_a': Decimal('14800')}, {'design_a': 'Yes', 'design_b': 'No', 'wage_b': Decimal('12700'), 'wage_a': Decimal('6100')}, {'design_a': 'Yes', 'design_b': 'No', 'wage_b': Decimal('13000'), 'wage_a': Decimal('6900')}, {'design_a': 'No', 'design_b': 'Yes', 'wage_b': Decimal('8700'), 'wage_a': Decimal('15100')}, {'design_a': 'No', 'design_b': 'Yes', 'wage_b': Decimal('5800'), 'wage_a': Decimal('13100')}, {'design_a': 'No', 'design_b': 'Yes', 'wage_b': Decimal('5700'), 'wage_a': Decimal('12500')}]",11000,0.781055387,0.12734479,6.343415754,2.574261453
1/29/25 8:01,422420c9-ebf6-4093-9018-33f0219f3da9,English,Savli,29,Male,Formal,Steel + Cement,,local,,,Yes,Monthly,5,15000,"['0', '0', '0', '1', '0', '0', '1', '0', '0', '1']","[{'design_a': 'No', 'design_b': 'Yes', 'wage_b': Decimal('11300'), 'wage_a': Decimal('19000')}, {'design_a': 'No', 'design_b': 'Yes', 'wage_b': Decimal('9500'), 'wage_a': Decimal('13100')}, {'design_a': 'No', 'design_b': 'Yes', 'wage_b': Decimal('14900'), 'wage_a': Decimal('17700')}, {'design_a': 'No', 'design_b': 'Yes', 'wage_b': Decimal('19900'), 'wage_a': Decimal('21000')}, {'design_a': 'No', 'design_b': 'Yes', 'wage_b': Decimal('11000'), 'wage_a': Decimal('12400')}, {'design_a': 'Yes', 'design_b': 'No', 'wage_b': Decimal('8500'), 'wage_a': Decimal('8000')}, {'design_a': 'No', 'design_b': 'Yes', 'wage_b': Decimal('10800'), 'wage_a': Decimal('12000')}, {'design_a': 'No', 'design_b': 'Yes', 'wage_b': Decimal('19000'), 'wage_a': Decimal('22000')}, {'design_a': 'No', 'design_b': 'Yes', 'wage_b': Decimal('14700'), 'wage_a': Decimal('17200')}, {'design_a': 'Yes', 'design_b': 'No', 'wage_b': Decimal('15600'), 'wage_a': Decimal('13200')}]",15000,0.134112698,0.139640964,6.045649026,2.821061237
1/29/25 8:06,103131a3-bd73-431c-be8f-e486a5470858,English,Savli,23,Male,Informal,Steel + Cement,,local,,,No,Monthly,12,12000,"['1', '0', '1', '0', '0', '0', '0', '1', '0', '0']","[{'design_a': 'No', 'design_b': 'Yes', 'wage_b': Decimal('7100'), 'wage_a': Decimal('11700')}, {'design_a': 'No', 'design_b': 'Yes', 'wage_b': Decimal('7000'), 'wage_a': Decimal('15500')}, {'design_a': 'Yes', 'design_b': 'No', 'wage_b': Decimal('15000'), 'wage_a': Decimal('8000')}, {'design_a': 'Yes', 'design_b': 'No', 'wage_b': Decimal('13600'), 'wage_a': Decimal('8000')}, {'design_a': 'Yes', 'design_b': 'No', 'wage_b': Decimal('14800'), 'wage_a': Decimal('8300')}, {'design_a': 'No', 'design_b': 'Yes', 'wage_b': Decimal('7000'), 'wage_a': Decimal('13400')}, {'design_a': 'Yes', 'design_b': 'No', 'wage_b': Decimal('13100'), 'wage_a': Decimal('8000')}, {'design_a': 'Yes', 'design_b': 'No', 'wage_b': Decimal('13600'), 'wage_a': Decimal('7400')}, {'design_a': 'No', 'design_b': 'Yes', 'wage_b': Decimal('10200'), 'wage_a': Decimal('18000')}, {'design_a': 'Yes', 'design_b': 'No', 'wage_b': Decimal('13200'), 'wage_a': Decimal('7700')}]",12000,0.565327581,0.170328333,5.181237317,2.922031762
1/29/25 8:06,ffd14a74-2a71-44f8-843d-6e40b9162509,English,Savli,21,Male,Informal,Steel + Cement,,local,,,Yes,Monthly,6,12000,"['0', '0', '1', '1', '0', '1', '1', '1', '0', '0']","[{'design_a': 'Yes', 'design_b': 'No', 'wage_b': Decimal('14100'), 'wage_a': Decimal('9600')}, {'design_a': 'No', 'design_b': 'Yes', 'wage_b': Decimal('7600'), 'wage_a': Decimal('14100')}, {'design_a': 'Yes', 'design_b': 'No', 'wage_b': Decimal('17400'), 'wage_a': Decimal('10800')}, {'design_a': 'Yes', 'design_b': 'No', 'wage_b': Decimal('17000'), 'wage_a': Decimal('12300')}, {'design_a': 'No', 'design_b': 'Yes', 'wage_b': Decimal('11200'), 'wage_a': Decimal('14900')}, {'design_a': 'No', 'design_b': 'Yes', 'wage_b': Decimal('13400'), 'wage_a': Decimal('15800')}, {'design_a': 'No', 'design_b': 'Yes', 'wage_b': Decimal('11300'), 'wage_a': Decimal('14500')}, {'design_a': 'Yes', 'design_b': 'No', 'wage_b': Decimal('14400'), 'wage_a': Decimal('10500')}, {'design_a': 'No', 'design_b': 'Yes', 'wage_b': Decimal('10900'), 'wage_a': Decimal('14100')}, {'design_a': 'Yes', 'design_b': 'No', 'wage_b': Decimal('17800'), 'wage_a': Decimal('14000')}]",12000,0.287895757,0.169621378,4.917200692,2.843434902
1/29/25 11:32,409cbbdb-0904-4467-89e4-1b649c575b66,English,Savli,32,Male,Informal,Chemical,,local,,,No,Monthly,8,15000,"['0', '0', '1', '1', '0', '0', '0', '1', '1', '1']","[{'design_a': 'No', 'design_b': 'Yes', 'wage_b': Decimal('10800'), 'wage_a': Decimal('16800')}, {'design_a': 'No', 'design_b': 'Yes', 'wage_b': Decimal('14600'), 'wage_a': Decimal('19500')}, {'design_a': 'Yes', 'design_b': 'No', 'wage_b': Decimal('16200'), 'wage_a': Decimal('13200')}, {'design_a': 'Yes', 'design_b': 'No', 'wage_b': Decimal('16700'), 'wage_a': Decimal('15100')}, {'design_a': 'No', 'design_b': 'Yes', 'wage_b': Decimal('11300'), 'wage_a': Decimal('12300')}, {'design_a': 'No', 'design_b': 'Yes', 'wage_b': Decimal('14500'), 'wage_a': Decimal('18600')}, {'design_a': 'No', 'design_b': 'Yes', 'wage_b': Decimal('13900'), 'wage_a': Decimal('14600')}, {'design_a': 'Yes', 'design_b': 'No', 'wage_b': Decimal('18800'), 'wage_a': Decimal('16400')}, {'design_a': 'Yes', 'design_b': 'No', 'wage_b': Decimal('11300'), 'wage_a': Decimal('10900')}, {'design_a': 'Yes', 'design_b': 'No', 'wage_b': Decimal('17100'), 'wage_a': Decimal('16900')}]",15000,0.065955813,0.107866553,6.293904586,2.733357144
1/29/25 11:32,10a6f171-ac8c-4022-b979-73161389e721,English,Savli,24,Male,Formal,Chemical,,local,,,No,Monthly,4,15000,"['1', '0', '1', '0', '1', '0', '1', '1', '1', '1']","[{'design_a': 'Yes', 'design_b': 'No', 'wage_b': Decimal('17600'), 'wage_a': Decimal('10500')}, {'design_a': 'No', 'design_b': 'Yes', 'wage_b': Decimal('9300'), 'wage_a': Decimal('13900')}, {'design_a': 'Yes', 'design_b': 'No', 'wage_b': Decimal('10300'), 'wage_a': Decimal('8400')}, {'design_a': 'No', 'design_b': 'Yes', 'wage_b': Decimal('13500'), 'wage_a': Decimal('21800')}, {'design_a': 'Yes', 'design_b': 'No', 'wage_b': Decimal('15500'), 'wage_a': Decimal('13700')}, {'design_a': 'No', 'design_b': 'Yes', 'wage_b': Decimal('16000'), 'wage_a': Decimal('17100')}, {'design_a': 'Yes', 'design_b': 'No', 'wage_b': Decimal('13200'), 'wage_a': Decimal('12300')}, {'design_a': 'Yes', 'design_b': 'No', 'wage_b': Decimal('20900'), 'wage_a': Decimal('20200')}, {'design_a': 'Yes', 'design_b': 'No', 'wage_b': Decimal('16800'), 'wage_a': Decimal('16300')}, {'design_a': 'Yes', 'design_b': 'No', 'wage_b': Decimal('20700'), 'wage_a': Decimal('18400')}]",15000,0.061608615,0.088483875,6.403564951,2.463281762
1/29/25 11:38,9dda9b5b-1d97-4bc9-bbe3-fdf5114fb183,English,Savli,40,Male,Formal,Chemical,,local,,,No,Monthly,5,11000,"['1', '1', '0', '1', '1', '1', '1', '0', '0', '1']","[{'design_a': 'Yes', 'design_b': 'No', 'wage_b': Decimal('12700'), 'wage_a': Decimal('7000')}, {'design_a': 'Yes', 'design_b': 'No', 'wage_b': Decimal('14600'), 'wage_a': Decimal('10800')}, {'design_a': 'Yes', 'design_b': 'No', 'wage_b': Decimal('15900'), 'wage_a': Decimal('13300')}, {'design_a': 'Yes', 'design_b': 'No', 'wage_b': Decimal('9300'), 'wage_a': Decimal('7200')}, {'design_a': 'No', 'design_b': 'Yes', 'wage_b': Decimal('13900'), 'wage_a': Decimal('16100')}, {'design_a': 'Yes', 'design_b': 'No', 'wage_b': Decimal('14800'), 'wage_a': Decimal('11900')}, {'design_a': 'Yes', 'design_b': 'No', 'wage_b': Decimal('9500'), 'wage_a': Decimal('7500')}, {'design_a': 'Yes', 'design_b': 'No', 'wage_b': Decimal('16500'), 'wage_a': Decimal('13900')}, {'design_a': 'No', 'design_b': 'Yes', 'wage_b': Decimal('10700'), 'wage_a': Decimal('12800')}, {'design_a': 'No', 'design_b': 'Yes', 'wage_b': Decimal('11600'), 'wage_a': Decimal('13400')}]",11000,0.212241382,0.151407296,5.556998186,2.80219311
1/29/25 11:38,e5acd941-3973-45f8-9718-52470f483196,English,Savli,27,Male,Formal,Chemical,,local,,,Yes,Monthly,4,20000,"['0', '0', '1', '0', '1', '0', '1', '0', '0', '1']","[{'design_a': 'Yes', 'design_b': 'No', 'wage_b': Decimal('28700'), 'wage_a': Decimal('18600')}, {'design_a': 'No', 'design_b': 'Yes', 'wage_b': Decimal('14200'), 'wage_a': Decimal('26600')}, {'design_a': 'Yes', 'design_b': 'No', 'wage_b': Decimal('24800'), 'wage_a': Decimal('14100')}, {'design_a': 'No', 'design_b': 'Yes', 'wage_b': Decimal('15600'), 'wage_a': Decimal('21100')}, {'design_a': 'No', 'design_b': 'Yes', 'wage_b': Decimal('20800'), 'wage_a': Decimal('26500')}, {'design_a': 'Yes', 'design_b': 'No', 'wage_b': Decimal('28100'), 'wage_a': Decimal('17700')}, {'design_a': 'Yes', 'design_b': 'No', 'wage_b': Decimal('24600'), 'wage_a': Decimal('14900')}, {'design_a': 'Yes', 'design_b': 'No', 'wage_b': Decimal('29800'), 'wage_a': Decimal('18800')}, {'design_a': 'No', 'design_b': 'Yes', 'wage_b': Decimal('13700'), 'wage_a': Decimal('24800')}, {'design_a': 'Yes', 'design_b': 'No', 'wage_b': Decimal('26400'), 'wage_a': Decimal('15700')}]",20000,0.393890179,0.176478968,4.678153872,2.772424179
1/29/25 11:47,c7230b5a-4642-4120-b5db-2c214a496208,English,Savli,35,Male,Informal,Steel + Cement,,local,,,No,Monthly,8,10000,"['1', '1', '1', '0', '0', '0', '1', '1', '0', '0']","[{'design_a': 'Yes', 'design_b': 'No', 'wage_b': Decimal('10300'), 'wage_a': Decimal('8000')}, {'design_a': 'Yes', 'design_b': 'No', 'wage_b': Decimal('10600'), 'wage_a': Decimal('8400')}, {'design_a': 'No', 'design_b': 'Yes', 'wage_b': Decimal('11500'), 'wage_a': Decimal('13200')}, {'design_a': 'No', 'design_b': 'Yes', 'wage_b': Decimal('9200'), 'wage_a': Decimal('11400')}, {'design_a': 'Yes', 'design_b': 'No', 'wage_b': Decimal('12800'), 'wage_a': Decimal('10600')}, {'design_a': 'No', 'design_b': 'Yes', 'wage_b': Decimal('5300'), 'wage_a': Decimal('6500')}, {'design_a': 'Yes', 'design_b': 'No', 'wage_b': Decimal('10600'), 'wage_a': Decimal('8100')}, {'design_a': 'No', 'design_b': 'Yes', 'wage_b': Decimal('10200'), 'wage_a': Decimal('11700')}, {'design_a': 'Yes', 'design_b': 'No', 'wage_b': Decimal('13200'), 'wage_a': Decimal('10700')}, {'design_a': 'Yes', 'design_b': 'No', 'wage_b': Decimal('13700'), 'wage_a': Decimal('12400')}]",10000,0.261938253,0.187533824,4.960025615,2.987892884
1/29/25 11:49,c989571b-8a6b-4139-9341-c850bde44cdf,English,Savli,53,Male,Informal,Power Generation,,migrant,alone,Gujarat,No,Monthly,9,15000,"['1', '0', '0', '1', '1', '1', '1', '0', '1', '0']","[{'design_a': 'Yes', 'design_b': 'No', 'wage_b': Decimal('15400'), 'wage_a': Decimal('10500')}, {'design_a': 'No', 'design_b': 'Yes', 'wage_b': Decimal('15200'), 'wage_a': Decimal('20200')}, {'design_a': 'No', 'design_b': 'Yes', 'wage_b': Decimal('17000'), 'wage_a': Decimal('20300')}, {'design_a': 'No', 'design_b': 'Yes', 'wage_b': Decimal('15500'), 'wage_a': Decimal('16900')}, {'design_a': 'Yes', 'design_b': 'No', 'wage_b': Decimal('18400'), 'wage_a': Decimal('15400')}, {'design_a': 'Yes', 'design_b': 'No', 'wage_b': Decimal('21300'), 'wage_a': Decimal('18900')}, {'design_a': 'No', 'design_b': 'Yes', 'wage_b': Decimal('14100'), 'wage_a': Decimal('16000')}, {'design_a': 'No', 'design_b': 'Yes', 'wage_b': Decimal('12200'), 'wage_a': Decimal('14100')}, {'design_a': 'Yes', 'design_b': 'No', 'wage_b': Decimal('17000'), 'wage_a': Decimal('14600')}, {'design_a': 'Yes', 'design_b': 'No', 'wage_b': Decimal('22500'), 'wage_a': Decimal('21100')}]",15000,0.129088056,0.13385243,5.866711916,2.80073744
1/29/25 11:57,8497fa8f-f2ff-4963-90f3-06776c910875,English,Savli,25,Male,Formal,Steel + Cement,,local,,,No,Monthly,3,15000,"['1', '1', '1', '1', '0', '1', '0', '0', '1', '1']","[{'design_a': 'Yes', 'design_b': 'No', 'wage_b': Decimal('21100'), 'wage_a': Decimal('14000')}, {'design_a': 'No', 'design_b': 'Yes', 'wage_b': Decimal('15700'), 'wage_a': Decimal('20600')}, {'design_a': 'Yes', 'design_b': 'No', 'wage_b': Decimal('16000'), 'wage_a': Decimal('11700')}, {'design_a': 'Yes', 'design_b': 'No', 'wage_b': Decimal('19100'), 'wage_a': Decimal('13200')}, {'design_a': 'Yes', 'design_b': 'No', 'wage_b': Decimal('19000'), 'wage_a': Decimal('14700')}, {'design_a': 'Yes', 'design_b': 'No', 'wage_b': Decimal('15500'), 'wage_a': Decimal('11500')}, {'design_a': 'No', 'design_b': 'Yes', 'wage_b': Decimal('10100'), 'wage_a': Decimal('13900')}, {'design_a': 'Yes', 'design_b': 'No', 'wage_b': Decimal('20300'), 'wage_a': Decimal('15500')}, {'design_a': 'No', 'design_b': 'Yes', 'wage_b': Decimal('14900'), 'wage_a': Decimal('19600')}, {'design_a': 'No', 'design_b': 'Yes', 'wage_b': Decimal('15500'), 'wage_a': Decimal('21700')}]",15000,0.360870164,0.198883644,4.440858024,2.999411635
1/29/25 11:58,9a01e883-5c9b-4191-a437-7d59dac760f6,English,Savli,20,Male,Formal,Steel + Cement,,migrant,alone,Bihar,Yes,Monthly,4,14000,"['1', '1', '0', '0', '1', '0', '0', '0', '0', '0']","[{'design_a': 'Yes', 'design_b': 'No', 'wage_b': Decimal('9100'), 'wage_a': Decimal('7400')}, {'design_a': 'Yes', 'design_b': 'No', 'wage_b': Decimal('16600'), 'wage_a': Decimal('13900')}, {'design_a': 'No', 'design_b': 'Yes', 'wage_b': Decimal('9600'), 'wage_a': Decimal('11500')}, {'design_a': 'Yes', 'design_b': 'No', 'wage_b': Decimal('19700'), 'wage_a': Decimal('18800')}, {'design_a': 'No', 'design_b': 'Yes', 'wage_b': Decimal('16600'), 'wage_a': Decimal('18500')}, {'design_a': 'No', 'design_b': 'Yes', 'wage_b': Decimal('10100'), 'wage_a': Decimal('12200')}, {'design_a': 'No', 'design_b': 'Yes', 'wage_b': Decimal('14300'), 'wage_a': Decimal('16800')}, {'design_a': 'Yes', 'design_b': 'No', 'wage_b': Decimal('16000'), 'wage_a': Decimal('14900')}, {'design_a': 'No', 'design_b': 'Yes', 'wage_b': Decimal('16600'), 'wage_a': Decimal('19600')}, {'design_a': 'No', 'design_b': 'Yes', 'wage_b': Decimal('12500'), 'wage_a': Decimal('14400')}]",14000,0.129941601,0.147610234,5.958462163,2.902433939
1/29/25 12:02,70d6c30f-ea35-4125-9e2c-f60f68bb48f5,English,Savli,20,Male,Formal,Steel + Cement,,migrant,alone,Bihar,Yes,Monthly,6,18000,"['0', '1', '1', '1', '0', '1', '0', '1', '1', '1']","[{'design_a': 'No', 'design_b': 'Yes', 'wage_b': Decimal('11500'), 'wage_a': Decimal('18000')}, {'design_a': 'Yes', 'design_b': 'No', 'wage_b': Decimal('17500'), 'wage_a': Decimal('13400')}, {'design_a': 'Yes', 'design_b': 'No', 'wage_b': Decimal('19300'), 'wage_a': Decimal('13800')}, {'design_a': 'Yes', 'design_b': 'No', 'wage_b': Decimal('13400'), 'wage_a': Decimal('11600')}, {'design_a': 'Yes', 'design_b': 'No', 'wage_b': Decimal('20700'), 'wage_a': Decimal('19200')}, {'design_a': 'Yes', 'design_b': 'No', 'wage_b': Decimal('19600'), 'wage_a': Decimal('15700')}, {'design_a': 'Yes', 'design_b': 'No', 'wage_b': Decimal('20800'), 'wage_a': Decimal('19800')}, {'design_a': 'No', 'design_b': 'Yes', 'wage_b': Decimal('17100'), 'wage_a': Decimal('20500')}, {'design_a': 'Yes', 'design_b': 'No', 'wage_b': Decimal('17300'), 'wage_a': Decimal('15600')}, {'design_a': 'No', 'design_b': 'Yes', 'wage_b': Decimal('17900'), 'wage_a': Decimal('22000')}]",18000,0.19626651,0.170596143,5.319014183,2.868309223
1/29/25 12:09,79646d1d-6a0a-4550-ba72-eeba58804939,English,Savli,27,Female,Informal,Construction,,migrant,family,Bihar,No,Daily,5,450,"['0', '1', '1', '1', '1', '1', '1', '1', '0', '1']","[{'design_a': 'No', 'design_b': 'Yes', 'wage_b': Decimal('345'), 'wage_a': Decimal('555')}, {'design_a': 'Yes', 'design_b': 'No', 'wage_b': Decimal('450'), 'wage_a': Decimal('355')}, {'design_a': 'No', 'design_b': 'Yes', 'wage_b': Decimal('430'), 'wage_a': Decimal('510')}, {'design_a': 'Yes', 'design_b': 'No', 'wage_b': Decimal('565'), 'wage_a': Decimal('460')}, {'design_a': 'No', 'design_b': 'Yes', 'wage_b': Decimal('445'), 'wage_a': Decimal('505')}, {'design_a': 'No', 'design_b': 'Yes', 'wage_b': Decimal('485'), 'wage_a': Decimal('585')}, {'design_a': 'Yes', 'design_b': 'No', 'wage_b': Decimal('645'), 'wage_a': Decimal('495')}, {'design_a': 'Yes', 'design_b': 'No', 'wage_b': Decimal('600'), 'wage_a': Decimal('450')}, {'design_a': 'No', 'design_b': 'Yes', 'wage_b': Decimal('485'), 'wage_a': Decimal('600')}, {'design_a': 'No', 'design_b': 'Yes', 'wage_b': Decimal('435'), 'wage_a': Decimal('530')}]",450,0.226303813,0.173151758,5.301016709,2.903927956
1/29/25 12:14,4fde7fe3-aa66-4590-9f9d-d04bad65aab6,English,Savli,21,Male,Formal,Steel + Cement,,local,,,Yes,Monthly,5,20000,"['0', '0', '0', '0', '1', '1', '0', '1', '0', '1']","[{'design_a': 'No', 'design_b': 'Yes', 'wage_b': Decimal('17600'), 'wage_a': Decimal('28500')}, {'design_a': 'Yes', 'design_b': 'No', 'wage_b': Decimal('22300'), 'wage_a': Decimal('17500')}, {'design_a': 'No', 'design_b': 'Yes', 'wage_b': Decimal('15500'), 'wage_a': Decimal('21700')}, {'design_a': 'Yes', 'design_b': 'No', 'wage_b': Decimal('15100'), 'wage_a': Decimal('12200')}, {'design_a': 'Yes', 'design_b': 'No', 'wage_b': Decimal('16700'), 'wage_a': Decimal('12100')}, {'design_a': 'Yes', 'design_b': 'No', 'wage_b': Decimal('23000'), 'wage_a': Decimal('16300')}, {'design_a': 'No', 'design_b': 'Yes', 'wage_b': Decimal('12200'), 'wage_a': Decimal('15700')}, {'design_a': 'No', 'design_b': 'Yes', 'wage_b': Decimal('19900'), 'wage_a': Decimal('21600')}, {'design_a': 'Yes', 'design_b': 'No', 'wage_b': Decimal('22900'), 'wage_a': Decimal('18600')}, {'design_a': 'Yes', 'design_b': 'No', 'wage_b': Decimal('20100'), 'wage_a': Decimal('15400')}]",20000,0.237106533,0.144877934,5.813112332,2.85570839
1/29/25 12:29,95029469-e3d2-40b6-9d2b-67f984444f0c,English,Savli,22,Male,Informal,Steel + Cement,,migrant,family,Bihar,Yes,Monthly,3,16000,"['1', '1', '0', '1', '1', '1', '1', '1', '0', '0']","[{'design_a': 'Yes', 'design_b': 'No', 'wage_b': Decimal('16900'), 'wage_a': Decimal('10500')}, {'design_a': 'Yes', 'design_b': 'No', 'wage_b': Decimal('15000'), 'wage_a': Decimal('12300')}, {'design_a': 'No', 'design_b': 'Yes', 'wage_b': Decimal('9600'), 'wage_a': Decimal('12300')}, {'design_a': 'Yes', 'design_b': 'No', 'wage_b': Decimal('22600'), 'wage_a': Decimal('20200')}, {'design_a': 'Yes', 'design_b': 'No', 'wage_b': Decimal('16500'), 'wage_a': Decimal('15000')}, {'design_a': 'No', 'design_b': 'Yes', 'wage_b': Decimal('20100'), 'wage_a': Decimal('21600')}, {'design_a': 'No', 'design_b': 'Yes', 'wage_b': Decimal('18500'), 'wage_a': Decimal('20100')}, {'design_a': 'No', 'design_b': 'Yes', 'wage_b': Decimal('16400'), 'wage_a': Decimal('18100')}, {'design_a': 'No', 'design_b': 'Yes', 'wage_b': Decimal('8000'), 'wage_a': Decimal('9300')}, {'design_a': 'Yes', 'design_b': 'No', 'wage_b': Decimal('23600'), 'wage_a': Decimal('21300')}]",16000,0.171687022,0.158816692,5.387894156,2.947619349
1/30/25 5:13,6dadb121-2324-414b-b76f-48e1c9891d5e,English,Savli,32,Male,Formal,Steel + Cement,,local,,,No,Monthly,5,25000,"['0', '0', '0', '0', '1', '1', '0', '1', '0', '1']","[{'design_a': 'No', 'design_b': 'Yes', 'wage_b': Decimal('20500'), 'wage_a': Decimal('31100')}, {'design_a': 'No', 'design_b': 'Yes', 'wage_b': Decimal('28400'), 'wage_a': Decimal('37000')}, {'design_a': 'Yes', 'design_b': 'No', 'wage_b': Decimal('23100'), 'wage_a': Decimal('21600')}, {'design_a': 'Yes', 'design_b': 'No', 'wage_b': Decimal('20500'), 'wage_a': Decimal('16600')}, {'design_a': 'Yes', 'design_b': 'No', 'wage_b': Decimal('29400'), 'wage_a': Decimal('23400')}, {'design_a': 'No', 'design_b': 'Yes', 'wage_b': Decimal('16400'), 'wage_a': Decimal('20800')}, {'design_a': 'No', 'design_b': 'Yes', 'wage_b': Decimal('19200'), 'wage_a': Decimal('33700')}, {'design_a': 'Yes', 'design_b': 'No', 'wage_b': Decimal('37100'), 'wage_a': Decimal('26300')}, {'design_a': 'Yes', 'design_b': 'No', 'wage_b': Decimal('33200'), 'wage_a': Decimal('26000')}, {'design_a': 'Yes', 'design_b': 'No', 'wage_b': Decimal('27100'), 'wage_a': Decimal('20900')}]",25000,0.241556638,0.15392485,5.661868764,2.793303888
1/30/25 5:17,0978c19b-db24-4d4e-b512-b8c023f8f039,English,Savli,30,Male,Informal,Construction,,local,,,Yes,Monthly,6,1800,"['1', '1', '0', '1', '1', '1', '1', '1', '1', '0']","[{'design_a': 'No', 'design_b': 'Yes', 'wage_b': Decimal('900'), 'wage_a': Decimal('1600')}, {'design_a': 'No', 'design_b': 'Yes', 'wage_b': Decimal('1000'), 'wage_a': Decimal('1500')}, {'design_a': 'Yes', 'design_b': 'No', 'wage_b': Decimal('2400'), 'wage_a': Decimal('1100')}, {'design_a': 'No', 'design_b': 'Yes', 'wage_b': Decimal('900'), 'wage_a': Decimal('2200')}, {'design_a': 'Yes', 'design_b': 'No', 'wage_b': Decimal('1900'), 'wage_a': Decimal('900')}, {'design_a': 'No', 'design_b': 'Yes', 'wage_b': Decimal('1100'), 'wage_a': Decimal('2500')}, {'design_a': 'Yes', 'design_b': 'No', 'wage_b': Decimal('2300'), 'wage_a': Decimal('900')}, {'design_a': 'No', 'design_b': 'Yes', 'wage_b': Decimal('1000'), 'wage_a': Decimal('2100')}, {'design_a': 'No', 'design_b': 'Yes', 'wage_b': Decimal('1200'), 'wage_a': Decimal('2700')}, {'design_a': 'Yes', 'design_b': 'No', 'wage_b': Decimal('1600'), 'wage_a': Decimal('1000')}]",1800,0.874088628,0.121889744,5.988596924,2.67820264
1/30/25 5:17,612ee520-90b6-4e9e-a2cd-da90bf61abbb,English,Savli,27,Male,Informal,Construction,,local,,,No,Daily,4,570,"['1', '0', '1', '1', '1', '1', '1', '1', '0', '1']","[{'design_a': 'Yes', 'design_b': 'No', 'wage_b': Decimal('590'), 'wage_a': Decimal('375')}, {'design_a': 'Yes', 'design_b': 'No', 'wage_b': Decimal('685'), 'wage_a': Decimal('505')}, {'design_a': 'Yes', 'design_b': 'No', 'wage_b': Decimal('785'), 'wage_a': Decimal('525')}, {'design_a': 'No', 'design_b': 'Yes', 'wage_b': Decimal('665'), 'wage_a': Decimal('810')}, {'design_a': 'No', 'design_b': 'Yes', 'wage_b': Decimal('565'), 'wage_a': Decimal('755')}, {'design_a': 'No', 'design_b': 'Yes', 'wage_b': Decimal('590'), 'wage_a': Decimal('690')}, {'design_a': 'No', 'design_b': 'Yes', 'wage_b': Decimal('450'), 'wage_a': Decimal('625')}, {'design_a': 'No', 'design_b': 'Yes', 'wage_b': Decimal('380'), 'wage_a': Decimal('570')}, {'design_a': 'Yes', 'design_b': 'No', 'wage_b': Decimal('495'), 'wage_a': Decimal('305')}, {'design_a': 'Yes', 'design_b': 'No', 'wage_b': Decimal('610'), 'wage_a': Decimal('330')}]",570,0.557774899,0.170237192,5.63675508,2.717026461
1/30/25 5:21,0fc651fa-3fec-4da4-a559-1d49be5cf839,English,Savli,24,Male,Informal,Construction,,migrant,alone,Bihar,No,Daily,7,730,"['0', '1', '1', '1', '0', '1', '0', '1', '0', '0']","[{'design_a': 'No', 'design_b': 'Yes', 'wage_b': Decimal('535'), 'wage_a': Decimal('955')}, {'design_a': 'No', 'design_b': 'Yes', 'wage_b': Decimal('765'), 'wage_a': Decimal('1045')}, {'design_a': 'No', 'design_b': 'Yes', 'wage_b': Decimal('670'), 'wage_a': Decimal('940')}, {'design_a': 'Yes', 'design_b': 'No', 'wage_b': Decimal('825'), 'wage_a': Decimal('435')}, {'design_a': 'No', 'design_b': 'Yes', 'wage_b': Decimal('455'), 'wage_a': Decimal('715')}, {'design_a': 'No', 'design_b': 'Yes', 'wage_b': Decimal('730'), 'wage_a': Decimal('1060')}, {'design_a': 'Yes', 'design_b': 'No', 'wage_b': Decimal('565'), 'wage_a': Decimal('375')}, {'design_a': 'No', 'design_b': 'Yes', 'wage_b': Decimal('635'), 'wage_a': Decimal('935')}, {'design_a': 'No', 'design_b': 'Yes', 'wage_b': Decimal('560'), 'wage_a': Decimal('925')}, {'design_a': 'No', 'design_b': 'Yes', 'wage_b': Decimal('645'), 'wage_a': Decimal('990')}]",730,0.444714385,0.15758024,5.706356533,2.798479108
1/30/25 8:06,8fc5b482-0906-4589-bce8-452ff99400dd,English,Savli,34,Male,Informal,Chemical,,local,,,Yes,Monthly,5,18000,"['0', '1', '1', '0', '0', '1', '1', '1', '0', '0']","[{'design_a': 'No', 'design_b': 'Yes', 'wage_b': Decimal('15500'), 'wage_a': Decimal('24000')}, {'design_a': 'No', 'design_b': 'Yes', 'wage_b': Decimal('12400'), 'wage_a': Decimal('16500')}, {'design_a': 'Yes', 'design_b': 'No', 'wage_b': Decimal('23800'), 'wage_a': Decimal('13600')}, {'design_a': 'No', 'design_b': 'Yes', 'wage_b': Decimal('12800'), 'wage_a': Decimal('18200')}, {'design_a': 'No', 'design_b': 'Yes', 'wage_b': Decimal('11400'), 'wage_a': Decimal('16300')}, {'design_a': 'Yes', 'design_b': 'No', 'wage_b': Decimal('22100'), 'wage_a': Decimal('16700')}, {'design_a': 'No', 'design_b': 'Yes', 'wage_b': Decimal('12900'), 'wage_a': Decimal('15200')}, {'design_a': 'No', 'design_b': 'Yes', 'wage_b': Decimal('14300'), 'wage_a': Decimal('18400')}, {'design_a': 'No', 'design_b': 'Yes', 'wage_b': Decimal('13400'), 'wage_a': Decimal('18000')}, {'design_a': 'Yes', 'design_b': 'No', 'wage_b': Decimal('22500'), 'wage_a': Decimal('17800')}]",18000,0.268689107,0.156018188,5.639485305,2.821242071
1/30/25 9:06,37141190-e543-49d1-acc8-18dd8fae0ba2,English,Savli,26,Male,Informal,Steel + Cement,,local,,,No,Monthly,5,11000,"['1', '0', '0', '0', '0', '0', '0', '0', '1', '1']","[{'design_a': 'No', 'design_b': 'Yes', 'wage_b': Decimal('9600'), 'wage_a': Decimal('14700')}, {'design_a': 'No', 'design_b': 'Yes', 'wage_b': Decimal('6900'), 'wage_a': Decimal('14200')}, {'design_a': 'Yes', 'design_b': 'No', 'wage_b': Decimal('15500'), 'wage_a': Decimal('9200')}, {'design_a': 'No', 'design_b': 'Yes', 'wage_b': Decimal('6400'), 'wage_a': Decimal('12700')}, {'design_a': 'No', 'design_b': 'Yes', 'wage_b': Decimal('6600'), 'wage_a': Decimal('11600')}, {'design_a': 'Yes', 'design_b': 'No', 'wage_b': Decimal('13500'), 'wage_a': Decimal('9000')}, {'design_a': 'No', 'design_b': 'Yes', 'wage_b': Decimal('7000'), 'wage_a': Decimal('11000')}, {'design_a': 'No', 'design_b': 'Yes', 'wage_b': Decimal('6600'), 'wage_a': Decimal('11200')}, {'design_a': 'No', 'design_b': 'Yes', 'wage_b': Decimal('9900'), 'wage_a': Decimal('15600')}, {'design_a': 'No', 'design_b': 'Yes', 'wage_b': Decimal('9300'), 'wage_a': Decimal('13800')}]",11000,0.509215468,0.164254675,5.448234572,2.826224582
1/30/25 9:09,39bcaaef-9f12-4926-9590-c449efac48fe,English,Savli,23,Male,Informal,Steel + Cement,,local,,,No,Monthly,4,10000,"['0', '1', '0', '1', '0', '1', '0', '1', '1', '0']","[{'design_a': 'No', 'design_b': 'Yes', 'wage_b': Decimal('6100'), 'wage_a': Decimal('10500')}, {'design_a': 'Yes', 'design_b': 'No', 'wage_b': Decimal('10900'), 'wage_a': Decimal('8100')}, {'design_a': 'No', 'design_b': 'Yes', 'wage_b': Decimal('8700'), 'wage_a': Decimal('10400')}, {'design_a': 'No', 'design_b': 'Yes', 'wage_b': Decimal('11900'), 'wage_a': Decimal('12700')}, {'design_a': 'Yes', 'design_b': 'No', 'wage_b': Decimal('11100'), 'wage_a': Decimal('9700')}, {'design_a': 'Yes', 'design_b': 'No', 'wage_b': Decimal('13400'), 'wage_a': Decimal('9400')}, {'design_a': 'No', 'design_b': 'Yes', 'wage_b': Decimal('7600'), 'wage_a': Decimal('9000')}, {'design_a': 'No', 'design_b': 'Yes', 'wage_b': Decimal('11300'), 'wage_a': Decimal('13200')}, {'design_a': 'Yes', 'design_b': 'No', 'wage_b': Decimal('9900'), 'wage_a': Decimal('8400')}, {'design_a': 'No', 'design_b': 'Yes', 'wage_b': Decimal('6100'), 'wage_a': Decimal('7000')}]",10000,0.147172803,0.142732553,6.007222906,2.780965357
1/30/25 10:33,56966a7c-7003-4b22-934a-22fba299bcb3,English,Savli,52,Male,Informal,Construction,,local,,,No,Monthly,6,12000,"['0', '1', '0', '1', '1', '0', '0', '1', '1', '0']","[{'design_a': 'Yes', 'design_b': 'No', 'wage_b': Decimal('17300'), 'wage_a': Decimal('10600')}, {'design_a': 'Yes', 'design_b': 'No', 'wage_b': Decimal('11700'), 'wage_a': Decimal('6400')}, {'design_a': 'No', 'design_b': 'Yes', 'wage_b': Decimal('9600'), 'wage_a': Decimal('15000')}, {'design_a': 'No', 'design_b': 'Yes', 'wage_b': Decimal('11100'), 'wage_a': Decimal('16800')}, {'design_a': 'Yes', 'design_b': 'No', 'wage_b': Decimal('11800'), 'wage_a': Decimal('7900')}, {'design_a': 'No', 'design_b': 'Yes', 'wage_b': Decimal('8700'), 'wage_a': Decimal('12000')}, {'design_a': 'No', 'design_b': 'Yes', 'wage_b': Decimal('6500'), 'wage_a': Decimal('8400')}, {'design_a': 'Yes', 'design_b': 'No', 'wage_b': Decimal('7700'), 'wage_a': Decimal('6300')}, {'design_a': 'Yes', 'design_b': 'No', 'wage_b': Decimal('15000'), 'wage_a': Decimal('12600')}, {'design_a': 'Yes', 'design_b': 'No', 'wage_b': Decimal('11000'), 'wage_a': Decimal('10000')}]",12000,0.25260166,0.205522707,3.418680628,2.447706459
1/30/25 10:36,72650134-9c0c-4cf5-8127-5540c6b64828,English,Savli,34,Male,Formal,Steel + Cement,,local,,,Yes,Monthly,3,25000,"['1', '1', '0', '1', '0', '1', '0', '1', '1', '0']","[{'design_a': 'Yes', 'design_b': 'No', 'wage_b': Decimal('34400'), 'wage_a': Decimal('19900')}, {'design_a': 'Yes', 'design_b': 'No', 'wage_b': Decimal('27500'), 'wage_a': Decimal('20500')}, {'design_a': 'Yes', 'design_b': 'No', 'wage_b': Decimal('30700'), 'wage_a': Decimal('24800')}, {'design_a': 'Yes', 'design_b': 'No', 'wage_b': Decimal('21300'), 'wage_a': Decimal('16600')}, {'design_a': 'No', 'design_b': 'Yes', 'wage_b': Decimal('21400'), 'wage_a': Decimal('26700')}, {'design_a': 'Yes', 'design_b': 'No', 'wage_b': Decimal('32800'), 'wage_a': Decimal('27800')}, {'design_a': 'No', 'design_b': 'Yes', 'wage_b': Decimal('14000'), 'wage_a': Decimal('15500')}, {'design_a': 'No', 'design_b': 'Yes', 'wage_b': Decimal('24400'), 'wage_a': Decimal('26100')}, {'design_a': 'Yes', 'design_b': 'No', 'wage_b': Decimal('20300'), 'wage_a': Decimal('17800')}, {'design_a': 'No', 'design_b': 'Yes', 'wage_b': Decimal('21800'), 'wage_a': Decimal('23800')}]",25000,0.111928049,0.130341081,5.698678893,2.80529994
1/30/25 12:54,c890a24b-4013-4685-9c59-663654fe9403,Hindi,Navi Mumbai,35,Male,Informal,Construction,,migrant,alone,Uttar Pradesh,No,Monthly,8,20000,"['0', '1', '0', '1', '1', '0', '0', '1', '1', '1']","[{'design_a': 'No', 'design_b': 'Yes', 'wage_b': Decimal('16300'), 'wage_a': Decimal('23800')}, {'design_a': 'No', 'design_b': 'Yes', 'wage_b': Decimal('24700'), 'wage_a': Decimal('28600')}, {'design_a': 'No', 'design_b': 'Yes', 'wage_b': Decimal('13600'), 'wage_a': Decimal('18200')}, {'design_a': 'Yes', 'design_b': 'No', 'wage_b': Decimal('19700'), 'wage_a': Decimal('16200')}, {'design_a': 'No', 'design_b': 'Yes', 'wage_b': Decimal('24300'), 'wage_a': Decimal('28500')}, {'design_a': 'No', 'design_b': 'Yes', 'wage_b': Decimal('11400'), 'wage_a': Decimal('17500')}, {'design_a': 'No', 'design_b': 'Yes', 'wage_b': Decimal('21600'), 'wage_a': Decimal('24700')}, {'design_a': 'No', 'design_b': 'Yes', 'wage_b': Decimal('25400'), 'wage_a': Decimal('30000')}, {'design_a': 'Yes', 'design_b': 'No', 'wage_b': Decimal('18100'), 'wage_a': Decimal('13200')}, {'design_a': 'Yes', 'design_b': 'No', 'wage_b': Decimal('27300'), 'wage_a': Decimal('22600')}]",20000,0.156132324,0.136369669,5.909531268,2.736319197
1/30/25 12:58,ada0e6bc-f743-4903-868d-31d7c98064f3,Hindi,Navi Mumbai,34,Male,Informal,Chemical,,migrant,family,Uttar Pradesh,Yes,Monthly,6,22000,"['1', '0', '0', '0', '0', '1', '1', '1', '0', '1']","[{'design_a': 'Yes', 'design_b': 'No', 'wage_b': Decimal('22600'), 'wage_a': Decimal('13500')}, {'design_a': 'No', 'design_b': 'Yes', 'wage_b': Decimal('12600'), 'wage_a': Decimal('17500')}, {'design_a': 'Yes', 'design_b': 'No', 'wage_b': Decimal('30900'), 'wage_a': Decimal('27400')}, {'design_a': 'Yes', 'design_b': 'No', 'wage_b': Decimal('29200'), 'wage_a': Decimal('21600')}, {'design_a': 'No', 'design_b': 'Yes', 'wage_b': Decimal('15000'), 'wage_a': Decimal('19400')}, {'design_a': 'Yes', 'design_b': 'No', 'wage_b': Decimal('21400'), 'wage_a': Decimal('14600')}, {'design_a': 'No', 'design_b': 'Yes', 'wage_b': Decimal('25400'), 'wage_a': Decimal('30000')}, {'design_a': 'No', 'design_b': 'Yes', 'wage_b': Decimal('25500'), 'wage_a': Decimal('32800')}, {'design_a': 'No', 'design_b': 'Yes', 'wage_b': Decimal('15400'), 'wage_a': Decimal('21900')}, {'design_a': 'Yes', 'design_b': 'No', 'wage_b': Decimal('22400'), 'wage_a': Decimal('16100')}]",22000,0.259953067,0.155802696,5.732543675,2.838846446
1/30/25 13:02,b63f7964-0255-4df1-aede-d158a021c2c3,Hindi,Navi Mumbai,34,Male,Formal,Chemical,,migrant,family,Uttar Pradesh,Partly,Monthly,6,22000,"['1', '1', '1', '1', '1', '0', '1', '1', '1', '0']","[{'design_a': 'Yes', 'design_b': 'No', 'wage_b': Decimal('20400'), 'wage_a': Decimal('12500')}, {'design_a': 'Yes', 'design_b': 'No', 'wage_b': Decimal('19200'), 'wage_a': Decimal('14400')}, {'design_a': 'No', 'design_b': 'Yes', 'wage_b': Decimal('21300'), 'wage_a': Decimal('25900')}, {'design_a': 'No', 'design_b': 'Yes', 'wage_b': Decimal('22900'), 'wage_a': Decimal('29700')}, {'design_a': 'Yes', 'design_b': 'No', 'wage_b': Decimal('19900'), 'wage_a': Decimal('14700')}, {'design_a': 'Yes', 'design_b': 'No', 'wage_b': Decimal('30100'), 'wage_a': Decimal('23000')}, {'design_a': 'Yes', 'design_b': 'No', 'wage_b': Decimal('20100'), 'wage_a': Decimal('14400')}, {'design_a': 'No', 'design_b': 'Yes', 'wage_b': Decimal('19900'), 'wage_a': Decimal('28700')}, {'design_a': 'Yes', 'design_b': 'No', 'wage_b': Decimal('19900'), 'wage_a': Decimal('11700')}, {'design_a': 'No', 'design_b': 'Yes', 'wage_b': Decimal('17500'), 'wage_a': Decimal('24900')}]",22000,0.289143106,0.168988276,5.009913181,2.932016935
1/30/25 13:14,ef13cd07-25cf-4d1b-bef5-fe42ab6ffc2e,Hindi,Navi Mumbai,26,Male,Formal,Construction,,migrant,family,Uttar Pradesh,No,Monthly,4,14000,"['0', '1', '0', '0', '0', '1', '1', '1', '1', '1']","[{'design_a': 'No', 'design_b': 'Yes', 'wage_b': Decimal('11100'), 'wage_a': Decimal('19100')}, {'design_a': 'No', 'design_b': 'Yes', 'wage_b': Decimal('13500'), 'wage_a': Decimal('19500')}, {'design_a': 'Yes', 'design_b': 'No', 'wage_b': Decimal('19200'), 'wage_a': Decimal('12300')}, {'design_a': 'Yes', 'design_b': 'No', 'wage_b': Decimal('18200'), 'wage_a': Decimal('11000')}, {'design_a': 'Yes', 'design_b': 'No', 'wage_b': Decimal('19300'), 'wage_a': Decimal('10800')}, {'design_a': 'No', 'design_b': 'Yes', 'wage_b': Decimal('10700'), 'wage_a': Decimal('21000')}, {'design_a': 'Yes', 'design_b': 'No', 'wage_b': Decimal('16400'), 'wage_a': Decimal('7400')}, {'design_a': 'Yes', 'design_b': 'No', 'wage_b': Decimal('14700'), 'wage_a': Decimal('7000')}, {'design_a': 'Yes', 'design_b': 'No', 'wage_b': Decimal('19200'), 'wage_a': Decimal('9700')}, {'design_a': 'Yes', 'design_b': 'No', 'wage_b': Decimal('20900'), 'wage_a': Decimal('10700')}]",14000,0.584862354,0.167462587,5.369885609,2.821995298
1/30/25 13:20,a09084fb-9c6c-49ab-92f3-853d49a729c8,Hindi,Navi Mumbai,42,Male,Informal,Other,Colour product company ,migrant,alone,Madhya Pradesh,No,Monthly,5,16000,"['1', '1', '1', '1', '1', '0', '1', '0', '0', '1']","[{'design_a': 'Yes', 'design_b': 'No', 'wage_b': Decimal('13700'), 'wage_a': Decimal('8500')}, {'design_a': 'Yes', 'design_b': 'No', 'wage_b': Decimal('23900'), 'wage_a': Decimal('17200')}, {'design_a': 'Yes', 'design_b': 'No', 'wage_b': Decimal('15300'), 'wage_a': Decimal('12900')}, {'design_a': 'Yes', 'design_b': 'No', 'wage_b': Decimal('11800'), 'wage_a': Decimal('10400')}, {'design_a': 'No', 'design_b': 'Yes', 'wage_b': Decimal('21600'), 'wage_a': Decimal('23600')}, {'design_a': 'Yes', 'design_b': 'No', 'wage_b': Decimal('14900'), 'wage_a': Decimal('13100')}, {'design_a': 'No', 'design_b': 'Yes', 'wage_b': Decimal('19000'), 'wage_a': Decimal('21600')}, {'design_a': 'No', 'design_b': 'Yes', 'wage_b': Decimal('12900'), 'wage_a': Decimal('15600')}, {'design_a': 'Yes', 'design_b': 'No', 'wage_b': Decimal('10800'), 'wage_a': Decimal('9300')}, {'design_a': 'Yes', 'design_b': 'No', 'wage_b': Decimal('11300'), 'wage_a': Decimal('9500')}]",16000,0.197471959,0.175641037,5.292445771,2.951074754
2/4/25 11:34,0bb051ba-e523-4143-bb8a-c1e3ddb87bb2,Hindi,Bhosari,43,Male,Formal,Automotive,,migrant,family,Maharashtra,Yes,Monthly,5,17000,"['1', '1', '1', '0', '1', '1', '0', '1', '1', '1']","[{'design_a': 'Yes', 'design_b': 'No', 'wage_b': Decimal('19300'), 'wage_a': Decimal('11700')}, {'design_a': 'Yes', 'design_b': 'No', 'wage_b': Decimal('15000'), 'wage_a': Decimal('12300')}, {'design_a': 'Yes', 'design_b': 'No', 'wage_b': Decimal('13500'), 'wage_a': Decimal('11700')}, {'design_a': 'No', 'design_b': 'Yes', 'wage_b': Decimal('12800'), 'wage_a': Decimal('15500')}, {'design_a': 'No', 'design_b': 'Yes', 'wage_b': Decimal('16000'), 'wage_a': Decimal('17500')}, {'design_a': 'Yes', 'design_b': 'No', 'wage_b': Decimal('21800'), 'wage_a': Decimal('19600')}, {'design_a': 'Yes', 'design_b': 'No', 'wage_b': Decimal('24000'), 'wage_a': Decimal('21800')}, {'design_a': 'Yes', 'design_b': 'No', 'wage_b': Decimal('22600'), 'wage_a': Decimal('19400')}, {'design_a': 'Yes', 'design_b': 'No', 'wage_b': Decimal('22000'), 'wage_a': Decimal('18400')}, {'design_a': 'Yes', 'design_b': 'No', 'wage_b': Decimal('16200'), 'wage_a': Decimal('14100')}]",17000,0.103493875,0.1336451,6.249279526,2.876797454
2/4/25 11:38,77e919ad-efc1-48de-beee-4187150c249c,Hindi,Bhosari,26,Male,Formal,Automotive,,migrant,alone,Maharashtra,No,Monthly,4,20000,"['1', '0', '0', '0', '0', '0', '0', '1', '1', '0']","[{'design_a': 'Yes', 'design_b': 'No', 'wage_b': Decimal('26800'), 'wage_a': Decimal('16800')}, {'design_a': 'No', 'design_b': 'Yes', 'wage_b': Decimal('19000'), 'wage_a': Decimal('27200')}, {'design_a': 'No', 'design_b': 'Yes', 'wage_b': Decimal('14700'), 'wage_a': Decimal('18300')}, {'design_a': 'No', 'design_b': 'Yes', 'wage_b': Decimal('24900'), 'wage_a': Decimal('28000')}, {'design_a': 'Yes', 'design_b': 'No', 'wage_b': Decimal('26200'), 'wage_a': Decimal('24000')}, {'design_a': 'No', 'design_b': 'Yes', 'wage_b': Decimal('13500'), 'wage_a': Decimal('15300')}, {'design_a': 'No', 'design_b': 'Yes', 'wage_b': Decimal('20800'), 'wage_a': Decimal('24900')}, {'design_a': 'Yes', 'design_b': 'No', 'wage_b': Decimal('18300'), 'wage_a': Decimal('16100')}, {'design_a': 'Yes', 'design_b': 'No', 'wage_b': Decimal('12500'), 'wage_a': Decimal('11600')}, {'design_a': 'No', 'design_b': 'Yes', 'wage_b': Decimal('24400'), 'wage_a': Decimal('25500')}]",20000,0.076038564,0.115577191,6.611951269,2.686891895
2/4/25 11:42,9edc1712-1e6e-44a7-b19a-4acd3f050903,Hindi,Bhosari,30,Female,Formal,Automotive,,migrant,family,Karnataka,No,Monthly,2,25000,"['1', '0', '0', '0', '0', '1', '1', '0', '0', '0']","[{'design_a': 'Yes', 'design_b': 'No', 'wage_b': Decimal('25000'), 'wage_a': Decimal('13000')}, {'design_a': 'No', 'design_b': 'Yes', 'wage_b': Decimal('13400'), 'wage_a': Decimal('19100')}, {'design_a': 'No', 'design_b': 'Yes', 'wage_b': Decimal('18200'), 'wage_a': Decimal('19900')}, {'design_a': 'Yes', 'design_b': 'No', 'wage_b': Decimal('36300'), 'wage_a': Decimal('34300')}, {'design_a': 'No', 'design_b': 'Yes', 'wage_b': Decimal('17500'), 'wage_a': Decimal('20200')}, {'design_a': 'No', 'design_b': 'Yes', 'wage_b': Decimal('32200'), 'wage_a': Decimal('35700')}, {'design_a': 'No', 'design_b': 'Yes', 'wage_b': Decimal('21600'), 'wage_a': Decimal('25200')}, {'design_a': 'No', 'design_b': 'Yes', 'wage_b': Decimal('13900'), 'wage_a': Decimal('18400')}, {'design_a': 'Yes', 'design_b': 'No', 'wage_b': Decimal('37300'), 'wage_a': Decimal('32100')}, {'design_a': 'No', 'design_b': 'Yes', 'wage_b': Decimal('14700'), 'wage_a': Decimal('19000')}]",25000,0.19682364,0.163034493,5.586573474,2.774343858
2/4/25 11:47,f1939cde-1847-4b9f-a243-0ea683380f04,Hindi,Bhosari,32,Female,Formal,Automotive,,migrant,family,Maharashtra,No,Monthly,3,15000,"['0', '1', '1', '1', '0', '0', '1', '1', '0', '1']","[{'design_a': 'No', 'design_b': 'Yes', 'wage_b': Decimal('12800'), 'wage_a': Decimal('20900')}, {'design_a': 'Yes', 'design_b': 'No', 'wage_b': Decimal('18100'), 'wage_a': Decimal('13800')}, {'design_a': 'Yes', 'design_b': 'No', 'wage_b': Decimal('9100'), 'wage_a': Decimal('7800')}, {'design_a': 'Yes', 'design_b': 'No', 'wage_b': Decimal('11000'), 'wage_a': Decimal('10000')}, {'design_a': 'No', 'design_b': 'Yes', 'wage_b': Decimal('20700'), 'wage_a': Decimal('22300')}, {'design_a': 'Yes', 'design_b': 'No', 'wage_b': Decimal('14400'), 'wage_a': Decimal('14000')}, {'design_a': 'No', 'design_b': 'Yes', 'wage_b': Decimal('17700'), 'wage_a': Decimal('19000')}, {'design_a': 'Yes', 'design_b': 'No', 'wage_b': Decimal('19800'), 'wage_a': Decimal('16500')}, {'design_a': 'No', 'design_b': 'Yes', 'wage_b': Decimal('13000'), 'wage_a': Decimal('15000')}, {'design_a': 'No', 'design_b': 'Yes', 'wage_b': Decimal('10000'), 'wage_a': Decimal('10600')}]",15000,0.123383359,0.150818251,6.268279829,2.890974093
2/5/25 7:04,4a1b99a3-dc3c-428f-bfab-7a300cc0cc98,Hindi,Bhosari,38,Male,Informal,Power Generation,,migrant,family,Rajasthan,Yes,Monthly,6,14000,"['0', '1', '0', '0', '1', '1', '1', '1', '0', '1']","[{'design_a': 'No', 'design_b': 'Yes', 'wage_b': Decimal('10600'), 'wage_a': Decimal('15000')}, {'design_a': 'Yes', 'design_b': 'No', 'wage_b': Decimal('9400'), 'wage_a': Decimal('7600')}, {'design_a': 'Yes', 'design_b': 'No', 'wage_b': Decimal('15800'), 'wage_a': Decimal('13900')}, {'design_a': 'No', 'design_b': 'Yes', 'wage_b': Decimal('7000'), 'wage_a': Decimal('9000')}, {'design_a': 'Yes', 'design_b': 'No', 'wage_b': Decimal('16400'), 'wage_a': Decimal('13700')}, {'design_a': 'Yes', 'design_b': 'No', 'wage_b': Decimal('19500'), 'wage_a': Decimal('16500')}, {'design_a': 'Yes', 'design_b': 'No', 'wage_b': Decimal('19700'), 'wage_a': Decimal('16600')}, {'design_a': 'Yes', 'design_b': 'No', 'wage_b': Decimal('11900'), 'wage_a': Decimal('9400')}, {'design_a': 'No', 'design_b': 'Yes', 'wage_b': Decimal('13900'), 'wage_a': Decimal('15900')}, {'design_a': 'Yes', 'design_b': 'No', 'wage_b': Decimal('20900'), 'wage_a': Decimal('19400')}]",14000,0.077750112,0.100614151,6.560161963,2.529840294
2/5/25 7:16,8e2bc92c-3972-4fd9-86e4-eaf8c598e640,Hindi,Bhosari,43,Male,Informal,Other,Shop assistant ,migrant,family,Maharashtra,No,Monthly,4,25000,"['0', '0', '1', '1', '1', '1', '0', '1', '1', '1']","[{'design_a': 'Yes', 'design_b': 'No', 'wage_b': Decimal('22300'), 'wage_a': Decimal('13600')}, {'design_a': 'No', 'design_b': 'Yes', 'wage_b': Decimal('14500'), 'wage_a': Decimal('29300')}, {'design_a': 'Yes', 'design_b': 'No', 'wage_b': Decimal('28600'), 'wage_a': Decimal('15500')}, {'design_a': 'Yes', 'design_b': 'No', 'wage_b': Decimal('35100'), 'wage_a': Decimal('20100')}, {'design_a': 'Yes', 'design_b': 'No', 'wage_b': Decimal('32000'), 'wage_a': Decimal('19500')}, {'design_a': 'No', 'design_b': 'Yes', 'wage_b': Decimal('26300'), 'wage_a': Decimal('37200')}, {'design_a': 'No', 'design_b': 'Yes', 'wage_b': Decimal('13500'), 'wage_a': Decimal('19700')}, {'design_a': 'Yes', 'design_b': 'No', 'wage_b': Decimal('17600'), 'wage_a': Decimal('13300')}, {'design_a': 'No', 'design_b': 'Yes', 'wage_b': Decimal('27900'), 'wage_a': Decimal('32400')}, {'design_a': 'No', 'design_b': 'Yes', 'wage_b': Decimal('25700'), 'wage_a': Decimal('36900')}]",25000,0.362439238,0.173114911,4.897180713,2.743725153
2/5/25 7:16,7694a724-70cc-48fc-bbb4-ad859ff93a5a,Hindi,Bhosari,30,Male,Formal,Other,IT ,migrant,family,Bihar,Yes,Monthly,8,25000,"['0', '0', '1', '1', '0', '0', '1', '1', '1', '1']","[{'design_a': 'No', 'design_b': 'Yes', 'wage_b': Decimal('20200'), 'wage_a': Decimal('33600')}, {'design_a': 'No', 'design_b': 'Yes', 'wage_b': Decimal('14500'), 'wage_a': Decimal('18100')}, {'design_a': 'Yes', 'design_b': 'No', 'wage_b': Decimal('34300'), 'wage_a': Decimal('30300')}, {'design_a': 'Yes', 'design_b': 'No', 'wage_b': Decimal('18800'), 'wage_a': Decimal('15900')}, {'design_a': 'No', 'design_b': 'Yes', 'wage_b': Decimal('24100'), 'wage_a': Decimal('28400')}, {'design_a': 'No', 'design_b': 'Yes', 'wage_b': Decimal('27900'), 'wage_a': Decimal('30100')}, {'design_a': 'Yes', 'design_b': 'No', 'wage_b': Decimal('19100'), 'wage_a': Decimal('18200')}, {'design_a': 'Yes', 'design_b': 'No', 'wage_b': Decimal('36800'), 'wage_a': Decimal('33500')}, {'design_a': 'Yes', 'design_b': 'No', 'wage_b': Decimal('18500'), 'wage_a': Decimal('18000')}, {'design_a': 'Yes', 'design_b': 'No', 'wage_b': Decimal('14100'), 'wage_a': Decimal('13500')}]",25000,0.06492974,0.120902462,6.297926709,2.880300267
2/5/25 7:21,21af7c09-eb93-4f75-8093-0bcf9c7e3834,Hindi,Bhosari,38,Male,Informal,Other,Security guard ,migrant,family,Maharashtra,Yes,Monthly,3,25000,"['1', '1', '0', '0', '1', '0', '0', '0', '0', '0']","[{'design_a': 'Yes', 'design_b': 'No', 'wage_b': Decimal('36000'), 'wage_a': Decimal('21500')}, {'design_a': 'Yes', 'design_b': 'No', 'wage_b': Decimal('24500'), 'wage_a': Decimal('17000')}, {'design_a': 'Yes', 'design_b': 'No', 'wage_b': Decimal('35800'), 'wage_a': Decimal('29700')}, {'design_a': 'No', 'design_b': 'Yes', 'wage_b': Decimal('16700'), 'wage_a': Decimal('22000')}, {'design_a': 'Yes', 'design_b': 'No', 'wage_b': Decimal('27600'), 'wage_a': Decimal('19900')}, {'design_a': 'No', 'design_b': 'Yes', 'wage_b': Decimal('15400'), 'wage_a': Decimal('19200')}, {'design_a': 'No', 'design_b': 'Yes', 'wage_b': Decimal('18600'), 'wage_a': Decimal('22700')}, {'design_a': 'Yes', 'design_b': 'No', 'wage_b': Decimal('29900'), 'wage_a': Decimal('25400')}, {'design_a': 'No', 'design_b': 'Yes', 'wage_b': Decimal('20600'), 'wage_a': Decimal('24800')}, {'design_a': 'No', 'design_b': 'Yes', 'wage_b': Decimal('14800'), 'wage_a': Decimal('18800')}]",25000,0.125678599,0.10969123,6.293786176,2.610538091
2/5/25 7:27,f7c806eb-5fbc-49ee-9bb8-15034948e3da,Hindi,Bhosari,28,Male,Informal,Other,Shop assistant ,migrant,family,Maharashtra,Yes,Monthly,4,15000,"['1', '0', '0', '0', '0', '1', '1', '1', '1', '0']","[{'design_a': 'Yes', 'design_b': 'No', 'wage_b': Decimal('21500'), 'wage_a': Decimal('13000')}, {'design_a': 'No', 'design_b': 'Yes', 'wage_b': Decimal('14600'), 'wage_a': Decimal('18800')}, {'design_a': 'No', 'design_b': 'Yes', 'wage_b': Decimal('7700'), 'wage_a': Decimal('8700')}, {'design_a': 'No', 'design_b': 'Yes', 'wage_b': Decimal('14800'), 'wage_a': Decimal('18500')}, {'design_a': 'Yes', 'design_b': 'No', 'wage_b': Decimal('11500'), 'wage_a': Decimal('10600')}, {'design_a': 'Yes', 'design_b': 'No', 'wage_b': Decimal('12600'), 'wage_a': Decimal('9800')}, {'design_a': 'Yes', 'design_b': 'No', 'wage_b': Decimal('17500'), 'wage_a': Decimal('15800')}, {'design_a': 'Yes', 'design_b': 'No', 'wage_b': Decimal('17000'), 'wage_a': Decimal('15400')}, {'design_a': 'No', 'design_b': 'Yes', 'wage_b': Decimal('20800'), 'wage_a': Decimal('22200')}, {'design_a': 'No', 'design_b': 'Yes', 'wage_b': Decimal('10100'), 'wage_a': Decimal('13700')}]",15000,0.088035339,0.108978627,6.60933624,2.562443473
2/5/25 7:29,dfe5b74e-e717-4a32-9813-740b731c9a2e,Hindi,Bhosari,38,Male,Informal,Other,Company Drivar ,migrant,family,Maharashtra,No,Monthly,4,12000,"['0', '0', '0', '1', '0', '0', '1', '1', '1', '0']","[{'design_a': 'No', 'design_b': 'Yes', 'wage_b': Decimal('8200'), 'wage_a': Decimal('13300')}, {'design_a': 'No', 'design_b': 'Yes', 'wage_b': Decimal('13400'), 'wage_a': Decimal('16500')}, {'design_a': 'No', 'design_b': 'Yes', 'wage_b': Decimal('10700'), 'wage_a': Decimal('12500')}, {'design_a': 'Yes', 'design_b': 'No', 'wage_b': Decimal('11600'), 'wage_a': Decimal('10700')}, {'design_a': 'No', 'design_b': 'Yes', 'wage_b': Decimal('9500'), 'wage_a': Decimal('10000')}, {'design_a': 'No', 'design_b': 'Yes', 'wage_b': Decimal('8900'), 'wage_a': Decimal('9200')}, {'design_a': 'Yes', 'design_b': 'No', 'wage_b': Decimal('16700'), 'wage_a': Decimal('15600')}, {'design_a': 'Yes', 'design_b': 'No', 'wage_b': Decimal('15200'), 'wage_a': Decimal('14500')}, {'design_a': 'Yes', 'design_b': 'No', 'wage_b': Decimal('13100'), 'wage_a': Decimal('12800')}, {'design_a': 'No', 'design_b': 'Yes', 'wage_b': Decimal('7100'), 'wage_a': Decimal('7200')}]",12000,0.080772464,0.137967276,5.563819217,3.117826257
2/5/25 8:09,00444eb2-67d4-415f-9663-6e620bc40d5e,Hindi,Bhosari,42,Male,Formal,Automotive,,migrant,family,Maharashtra,Yes,Monthly,5,30000,"['1', '1', '1', '0', '0', '0', '1', '0', '0', '0']","[{'design_a': 'Yes', 'design_b': 'No', 'wage_b': Decimal('41900'), 'wage_a': Decimal('24000')}, {'design_a': 'Yes', 'design_b': 'No', 'wage_b': Decimal('20600'), 'wage_a': Decimal('15100')}, {'design_a': 'Yes', 'design_b': 'No', 'wage_b': Decimal('34500'), 'wage_a': Decimal('28400')}, {'design_a': 'No', 'design_b': 'Yes', 'wage_b': Decimal('19400'), 'wage_a': Decimal('23000')}, {'design_a': 'No', 'design_b': 'Yes', 'wage_b': Decimal('27600'), 'wage_a': Decimal('30000')}, {'design_a': 'No', 'design_b': 'Yes', 'wage_b': Decimal('33800'), 'wage_a': Decimal('38500')}, {'design_a': 'No', 'design_b': 'Yes', 'wage_b': Decimal('41500'), 'wage_a': Decimal('43200')}, {'design_a': 'No', 'design_b': 'Yes', 'wage_b': Decimal('33800'), 'wage_a': Decimal('36400')}, {'design_a': 'Yes', 'design_b': 'No', 'wage_b': Decimal('40100'), 'wage_a': Decimal('38500')}, {'design_a': 'Yes', 'design_b': 'No', 'wage_b': Decimal('43500'), 'wage_a': Decimal('38600')}]",30000,0.133868927,0.148501099,5.802583659,2.846510113
2/5/25 10:00,3831c288-cf7e-4e44-bfc0-1fe42807899d,Hindi,Bhosari,35,Male,Informal,Automotive,,migrant,alone,Bihar,Yes,Monthly,5,19000,"['0', '1', '1', '1', '1', '0', '1', '1', '1', '1']","[{'design_a': 'No', 'design_b': 'Yes', 'wage_b': Decimal('15900'), 'wage_a': Decimal('25700')}, {'design_a': 'No', 'design_b': 'Yes', 'wage_b': Decimal('18700'), 'wage_a': Decimal('24800')}, {'design_a': 'No', 'design_b': 'Yes', 'wage_b': Decimal('18600'), 'wage_a': Decimal('26900')}, {'design_a': 'Yes', 'design_b': 'No', 'wage_b': Decimal('24900'), 'wage_a': Decimal('13300')}, {'design_a': 'Yes', 'design_b': 'No', 'wage_b': Decimal('17400'), 'wage_a': Decimal('11500')}, {'design_a': 'Yes', 'design_b': 'No', 'wage_b': Decimal('24100'), 'wage_a': Decimal('17400')}, {'design_a': 'No', 'design_b': 'Yes', 'wage_b': Decimal('16300'), 'wage_a': Decimal('25300')}, {'design_a': 'Yes', 'design_b': 'No', 'wage_b': Decimal('22000'), 'wage_a': Decimal('13200')}, {'design_a': 'Yes', 'design_b': 'No', 'wage_b': Decimal('20900'), 'wage_a': Decimal('12300')}, {'design_a': 'Yes', 'design_b': 'No', 'wage_b': Decimal('24800'), 'wage_a': Decimal('16800')}]",19000,0.368815183,0.161638393,5.467688932,2.865053263
2/5/25 10:09,7ff8a796-e308-4d38-8937-7ab45ce6cca1,Hindi,Bhosari,34,Male,Formal,Automotive,,migrant,family,Maharashtra,Yes,Monthly,3,15000,"['1', '1', '0', '0', '0', '1', '1', '1', '0', '0']","[{'design_a': 'Yes', 'design_b': 'No', 'wage_b': Decimal('19000'), 'wage_a': Decimal('12800')}, {'design_a': 'Yes', 'design_b': 'No', 'wage_b': Decimal('19500'), 'wage_a': Decimal('14900')}, {'design_a': 'No', 'design_b': 'Yes', 'wage_b': Decimal('8700'), 'wage_a': Decimal('10000')}, {'design_a': 'No', 'design_b': 'Yes', 'wage_b': Decimal('10900'), 'wage_a': Decimal('14800')}, {'design_a': 'No', 'design_b': 'Yes', 'wage_b': Decimal('10400'), 'wage_a': Decimal('11000')}, {'design_a': 'No', 'design_b': 'Yes', 'wage_b': Decimal('17600'), 'wage_a': Decimal('17800')}, {'design_a': 'No', 'design_b': 'Yes', 'wage_b': Decimal('15800'), 'wage_a': Decimal('19000')}, {'design_a': 'Yes', 'design_b': 'No', 'wage_b': Decimal('17400'), 'wage_a': Decimal('14800')}, {'design_a': 'No', 'design_b': 'Yes', 'wage_b': Decimal('13900'), 'wage_a': Decimal('14700')}, {'design_a': 'Yes', 'design_b': 'No', 'wage_b': Decimal('22000'), 'wage_a': Decimal('20300')}]",15000,0.147883071,0.16255405,5.206066272,2.906916495
2/9/25 5:13,ccea5b69-b07e-42f8-936b-9b9ea96c3541,Hindi,Saki Naka,45,Male,Informal,Construction,,migrant,alone,Uttar Pradesh,No,Daily,6,800,"['0', '0', '0', '0', '1', '0', '0', '1', '1', '1']","[{'design_a': 'No', 'design_b': 'Yes', 'wage_b': Decimal('700'), 'wage_a': Decimal('1160')}, {'design_a': 'No', 'design_b': 'Yes', 'wage_b': Decimal('630'), 'wage_a': Decimal('860')}, {'design_a': 'No', 'design_b': 'Yes', 'wage_b': Decimal('405'), 'wage_a': Decimal('480')}, {'design_a': 'No', 'design_b': 'Yes', 'wage_b': Decimal('945'), 'wage_a': Decimal('1055')}, {'design_a': 'Yes', 'design_b': 'No', 'wage_b': Decimal('1115'), 'wage_a': Decimal('1040')}, {'design_a': 'No', 'design_b': 'Yes', 'wage_b': Decimal('675'), 'wage_a': Decimal('695')}, {'design_a': 'No', 'design_b': 'Yes', 'wage_b': Decimal('905'), 'wage_a': Decimal('970')}, {'design_a': 'Yes', 'design_b': 'No', 'wage_b': Decimal('610'), 'wage_a': Decimal('520')}, {'design_a': 'Yes', 'design_b': 'No', 'wage_b': Decimal('630'), 'wage_a': Decimal('610')}, {'design_a': 'Yes', 'design_b': 'No', 'wage_b': Decimal('1025'), 'wage_a': Decimal('1015')}]",800,0.075031136,0.122455004,5.496869132,2.791200226
2/9/25 6:10,8afb535a-2774-40e3-9df3-6b2372a1ebe5,Hindi,Saki Naka,64,Male,Informal,Garment,,migrant,family,Uttar Pradesh,No,Monthly,10,13000,"['0', '1', '0', '1', '1', '1', '1', '1', '0', '1']","[{'design_a': 'No', 'design_b': 'Yes', 'wage_b': Decimal('7000'), 'wage_a': Decimal('11400')}, {'design_a': 'Yes', 'design_b': 'No', 'wage_b': Decimal('19200'), 'wage_a': Decimal('14400')}, {'design_a': 'No', 'design_b': 'Yes', 'wage_b': Decimal('11800'), 'wage_a': Decimal('14000')}, {'design_a': 'Yes', 'design_b': 'No', 'wage_b': Decimal('15900'), 'wage_a': Decimal('13000')}, {'design_a': 'No', 'design_b': 'Yes', 'wage_b': Decimal('14500'), 'wage_a': Decimal('15900')}, {'design_a': 'No', 'design_b': 'Yes', 'wage_b': Decimal('16500'), 'wage_a': Decimal('18800')}, {'design_a': 'Yes', 'design_b': 'No', 'wage_b': Decimal('14600'), 'wage_a': Decimal('12200')}, {'design_a': 'No', 'design_b': 'Yes', 'wage_b': Decimal('7900'), 'wage_a': Decimal('9100')}, {'design_a': 'No', 'design_b': 'Yes', 'wage_b': Decimal('15800'), 'wage_a': Decimal('18500')}, {'design_a': 'Yes', 'design_b': 'No', 'wage_b': Decimal('11300'), 'wage_a': Decimal('10000')}]",13000,0.143750612,0.144276143,5.700455637,2.83377773
2/9/25 6:10,7b3fdf2a-e338-4532-a4d6-3c5cf7fc8925,Hindi,Saki Naka,60,Male,Informal,Other,Factory worker ,migrant,alone,Uttar Pradesh,No,Monthly,10,13000,"['0', '0', '1', '1', '0', '0', '0', '1', '1', '0']","[{'design_a': 'No', 'design_b': 'Yes', 'wage_b': Decimal('10000'), 'wage_a': Decimal('16200')}, {'design_a': 'No', 'design_b': 'Yes', 'wage_b': Decimal('14200'), 'wage_a': Decimal('19000')}, {'design_a': 'No', 'design_b': 'Yes', 'wage_b': Decimal('12400'), 'wage_a': Decimal('15400')}, {'design_a': 'Yes', 'design_b': 'No', 'wage_b': Decimal('9300'), 'wage_a': Decimal('7100')}, {'design_a': 'No', 'design_b': 'Yes', 'wage_b': Decimal('15600'), 'wage_a': Decimal('18000')}, {'design_a': 'Yes', 'design_b': 'No', 'wage_b': Decimal('11500'), 'wage_a': Decimal('10100')}, {'design_a': 'No', 'design_b': 'Yes', 'wage_b': Decimal('12500'), 'wage_a': Decimal('16300')}, {'design_a': 'Yes', 'design_b': 'No', 'wage_b': Decimal('14600'), 'wage_a': Decimal('11600')}, {'design_a': 'Yes', 'design_b': 'No', 'wage_b': Decimal('16000'), 'wage_a': Decimal('13700')}, {'design_a': 'Yes', 'design_b': 'No', 'wage_b': Decimal('13200'), 'wage_a': Decimal('12600')}]",13000,0.15481649,0.150995407,5.903916319,2.773121689
2/9/25 6:30,df0b6d98-ea48-49d2-a5fd-b123b46c52fd,Hindi,Saki Naka,27,Male,Formal,Garment,,migrant,family,Uttar Pradesh,No,Monthly,10,22000,"['0', '0', '0', '1', '0', '1', '1', '1', '0', '0']","[{'design_a': 'No', 'design_b': 'Yes', 'wage_b': Decimal('15800'), 'wage_a': Decimal('25700')}, {'design_a': 'Yes', 'design_b': 'No', 'wage_b': Decimal('31700'), 'wage_a': Decimal('23100')}, {'design_a': 'No', 'design_b': 'Yes', 'wage_b': Decimal('13000'), 'wage_a': Decimal('21500')}, {'design_a': 'No', 'design_b': 'Yes', 'wage_b': Decimal('23900'), 'wage_a': Decimal('30300')}, {'design_a': 'Yes', 'design_b': 'No', 'wage_b': Decimal('32300'), 'wage_a': Decimal('23000')}, {'design_a': 'Yes', 'design_b': 'No', 'wage_b': Decimal('15900'), 'wage_a': Decimal('11100')}, {'design_a': 'Yes', 'design_b': 'No', 'wage_b': Decimal('16100'), 'wage_a': Decimal('11400')}, {'design_a': 'Yes', 'design_b': 'No', 'wage_b': Decimal('27200'), 'wage_a': Decimal('19200')}, {'design_a': 'No', 'design_b': 'Yes', 'wage_b': Decimal('16100'), 'wage_a': Decimal('22300')}, {'design_a': 'Yes', 'design_b': 'No', 'wage_b': Decimal('29300'), 'wage_a': Decimal('25800')}]",22000,0.288254671,0.153914205,5.716244659,2.852010581
2/9/25 6:33,d57eebe7-ab1e-4753-bce8-a644dae5151d,Hindi,Saki Naka,27,Male,Informal,Garment,,migrant,alone,Uttar Pradesh,No,Monthly,10,22000,"['0', '0', '0', '1', '1', '0', '0', '1', '0', '0']","[{'design_a': 'Yes', 'design_b': 'No', 'wage_b': Decimal('23900'), 'wage_a': Decimal('13600')}, {'design_a': 'No', 'design_b': 'Yes', 'wage_b': Decimal('13200'), 'wage_a': Decimal('26800')}, {'design_a': 'No', 'design_b': 'Yes', 'wage_b': Decimal('15600'), 'wage_a': Decimal('29400')}, {'design_a': 'Yes', 'design_b': 'No', 'wage_b': Decimal('19800'), 'wage_a': Decimal('12500')}, {'design_a': 'No', 'design_b': 'Yes', 'wage_b': Decimal('17500'), 'wage_a': Decimal('28400')}, {'design_a': 'No', 'design_b': 'Yes', 'wage_b': Decimal('11800'), 'wage_a': Decimal('19700')}, {'design_a': 'No', 'design_b': 'Yes', 'wage_b': Decimal('16600'), 'wage_a': Decimal('22500')}, {'design_a': 'Yes', 'design_b': 'No', 'wage_b': Decimal('22600'), 'wage_a': Decimal('17600')}, {'design_a': 'Yes', 'design_b': 'No', 'wage_b': Decimal('25900'), 'wage_a': Decimal('22200')}, {'design_a': 'Yes', 'design_b': 'No', 'wage_b': Decimal('31900'), 'wage_a': Decimal('26100')}]",22000,0.360861613,0.204186893,3.796987204,2.526992906
2/9/25 6:58,6e6926ce-eaf1-47e6-9aa3-c9300cb7dc3e,Hindi,Saki Naka,40,Male,Informal,Other,Naka worker ,migrant,alone,Uttar Pradesh,No,Daily,7,600,"['0', '0', '0', '0', '0', '0', '0', '0', '0', '0']","[{'design_a': 'No', 'design_b': 'Yes', 'wage_b': Decimal('635'), 'wage_a': Decimal('845')}, {'design_a': 'Yes', 'design_b': 'No', 'wage_b': Decimal('600'), 'wage_a': Decimal('465')}, {'design_a': 'Yes', 'design_b': 'No', 'wage_b': Decimal('650'), 'wage_a': Decimal('440')}, {'design_a': 'No', 'design_b': 'Yes', 'wage_b': Decimal('365'), 'wage_a': Decimal('835')}, {'design_a': 'Yes', 'design_b': 'No', 'wage_b': Decimal('725'), 'wage_a': Decimal('430')}, {'design_a': 'No', 'design_b': 'Yes', 'wage_b': Decimal('490'), 'wage_a': Decimal('805')}, {'design_a': 'No', 'design_b': 'Yes', 'wage_b': Decimal('350'), 'wage_a': Decimal('640')}, {'design_a': 'No', 'design_b': 'Yes', 'wage_b': Decimal('420'), 'wage_a': Decimal('670')}, {'design_a': 'Yes', 'design_b': 'No', 'wage_b': Decimal('745'), 'wage_a': Decimal('495')}, {'design_a': 'Yes', 'design_b': 'No', 'wage_b': Decimal('570'), 'wage_a': Decimal('365')}]",600,0.474597826,0.19369244,4.057772621,2.671138373
2/9/25 7:02,c52b58ac-caa0-4718-9a17-d08aa0bb4ddd,Hindi,Saki Naka,40,Male,Formal,Other,Naka worker ,migrant,alone,Uttar Pradesh,No,Daily,7,700,"['0', '0', '1', '1', '1', '1', '1', '1', '1', '1']","[{'design_a': 'Yes', 'design_b': 'No', 'wage_b': Decimal('865'), 'wage_a': Decimal('550')}, {'design_a': 'No', 'design_b': 'Yes', 'wage_b': Decimal('420'), 'wage_a': Decimal('710')}, {'design_a': 'Yes', 'design_b': 'No', 'wage_b': Decimal('945'), 'wage_a': Decimal('550')}, {'design_a': 'No', 'design_b': 'Yes', 'wage_b': Decimal('475'), 'wage_a': Decimal('745')}, {'design_a': 'Yes', 'design_b': 'No', 'wage_b': Decimal('1030'), 'wage_a': Decimal('635')}, {'design_a': 'No', 'design_b': 'Yes', 'wage_b': Decimal('630'), 'wage_a': Decimal('930')}, {'design_a': 'No', 'design_b': 'Yes', 'wage_b': Decimal('460'), 'wage_a': Decimal('820')}, {'design_a': 'No', 'design_b': 'Yes', 'wage_b': Decimal('415'), 'wage_a': Decimal('670')}, {'design_a': 'Yes', 'design_b': 'No', 'wage_b': Decimal('775'), 'wage_a': Decimal('430')}, {'design_a': 'No', 'design_b': 'Yes', 'wage_b': Decimal('470'), 'wage_a': Decimal('795')}]",700,0.583486459,0.189704654,4.349181738,2.833437485
2/9/25 7:11,49a2c6df-c82c-44c7-bc56-e1a505e5c7da,Hindi,Saki Naka,40,Male,Informal,Other,"Naka worker, loding and unloading ",migrant,alone,Uttar Pradesh,No,Daily,7,700,"['1', '0', '0', '0', '0', '0', '1', '1', '0', '0']","[{'design_a': 'No', 'design_b': 'Yes', 'wage_b': Decimal('540'), 'wage_a': Decimal('775')}, {'design_a': 'No', 'design_b': 'Yes', 'wage_b': Decimal('385'), 'wage_a': Decimal('720')}, {'design_a': 'Yes', 'design_b': 'No', 'wage_b': Decimal('1045'), 'wage_a': Decimal('705')}, {'design_a': 'No', 'design_b': 'Yes', 'wage_b': Decimal('445'), 'wage_a': Decimal('750')}, {'design_a': 'No', 'design_b': 'Yes', 'wage_b': Decimal('495'), 'wage_a': Decimal('775')}, {'design_a': 'Yes', 'design_b': 'No', 'wage_b': Decimal('605'), 'wage_a': Decimal('450')}, {'design_a': 'No', 'design_b': 'Yes', 'wage_b': Decimal('615'), 'wage_a': Decimal('950')}, {'design_a': 'No', 'design_b': 'Yes', 'wage_b': Decimal('635'), 'wage_a': Decimal('940')}, {'design_a': 'Yes', 'design_b': 'No', 'wage_b': Decimal('700'), 'wage_a': Decimal('445')}, {'design_a': 'Yes', 'design_b': 'No', 'wage_b': Decimal('685'), 'wage_a': Decimal('370')}]",700,0.630363886,0.168432928,5.163423411,2.74473467
2/9/25 7:13,bf1b0492-f744-457c-b53e-379b35e81833,Hindi,Saki Naka,42,Male,Formal,Construction,,migrant,alone,Uttar Pradesh,No,Daily,7,700,"['1', '1', '1', '1', '0', '1', '1', '1', '0', '1']","[{'design_a': 'Yes', 'design_b': 'No', 'wage_b': Decimal('975'), 'wage_a': Decimal('580')}, {'design_a': 'Yes', 'design_b': 'No', 'wage_b': Decimal('645'), 'wage_a': Decimal('510')}, {'design_a': 'No', 'design_b': 'Yes', 'wage_b': Decimal('830'), 'wage_a': Decimal('965')}, {'design_a': 'No', 'design_b': 'Yes', 'wage_b': Decimal('805'), 'wage_a': Decimal('1025')}, {'design_a': 'No', 'design_b': 'Yes', 'wage_b': Decimal('580'), 'wage_a': Decimal('995')}, {'design_a': 'Yes', 'design_b': 'No', 'wage_b': Decimal('700'), 'wage_a': Decimal('470')}, {'design_a': 'No', 'design_b': 'Yes', 'wage_b': Decimal('590'), 'wage_a': Decimal('785')}, {'design_a': 'Yes', 'design_b': 'No', 'wage_b': Decimal('825'), 'wage_a': Decimal('595')}, {'design_a': 'Yes', 'design_b': 'No', 'wage_b': Decimal('1010'), 'wage_a': Decimal('735')}, {'design_a': 'No', 'design_b': 'Yes', 'wage_b': Decimal('685'), 'wage_a': Decimal('955')}]",700,0.364874751,0.179459021,5.080739739,2.87700843
2/9/25 7:47,09328eab-b649-47f8-accf-144ae41776a3,Hindi,Saki Naka,45,Male,Formal,Other,Renting loading unloading equipment ,migrant,alone,Uttar Pradesh,No,Monthly,5,18000,"['0', '1', '1', '1', '1', '0', '0', '1', '1', '0']","[{'design_a': 'No', 'design_b': 'Yes', 'wage_b': Decimal('17200'), 'wage_a': Decimal('22900')}, {'design_a': 'Yes', 'design_b': 'No', 'wage_b': Decimal('26200'), 'wage_a': Decimal('21300')}, {'design_a': 'Yes', 'design_b': 'No', 'wage_b': Decimal('20600'), 'wage_a': Decimal('17300')}, {'design_a': 'Yes', 'design_b': 'No', 'wage_b': Decimal('19000'), 'wage_a': Decimal('15200')}, {'design_a': 'Yes', 'design_b': 'No', 'wage_b': Decimal('25600'), 'wage_a': Decimal('23000')}, {'design_a': 'No', 'design_b': 'Yes', 'wage_b': Decimal('14500'), 'wage_a': Decimal('15700')}, {'design_a': 'Yes', 'design_b': 'No', 'wage_b': Decimal('26900'), 'wage_a': Decimal('26100')}, {'design_a': 'Yes', 'design_b': 'No', 'wage_b': Decimal('23700'), 'wage_a': Decimal('22600')}, {'design_a': 'No', 'design_b': 'Yes', 'wage_b': Decimal('25600'), 'wage_a': Decimal('26200')}, {'design_a': 'No', 'design_b': 'Yes', 'wage_b': Decimal('24400'), 'wage_a': Decimal('26600')}]",18000,0.088380813,0.131117721,6.353730047,2.883535515
2/9/25 8:03,378913d9-95fa-4482-acf2-941d805090f5,Hindi,Saki Naka,45,Male,Informal,Other,Loding and unloading rent contract ,migrant,family,Uttar Pradesh,No,Monthly,5,18000,"['1', '1', '0', '1', '1', '0', '1', '1', '0', '0']","[{'design_a': 'No', 'design_b': 'Yes', 'wage_b': Decimal('16300'), 'wage_a': Decimal('25400')}, {'design_a': 'Yes', 'design_b': 'No', 'wage_b': Decimal('20400'), 'wage_a': Decimal('10500')}, {'design_a': 'Yes', 'design_b': 'No', 'wage_b': Decimal('25500'), 'wage_a': Decimal('14300')}, {'design_a': 'Yes', 'design_b': 'No', 'wage_b': Decimal('22800'), 'wage_a': Decimal('12100')}, {'design_a': 'No', 'design_b': 'Yes', 'wage_b': Decimal('11000'), 'wage_a': Decimal('18200')}, {'design_a': 'Yes', 'design_b': 'No', 'wage_b': Decimal('26200'), 'wage_a': Decimal('15400')}, {'design_a': 'Yes', 'design_b': 'No', 'wage_b': Decimal('21500'), 'wage_a': Decimal('11800')}, {'design_a': 'No', 'design_b': 'Yes', 'wage_b': Decimal('13900'), 'wage_a': Decimal('26900')}, {'design_a': 'Yes', 'design_b': 'No', 'wage_b': Decimal('18000'), 'wage_a': Decimal('9300')}, {'design_a': 'Yes', 'design_b': 'No', 'wage_b': Decimal('22700'), 'wage_a': Decimal('12300')}]",18000,0.719403748,0.159759985,5.019411497,2.782760209
2/17/25 8:36,17fd8c53-dc15-4c04-84f7-40ab160a5b39,Hindi,Vatva,36,Male,Formal,Chemical,,local,,,No,Monthly,6,23000,"['0', '1', '1', '1', '0', '0', '0', '1', '0', '0']","[{'design_a': 'No', 'design_b': 'Yes', 'wage_b': Decimal('17700'), 'wage_a': Decimal('31200')}, {'design_a': 'Yes', 'design_b': 'No', 'wage_b': Decimal('33100'), 'wage_a': Decimal('22800')}, {'design_a': 'Yes', 'design_b': 'No', 'wage_b': Decimal('23400'), 'wage_a': Decimal('19200')}, {'design_a': 'No', 'design_b': 'Yes', 'wage_b': Decimal('16300'), 'wage_a': Decimal('18300')}, {'design_a': 'Yes', 'design_b': 'No', 'wage_b': Decimal('20200'), 'wage_a': Decimal('17600')}, {'design_a': 'No', 'design_b': 'Yes', 'wage_b': Decimal('24800'), 'wage_a': Decimal('33100')}, {'design_a': 'No', 'design_b': 'Yes', 'wage_b': Decimal('29600'), 'wage_a': Decimal('34400')}, {'design_a': 'Yes', 'design_b': 'No', 'wage_b': Decimal('25100'), 'wage_a': Decimal('20500')}, {'design_a': 'No', 'design_b': 'Yes', 'wage_b': Decimal('23500'), 'wage_a': Decimal('27700')}, {'design_a': 'No', 'design_b': 'Yes', 'wage_b': Decimal('26800'), 'wage_a': Decimal('30600')}]",23000,0.102427734,0.106392532,6.465484614,2.603427307
2/20/25 9:43,636f8bf2-576f-4e78-992b-beb156d39ce3,Hindi,Bhosari,22,Male,Informal,Automotive,,migrant,alone,West Bengal,Partly,Monthly,4,19000,"['1', '0', '0', '1', '1', '1', '0', '1', '0', '1']","[{'design_a': 'Yes', 'design_b': 'No', 'wage_b': Decimal('24700'), 'wage_a': Decimal('15800')}, {'design_a': 'No', 'design_b': 'Yes', 'wage_b': Decimal('13300'), 'wage_a': Decimal('18600')}, {'design_a': 'Yes', 'design_b': 'No', 'wage_b': Decimal('16400'), 'wage_a': Decimal('13500')}, {'design_a': 'Yes', 'design_b': 'No', 'wage_b': Decimal('22700'), 'wage_a': Decimal('17200')}, {'design_a': 'Yes', 'design_b': 'No', 'wage_b': Decimal('19200'), 'wage_a': Decimal('15700')}, {'design_a': 'No', 'design_b': 'Yes', 'wage_b': Decimal('21600'), 'wage_a': Decimal('26100')}, {'design_a': 'No', 'design_b': 'Yes', 'wage_b': Decimal('18500'), 'wage_a': Decimal('24500')}, {'design_a': 'No', 'design_b': 'Yes', 'wage_b': Decimal('18800'), 'wage_a': Decimal('25200')}, {'design_a': 'No', 'design_b': 'Yes', 'wage_b': Decimal('16200'), 'wage_a': Decimal('19800')}, {'design_a': 'Yes', 'design_b': 'No', 'wage_b': Decimal('17200'), 'wage_a': Decimal('11200')}]",19000,0.191032698,0.146555682,5.286396957,2.823085971
2/20/25 9:47,b397790b-dd80-48ff-b5d6-d9fce5479326,Hindi,Bhosari,35,Male,Informal,Automotive,,migrant,alone,Bihar,No,Monthly,5,18000,"['1', '0', '1', '0', '0', '1', '0', '0', '1', '0']","[{'design_a': 'Yes', 'design_b': 'No', 'wage_b': Decimal('24200'), 'wage_a': Decimal('15400')}, {'design_a': 'No', 'design_b': 'Yes', 'wage_b': Decimal('10100'), 'wage_a': Decimal('13200')}, {'design_a': 'Yes', 'design_b': 'No', 'wage_b': Decimal('18800'), 'wage_a': Decimal('16800')}, {'design_a': 'Yes', 'design_b': 'No', 'wage_b': Decimal('24100'), 'wage_a': Decimal('22800')}, {'design_a': 'Yes', 'design_b': 'No', 'wage_b': Decimal('19200'), 'wage_a': Decimal('17500')}, {'design_a': 'No', 'design_b': 'Yes', 'wage_b': Decimal('20300'), 'wage_a': Decimal('26800')}, {'design_a': 'No', 'design_b': 'Yes', 'wage_b': Decimal('16200'), 'wage_a': Decimal('24200')}, {'design_a': 'Yes', 'design_b': 'No', 'wage_b': Decimal('25700'), 'wage_a': Decimal('19600')}, {'design_a': 'No', 'design_b': 'Yes', 'wage_b': Decimal('17000'), 'wage_a': Decimal('25400')}, {'design_a': 'No', 'design_b': 'Yes', 'wage_b': Decimal('15000'), 'wage_a': Decimal('23600')}]",18000,0.341220407,0.200228465,4.093465692,2.702466936
2/20/25 9:52,80960286-036f-4c6a-9882-755a1294dad8,Hindi,Bhosari,35,Male,Informal,Automotive,,migrant,alone,Bihar,No,Monthly,5,25000,"['1', '1', '0', '0', '0', '1', '1', '0', '0', '0']","[{'design_a': 'Yes', 'design_b': 'No', 'wage_b': Decimal('33100'), 'wage_a': Decimal('19000')}, {'design_a': 'Yes', 'design_b': 'No', 'wage_b': Decimal('24200'), 'wage_a': Decimal('17500')}, {'design_a': 'Yes', 'design_b': 'No', 'wage_b': Decimal('37100'), 'wage_a': Decimal('30800')}, {'design_a': 'No', 'design_b': 'Yes', 'wage_b': Decimal('14300'), 'wage_a': Decimal('18900')}, {'design_a': 'No', 'design_b': 'Yes', 'wage_b': Decimal('24400'), 'wage_a': Decimal('31100')}, {'design_a': 'Yes', 'design_b': 'No', 'wage_b': Decimal('20200'), 'wage_a': Decimal('16100')}, {'design_a': 'Yes', 'design_b': 'No', 'wage_b': Decimal('21700'), 'wage_a': Decimal('19500')}, {'design_a': 'No', 'design_b': 'Yes', 'wage_b': Decimal('32900'), 'wage_a': Decimal('36900')}, {'design_a': 'Yes', 'design_b': 'No', 'wage_b': Decimal('32400'), 'wage_a': Decimal('30300')}, {'design_a': 'Yes', 'design_b': 'No', 'wage_b': Decimal('30200'), 'wage_a': Decimal('25800')}]",25000,0.150695345,0.136806589,5.621516686,2.68915319
3/23/25 5:41,bd611820-f097-424d-b2d8-ccfa7a9a0238,Hindi,Saki Naka,40,Male,Informal,Other,Plastering ,migrant,alone,Uttar Pradesh,No,Monthly,4,30000,"['1', '0', '1', '0', '1', '0', '1', '0', '1', '0']","[{'design_a': 'Yes', 'design_b': 'No', 'wage_b': Decimal('42800'), 'wage_a': Decimal('25400')}, {'design_a': 'No', 'design_b': 'Yes', 'wage_b': Decimal('24900'), 'wage_a': Decimal('35100')}, {'design_a': 'Yes', 'design_b': 'No', 'wage_b': Decimal('37600'), 'wage_a': Decimal('30000')}, {'design_a': 'Yes', 'design_b': 'No', 'wage_b': Decimal('20900'), 'wage_a': Decimal('18500')}, {'design_a': 'Yes', 'design_b': 'No', 'wage_b': Decimal('43100'), 'wage_a': Decimal('35900')}, {'design_a': 'No', 'design_b': 'Yes', 'wage_b': Decimal('31100'), 'wage_a': Decimal('36500')}, {'design_a': 'Yes', 'design_b': 'No', 'wage_b': Decimal('32400'), 'wage_a': Decimal('29400')}, {'design_a': 'No', 'design_b': 'Yes', 'wage_b': Decimal('15900'), 'wage_a': Decimal('16600')}, {'design_a': 'Yes', 'design_b': 'No', 'wage_b': Decimal('27600'), 'wage_a': Decimal('27200')}, {'design_a': 'No', 'design_b': 'Yes', 'wage_b': Decimal('37700'), 'wage_a': Decimal('40100')}]",30000,0.085561268,0.121068409,5.823263683,2.844116121
3/23/25 5:42,c26f7f0d-deb1-4253-af41-a85389271216,Hindi,Saki Naka,40,Male,Informal,Construction,,migrant,alone,Uttar Pradesh,No,Monthly,4,30000,"['1', '0', '1', '1', '1', '1', '1', '0', '1', '1']","[{'design_a': 'Yes', 'design_b': 'No', 'wage_b': Decimal('36000'), 'wage_a': Decimal('21100')}, {'design_a': 'No', 'design_b': 'Yes', 'wage_b': Decimal('34200'), 'wage_a': Decimal('43600')}, {'design_a': 'Yes', 'design_b': 'No', 'wage_b': Decimal('34500'), 'wage_a': Decimal('29600')}, {'design_a': 'Yes', 'design_b': 'No', 'wage_b': Decimal('42700'), 'wage_a': Decimal('37400')}, {'design_a': 'Yes', 'design_b': 'No', 'wage_b': Decimal('32800'), 'wage_a': Decimal('28100')}, {'design_a': 'Yes', 'design_b': 'No', 'wage_b': Decimal('26200'), 'wage_a': Decimal('24600')}, {'design_a': 'No', 'design_b': 'Yes', 'wage_b': Decimal('32800'), 'wage_a': Decimal('34600')}, {'design_a': 'No', 'design_b': 'Yes', 'wage_b': Decimal('34700'), 'wage_a': Decimal('36800')}, {'design_a': 'Yes', 'design_b': 'No', 'wage_b': Decimal('17100'), 'wage_a': Decimal('16500')}, {'design_a': 'No', 'design_b': 'Yes', 'wage_b': Decimal('39700'), 'wage_a': Decimal('40500')}]",30000,0.102771077,0.146709551,5.736259909,2.977857717
3/23/25 5:46,a93bf810-6d88-4de0-9f67-fd7ff2c87fbe,Hindi,Saki Naka,40,Male,Informal,Construction,,migrant,alone,Uttar Pradesh,No,Daily,4,1400,"['1', '1', '1', '1', '1', '1', '1', '0', '0', '0']","[{'design_a': 'Yes', 'design_b': 'No', 'wage_b': Decimal('1290'), 'wage_a': Decimal('925')}, {'design_a': 'Yes', 'design_b': 'No', 'wage_b': Decimal('1225'), 'wage_a': Decimal('980')}, {'design_a': 'No', 'design_b': 'Yes', 'wage_b': Decimal('1490'), 'wage_a': Decimal('1685')}, {'design_a': 'Yes', 'design_b': 'No', 'wage_b': Decimal('1425'), 'wage_a': Decimal('1215')}, {'design_a': 'No', 'design_b': 'Yes', 'wage_b': Decimal('940'), 'wage_a': Decimal('1070')}, {'design_a': 'Yes', 'design_b': 'No', 'wage_b': Decimal('1560'), 'wage_a': Decimal('1340')}, {'design_a': 'No', 'design_b': 'Yes', 'wage_b': Decimal('1410'), 'wage_a': Decimal('1670')}, {'design_a': 'No', 'design_b': 'Yes', 'wage_b': Decimal('1220'), 'wage_a': Decimal('1455')}, {'design_a': 'No', 'design_b': 'Yes', 'wage_b': Decimal('835'), 'wage_a': Decimal('1215')}, {'design_a': 'No', 'design_b': 'Yes', 'wage_b': Decimal('1725'), 'wage_a': Decimal('2050')}]",1400,0.155841761,0.15685121,5.566516454,2.914524639
3/23/25 6:13,fdf4d53a-79ac-4899-b0b3-0158d667b3e6,Hindi,Saki Naka,40,Male,Informal,Other,Loading unloading,migrant,alone,Uttar Pradesh,No,Daily,4,700,"['1', '0', '1', '0', '0', '0', '1', '0', '0', '0']","[{'design_a': 'Yes', 'design_b': 'No', 'wage_b': Decimal('855'), 'wage_a': Decimal('525')}, {'design_a': 'No', 'design_b': 'Yes', 'wage_b': Decimal('705'), 'wage_a': Decimal('905')}, {'design_a': 'Yes', 'design_b': 'No', 'wage_b': Decimal('805'), 'wage_a': Decimal('635')}, {'design_a': 'Yes', 'design_b': 'No', 'wage_b': Decimal('980'), 'wage_a': Decimal('930')}, {'design_a': 'No', 'design_b': 'Yes', 'wage_b': Decimal('685'), 'wage_a': Decimal('870')}, {'design_a': 'No', 'design_b': 'Yes', 'wage_b': Decimal('510'), 'wage_a': Decimal('600')}, {'design_a': 'Yes', 'design_b': 'No', 'wage_b': Decimal('475'), 'wage_a': Decimal('420')}, {'design_a': 'Yes', 'design_b': 'No', 'wage_b': Decimal('760'), 'wage_a': Decimal('685')}, {'design_a': 'No', 'design_b': 'Yes', 'wage_b': Decimal('810'), 'wage_a': Decimal('900')}, {'design_a': 'No', 'design_b': 'Yes', 'wage_b': Decimal('765'), 'wage_a': Decimal('895')}]",700,0.096909896,0.11261449,6.413230582,2.725314511
3/23/25 6:18,421c9746-471e-49bf-89f7-3591e65b37e9,Hindi,Saki Naka,40,Male,Informal,Other,40,migrant,alone,Uttar Pradesh,Yes,Daily,4,700,"['1', '0', '0', '0', '0', '0', '0', '0', '1', '0']","[{'design_a': 'Yes', 'design_b': 'No', 'wage_b': Decimal('955'), 'wage_a': Decimal('455')}, {'design_a': 'No', 'design_b': 'Yes', 'wage_b': Decimal('460'), 'wage_a': Decimal('685')}, {'design_a': 'No', 'design_b': 'Yes', 'wage_b': Decimal('350'), 'wage_a': Decimal('480')}, {'design_a': 'Yes', 'design_b': 'No', 'wage_b': Decimal('1040'), 'wage_a': Decimal('895')}, {'design_a': 'No', 'design_b': 'Yes', 'wage_b': Decimal('360'), 'wage_a': Decimal('460')}, {'design_a': 'Yes', 'design_b': 'No', 'wage_b': Decimal('1050'), 'wage_a': Decimal('870')}, {'design_a': 'Yes', 'design_b': 'No', 'wage_b': Decimal('545'), 'wage_a': Decimal('440')}, {'design_a': 'No', 'design_b': 'Yes', 'wage_b': Decimal('575'), 'wage_a': Decimal('735')}, {'design_a': 'No', 'design_b': 'Yes', 'wage_b': Decimal('765'), 'wage_a': Decimal('925')}, {'design_a': 'No', 'design_b': 'Yes', 'wage_b': Decimal('665'), 'wage_a': Decimal('975')}]",700,0.249766346,0.152070077,5.9011734,2.703955589
3/23/25 6:47,06c4d29c-a6d1-45db-8dbe-9ba699da86f1,Hindi,Saki Naka,45,Male,Informal,Other,Packing Company ,migrant,alone,Uttar Pradesh,No,Monthly,11,20000,"['1', '0', '1', '1', '0', '1', '1', '1', '0', '1']","[{'design_a': 'Yes', 'design_b': 'No', 'wage_b': Decimal('21900'), 'wage_a': Decimal('13400')}, {'design_a': 'Yes', 'design_b': 'No', 'wage_b': Decimal('23500'), 'wage_a': Decimal('17900')}, {'design_a': 'Yes', 'design_b': 'No', 'wage_b': Decimal('28600'), 'wage_a': Decimal('21000')}, {'design_a': 'Yes', 'design_b': 'No', 'wage_b': Decimal('28000'), 'wage_a': Decimal('21700')}, {'design_a': 'No', 'design_b': 'Yes', 'wage_b': Decimal('18700'), 'wage_a': Decimal('22200')}, {'design_a': 'Yes', 'design_b': 'No', 'wage_b': Decimal('20000'), 'wage_a': Decimal('16400')}, {'design_a': 'No', 'design_b': 'Yes', 'wage_b': Decimal('20200'), 'wage_a': Decimal('22600')}, {'design_a': 'Yes', 'design_b': 'No', 'wage_b': Decimal('19800'), 'wage_a': Decimal('17300')}, {'design_a': 'No', 'design_b': 'Yes', 'wage_b': Decimal('12400'), 'wage_a': Decimal('15100')}, {'design_a': 'No', 'design_b': 'Yes', 'wage_b': Decimal('14000'), 'wage_a': Decimal('15800')}]",20000,0.169375228,0.162046461,5.170160172,2.904187953
3/23/25 6:48,da99475a-3da7-4d43-8465-9acb42244544,Hindi,Saki Naka,45,Male,Formal,Other,packaging,migrant,alone,Uttar Pradesh,Partly,Monthly,11,20000,"['1', '1', '0', '0', '1', '1', '0', '1', '0', '0']","[{'design_a': 'Yes', 'design_b': 'No', 'wage_b': Decimal('17400'), 'wage_a': Decimal('11300')}, {'design_a': 'Yes', 'design_b': 'No', 'wage_b': Decimal('27000'), 'wage_a': Decimal('21200')}, {'design_a': 'No', 'design_b': 'Yes', 'wage_b': Decimal('12500'), 'wage_a': Decimal('14900')}, {'design_a': 'Yes', 'design_b': 'No', 'wage_b': Decimal('25600'), 'wage_a': Decimal('21700')}, {'design_a': 'No', 'design_b': 'Yes', 'wage_b': Decimal('18800'), 'wage_a': Decimal('23000')}, {'design_a': 'Yes', 'design_b': 'No', 'wage_b': Decimal('17300'), 'wage_a': Decimal('13400')}, {'design_a': 'Yes', 'design_b': 'No', 'wage_b': Decimal('29000'), 'wage_a': Decimal('23200')}, {'design_a': 'No', 'design_b': 'Yes', 'wage_b': Decimal('17600'), 'wage_a': Decimal('23900')}, {'design_a': 'No', 'design_b': 'Yes', 'wage_b': Decimal('10200'), 'wage_a': Decimal('14100')}, {'design_a': 'Yes', 'design_b': 'No', 'wage_b': Decimal('20600'), 'wage_a': Decimal('14700')}]",20000,0.34357592,0.216285657,3.606730516,2.69489689
3/23/25 7:51,37f67968-dcf4-4f47-a4d8-4117225c2b98,Hindi,Saki Naka,40,Male,Informal,Other,Painting,migrant,alone,Uttar Pradesh,No,Daily,4,800,"['0', '1', '1', '1', '1', '1', '0', '0', '1', '0']","[{'design_a': 'No', 'design_b': 'Yes', 'wage_b': Decimal('625'), 'wage_a': Decimal('1010')}, {'design_a': 'Yes', 'design_b': 'No', 'wage_b': Decimal('860'), 'wage_a': Decimal('615')}, {'design_a': 'Yes', 'design_b': 'No', 'wage_b': Decimal('1075'), 'wage_a': Decimal('895')}, {'design_a': 'Yes', 'design_b': 'No', 'wage_b': Decimal('615'), 'wage_a': Decimal('495')}, {'design_a': 'Yes', 'design_b': 'No', 'wage_b': Decimal('860'), 'wage_a': Decimal('790')}, {'design_a': 'Yes', 'design_b': 'No', 'wage_b': Decimal('1085'), 'wage_a': Decimal('985')}, {'design_a': 'No', 'design_b': 'Yes', 'wage_b': Decimal('685'), 'wage_a': Decimal('715')}, {'design_a': 'No', 'design_b': 'Yes', 'wage_b': Decimal('865'), 'wage_a': Decimal('935')}, {'design_a': 'Yes', 'design_b': 'No', 'wage_b': Decimal('860'), 'wage_a': Decimal('730')}, {'design_a': 'No', 'design_b': 'Yes', 'wage_b': Decimal('860'), 'wage_a': Decimal('910')}]",800,0.061377653,0.09231138,6.536555027,2.609520877
3/23/25 7:59,0c5043ac-4a78-429a-bbad-031b319e9dc5,Hindi,Saki Naka,50,Male,Informal,Construction,,migrant,alone,Uttar Pradesh,No,Daily,4,800,"['1', '1', '1', '1', '0', '0', '1', '1', '1', '1']","[{'design_a': 'Yes', 'design_b': 'No', 'wage_b': Decimal('925'), 'wage_a': Decimal('555')}, {'design_a': 'Yes', 'design_b': 'No', 'wage_b': Decimal('1165'), 'wage_a': Decimal('830')}, {'design_a': 'No', 'design_b': 'Yes', 'wage_b': Decimal('735'), 'wage_a': Decimal('890')}, {'design_a': 'Yes', 'design_b': 'No', 'wage_b': Decimal('640'), 'wage_a': Decimal('475')}, {'design_a': 'No', 'design_b': 'Yes', 'wage_b': Decimal('595'), 'wage_a': Decimal('760')}, {'design_a': 'Yes', 'design_b': 'No', 'wage_b': Decimal('1040'), 'wage_a': Decimal('905')}, {'design_a': 'Yes', 'design_b': 'No', 'wage_b': Decimal('960'), 'wage_a': Decimal('780')}, {'design_a': 'Yes', 'design_b': 'No', 'wage_b': Decimal('720'), 'wage_a': Decimal('605')}, {'design_a': 'No', 'design_b': 'Yes', 'wage_b': Decimal('980'), 'wage_a': Decimal('1085')}, {'design_a': 'Yes', 'design_b': 'No', 'wage_b': Decimal('945'), 'wage_a': Decimal('785')}]",800,0.159116835,0.136078613,6.098022176,2.795752164
3/23/25 9:04,df62dfc4-ff7c-49d6-b0b0-0d89ab9828a1,Hindi,Saki Naka,24,Male,Formal,Garment,,migrant,alone,Uttar Pradesh,No,Monthly,3,25000,"['1', '0', '1', '0', '0', '1', '1', '0', '1', '0']","[{'design_a': 'Yes', 'design_b': 'No', 'wage_b': Decimal('26300'), 'wage_a': Decimal('16700')}, {'design_a': 'No', 'design_b': 'Yes', 'wage_b': Decimal('23100'), 'wage_a': Decimal('30600')}, {'design_a': 'Yes', 'design_b': 'No', 'wage_b': Decimal('31800'), 'wage_a': Decimal('26500')}, {'design_a': 'No', 'design_b': 'Yes', 'wage_b': Decimal('13100'), 'wage_a': Decimal('14900')}, {'design_a': 'No', 'design_b': 'Yes', 'wage_b': Decimal('15800'), 'wage_a': Decimal('17400')}, {'design_a': 'Yes', 'design_b': 'No', 'wage_b': Decimal('16300'), 'wage_a': Decimal('15300')}, {'design_a': 'No', 'design_b': 'Yes', 'wage_b': Decimal('14100'), 'wage_a': Decimal('14300')}, {'design_a': 'No', 'design_b': 'Yes', 'wage_b': Decimal('15600'), 'wage_a': Decimal('16400')}, {'design_a': 'No', 'design_b': 'Yes', 'wage_b': Decimal('36000'), 'wage_a': Decimal('36500')}, {'design_a': 'No', 'design_b': 'Yes', 'wage_b': Decimal('18900'), 'wage_a': Decimal('21700')}]",25000,0.088822357,0.122517992,6.181901582,2.780038256
3/23/25 9:16,91f566c3-152b-4399-b685-b12798aa70ce,Hindi,Saki Naka,24,Male,Informal,Garment,,migrant,alone,Uttar Pradesh,No,Monthly,3,25000,"['1', '0', '1', '0', '0', '1', '1', '1', '1', '0']","[{'design_a': 'Yes', 'design_b': 'No', 'wage_b': Decimal('35100'), 'wage_a': Decimal('18800')}, {'design_a': 'No', 'design_b': 'Yes', 'wage_b': Decimal('16200'), 'wage_a': Decimal('23100')}, {'design_a': 'Yes', 'design_b': 'No', 'wage_b': Decimal('37300'), 'wage_a': Decimal('30300')}, {'design_a': 'No', 'design_b': 'Yes', 'wage_b': Decimal('28500'), 'wage_a': Decimal('32400')}, {'design_a': 'No', 'design_b': 'Yes', 'wage_b': Decimal('31500'), 'wage_a': Decimal('34800')}, {'design_a': 'Yes', 'design_b': 'No', 'wage_b': Decimal('37200'), 'wage_a': Decimal('35800')}, {'design_a': 'Yes', 'design_b': 'No', 'wage_b': Decimal('27800'), 'wage_a': Decimal('27300')}, {'design_a': 'Yes', 'design_b': 'No', 'wage_b': Decimal('21900'), 'wage_a': Decimal('18900')}, {'design_a': 'No', 'design_b': 'Yes', 'wage_b': Decimal('31400'), 'wage_a': Decimal('33400')}, {'design_a': 'No', 'design_b': 'Yes', 'wage_b': Decimal('22600'), 'wage_a': Decimal('23700')}]",25000,0.094033594,0.145486415,5.917719548,2.952577774